"","Species","Year","Week","Week.Sum","Year.Sum","fYear","Prop.Year","fSpecies","Quantity","Rank","SpawnTemp"
"1463","Bigmouth Buffalo",2007,20,6,10,"2007",0.6,"Bigmouth Buffalo",139,"Low","Warm"
"1464","Bigmouth Buffalo",2007,13,0,10,"2007",0,"Bigmouth Buffalo",139,"Low","Warm"
"1465","Bigmouth Buffalo",2007,35,0,10,"2007",0,"Bigmouth Buffalo",139,"Low","Warm"
"1466","Bigmouth Buffalo",2007,22,1,10,"2007",0.1,"Bigmouth Buffalo",139,"Low","Warm"
"1467","Bigmouth Buffalo",2007,17,1,10,"2007",0.1,"Bigmouth Buffalo",139,"Low","Warm"
"1468","Bigmouth Buffalo",2007,21,0,10,"2007",0,"Bigmouth Buffalo",139,"Low","Warm"
"1469","Bigmouth Buffalo",2007,30,0,10,"2007",0,"Bigmouth Buffalo",139,"Low","Warm"
"1470","Bigmouth Buffalo",2007,15,0,10,"2007",0,"Bigmouth Buffalo",139,"Low","Warm"
"1471","Bigmouth Buffalo",2007,16,0,10,"2007",0,"Bigmouth Buffalo",139,"Low","Warm"
"1472","Bigmouth Buffalo",2007,19,0,10,"2007",0,"Bigmouth Buffalo",139,"Low","Warm"
"1473","Bigmouth Buffalo",2007,23,1,10,"2007",0.1,"Bigmouth Buffalo",139,"Low","Warm"
"1474","Bigmouth Buffalo",2007,24,0,10,"2007",0,"Bigmouth Buffalo",139,"Low","Warm"
"1475","Bigmouth Buffalo",2007,12,0,10,"2007",0,"Bigmouth Buffalo",139,"Low","Warm"
"1476","Bigmouth Buffalo",2007,18,0,10,"2007",0,"Bigmouth Buffalo",139,"Low","Warm"
"1477","Bigmouth Buffalo",2007,34,0,10,"2007",0,"Bigmouth Buffalo",139,"Low","Warm"
"1478","Bigmouth Buffalo",2007,32,0,10,"2007",0,"Bigmouth Buffalo",139,"Low","Warm"
"1479","Bigmouth Buffalo",2007,14,0,10,"2007",0,"Bigmouth Buffalo",139,"Low","Warm"
"1480","Bigmouth Buffalo",2007,31,0,10,"2007",0,"Bigmouth Buffalo",139,"Low","Warm"
"1481","Bigmouth Buffalo",2007,25,0,10,"2007",0,"Bigmouth Buffalo",139,"Low","Warm"
"1482","Bigmouth Buffalo",2007,26,0,10,"2007",0,"Bigmouth Buffalo",139,"Low","Warm"
"1483","Bigmouth Buffalo",2007,29,0,10,"2007",0,"Bigmouth Buffalo",139,"Low","Warm"
"1484","Bigmouth Buffalo",2007,28,0,10,"2007",0,"Bigmouth Buffalo",139,"Low","Warm"
"1485","Bigmouth Buffalo",2007,33,0,10,"2007",0,"Bigmouth Buffalo",139,"Low","Warm"
"1486","Bigmouth Buffalo",2007,27,1,10,"2007",0.1,"Bigmouth Buffalo",139,"Low","Warm"
"1487","Bigmouth Buffalo",2008,20,1,20,"2008",0.05,"Bigmouth Buffalo",139,"Low","Warm"
"1488","Bigmouth Buffalo",2008,29,0,20,"2008",0,"Bigmouth Buffalo",139,"Low","Warm"
"1489","Bigmouth Buffalo",2008,32,0,20,"2008",0,"Bigmouth Buffalo",139,"Low","Warm"
"1490","Bigmouth Buffalo",2008,26,0,20,"2008",0,"Bigmouth Buffalo",139,"Low","Warm"
"1491","Bigmouth Buffalo",2008,19,7,20,"2008",0.35,"Bigmouth Buffalo",139,"Low","Warm"
"1492","Bigmouth Buffalo",2008,30,0,20,"2008",0,"Bigmouth Buffalo",139,"Low","Warm"
"1493","Bigmouth Buffalo",2008,14,0,20,"2008",0,"Bigmouth Buffalo",139,"Low","Warm"
"1494","Bigmouth Buffalo",2008,15,0,20,"2008",0,"Bigmouth Buffalo",139,"Low","Warm"
"1495","Bigmouth Buffalo",2008,31,0,20,"2008",0,"Bigmouth Buffalo",139,"Low","Warm"
"1496","Bigmouth Buffalo",2008,17,5,20,"2008",0.25,"Bigmouth Buffalo",139,"Low","Warm"
"1497","Bigmouth Buffalo",2008,34,0,20,"2008",0,"Bigmouth Buffalo",139,"Low","Warm"
"1498","Bigmouth Buffalo",2008,25,1,20,"2008",0.05,"Bigmouth Buffalo",139,"Low","Warm"
"1499","Bigmouth Buffalo",2008,21,1,20,"2008",0.05,"Bigmouth Buffalo",139,"Low","Warm"
"1500","Bigmouth Buffalo",2008,23,1,20,"2008",0.05,"Bigmouth Buffalo",139,"Low","Warm"
"1501","Bigmouth Buffalo",2008,16,0,20,"2008",0,"Bigmouth Buffalo",139,"Low","Warm"
"1502","Bigmouth Buffalo",2008,24,0,20,"2008",0,"Bigmouth Buffalo",139,"Low","Warm"
"1503","Bigmouth Buffalo",2008,22,1,20,"2008",0.05,"Bigmouth Buffalo",139,"Low","Warm"
"1504","Bigmouth Buffalo",2008,18,3,20,"2008",0.15,"Bigmouth Buffalo",139,"Low","Warm"
"1505","Bigmouth Buffalo",2008,35,0,20,"2008",0,"Bigmouth Buffalo",139,"Low","Warm"
"1506","Bigmouth Buffalo",2008,28,0,20,"2008",0,"Bigmouth Buffalo",139,"Low","Warm"
"1507","Bigmouth Buffalo",2008,13,0,20,"2008",0,"Bigmouth Buffalo",139,"Low","Warm"
"1508","Bigmouth Buffalo",2008,33,0,20,"2008",0,"Bigmouth Buffalo",139,"Low","Warm"
"1509","Bigmouth Buffalo",2008,27,0,20,"2008",0,"Bigmouth Buffalo",139,"Low","Warm"
"1510","Bigmouth Buffalo",2009,24,0,11,"2009",0,"Bigmouth Buffalo",139,"Low","Warm"
"1511","Bigmouth Buffalo",2009,27,0,11,"2009",0,"Bigmouth Buffalo",139,"Low","Warm"
"1512","Bigmouth Buffalo",2009,23,1,11,"2009",0.0909090909090909,"Bigmouth Buffalo",139,"Low","Warm"
"1513","Bigmouth Buffalo",2009,26,0,11,"2009",0,"Bigmouth Buffalo",139,"Low","Warm"
"1514","Bigmouth Buffalo",2009,25,0,11,"2009",0,"Bigmouth Buffalo",139,"Low","Warm"
"1515","Bigmouth Buffalo",2009,13,0,11,"2009",0,"Bigmouth Buffalo",139,"Low","Warm"
"1516","Bigmouth Buffalo",2009,22,0,11,"2009",0,"Bigmouth Buffalo",139,"Low","Warm"
"1517","Bigmouth Buffalo",2009,12,0,11,"2009",0,"Bigmouth Buffalo",139,"Low","Warm"
"1518","Bigmouth Buffalo",2009,14,1,11,"2009",0.0909090909090909,"Bigmouth Buffalo",139,"Low","Warm"
"1519","Bigmouth Buffalo",2009,35,0,11,"2009",0,"Bigmouth Buffalo",139,"Low","Warm"
"1520","Bigmouth Buffalo",2009,19,2,11,"2009",0.181818181818182,"Bigmouth Buffalo",139,"Low","Warm"
"1521","Bigmouth Buffalo",2009,30,0,11,"2009",0,"Bigmouth Buffalo",139,"Low","Warm"
"1522","Bigmouth Buffalo",2009,31,0,11,"2009",0,"Bigmouth Buffalo",139,"Low","Warm"
"1523","Bigmouth Buffalo",2009,11,0,11,"2009",0,"Bigmouth Buffalo",139,"Low","Warm"
"1524","Bigmouth Buffalo",2009,32,0,11,"2009",0,"Bigmouth Buffalo",139,"Low","Warm"
"1525","Bigmouth Buffalo",2009,15,1,11,"2009",0.0909090909090909,"Bigmouth Buffalo",139,"Low","Warm"
"1526","Bigmouth Buffalo",2009,34,0,11,"2009",0,"Bigmouth Buffalo",139,"Low","Warm"
"1527","Bigmouth Buffalo",2009,20,0,11,"2009",0,"Bigmouth Buffalo",139,"Low","Warm"
"1528","Bigmouth Buffalo",2009,28,0,11,"2009",0,"Bigmouth Buffalo",139,"Low","Warm"
"1529","Bigmouth Buffalo",2009,29,0,11,"2009",0,"Bigmouth Buffalo",139,"Low","Warm"
"1530","Bigmouth Buffalo",2009,33,0,11,"2009",0,"Bigmouth Buffalo",139,"Low","Warm"
"1531","Bigmouth Buffalo",2009,21,3,11,"2009",0.272727272727273,"Bigmouth Buffalo",139,"Low","Warm"
"1532","Bigmouth Buffalo",2009,18,1,11,"2009",0.0909090909090909,"Bigmouth Buffalo",139,"Low","Warm"
"1533","Bigmouth Buffalo",2009,16,0,11,"2009",0,"Bigmouth Buffalo",139,"Low","Warm"
"1534","Bigmouth Buffalo",2009,17,2,11,"2009",0.181818181818182,"Bigmouth Buffalo",139,"Low","Warm"
"1560","Bigmouth Buffalo",2011,28,0,11,"2011",0,"Bigmouth Buffalo",139,"Low","Warm"
"1561","Bigmouth Buffalo",2011,19,2,11,"2011",0.181818181818182,"Bigmouth Buffalo",139,"Low","Warm"
"1562","Bigmouth Buffalo",2011,13,0,11,"2011",0,"Bigmouth Buffalo",139,"Low","Warm"
"1563","Bigmouth Buffalo",2011,32,0,11,"2011",0,"Bigmouth Buffalo",139,"Low","Warm"
"1564","Bigmouth Buffalo",2011,16,0,11,"2011",0,"Bigmouth Buffalo",139,"Low","Warm"
"1565","Bigmouth Buffalo",2011,18,0,11,"2011",0,"Bigmouth Buffalo",139,"Low","Warm"
"1566","Bigmouth Buffalo",2011,29,0,11,"2011",0,"Bigmouth Buffalo",139,"Low","Warm"
"1567","Bigmouth Buffalo",2011,21,1,11,"2011",0.0909090909090909,"Bigmouth Buffalo",139,"Low","Warm"
"1568","Bigmouth Buffalo",2011,20,1,11,"2011",0.0909090909090909,"Bigmouth Buffalo",139,"Low","Warm"
"1569","Bigmouth Buffalo",2011,17,2,11,"2011",0.181818181818182,"Bigmouth Buffalo",139,"Low","Warm"
"1570","Bigmouth Buffalo",2011,15,0,11,"2011",0,"Bigmouth Buffalo",139,"Low","Warm"
"1571","Bigmouth Buffalo",2011,30,0,11,"2011",0,"Bigmouth Buffalo",139,"Low","Warm"
"1572","Bigmouth Buffalo",2011,31,0,11,"2011",0,"Bigmouth Buffalo",139,"Low","Warm"
"1573","Bigmouth Buffalo",2011,12,0,11,"2011",0,"Bigmouth Buffalo",139,"Low","Warm"
"1574","Bigmouth Buffalo",2011,24,0,11,"2011",0,"Bigmouth Buffalo",139,"Low","Warm"
"1575","Bigmouth Buffalo",2011,33,0,11,"2011",0,"Bigmouth Buffalo",139,"Low","Warm"
"1576","Bigmouth Buffalo",2011,25,0,11,"2011",0,"Bigmouth Buffalo",139,"Low","Warm"
"1577","Bigmouth Buffalo",2011,11,0,11,"2011",0,"Bigmouth Buffalo",139,"Low","Warm"
"1578","Bigmouth Buffalo",2011,14,0,11,"2011",0,"Bigmouth Buffalo",139,"Low","Warm"
"1579","Bigmouth Buffalo",2011,35,0,11,"2011",0,"Bigmouth Buffalo",139,"Low","Warm"
"1580","Bigmouth Buffalo",2011,34,0,11,"2011",0,"Bigmouth Buffalo",139,"Low","Warm"
"1581","Bigmouth Buffalo",2011,23,1,11,"2011",0.0909090909090909,"Bigmouth Buffalo",139,"Low","Warm"
"1582","Bigmouth Buffalo",2011,26,3,11,"2011",0.272727272727273,"Bigmouth Buffalo",139,"Low","Warm"
"1583","Bigmouth Buffalo",2011,27,0,11,"2011",0,"Bigmouth Buffalo",139,"Low","Warm"
"1584","Bigmouth Buffalo",2011,22,1,11,"2011",0.0909090909090909,"Bigmouth Buffalo",139,"Low","Warm"
"1708","Bigmouth Buffalo",2017,28,1,37,"2017",0.027027027027027,"Bigmouth Buffalo",139,"Low","Warm"
"1709","Bigmouth Buffalo",2017,35,0,37,"2017",0,"Bigmouth Buffalo",139,"Low","Warm"
"1710","Bigmouth Buffalo",2017,27,1,37,"2017",0.027027027027027,"Bigmouth Buffalo",139,"Low","Warm"
"1711","Bigmouth Buffalo",2017,34,0,37,"2017",0,"Bigmouth Buffalo",139,"Low","Warm"
"1712","Bigmouth Buffalo",2017,23,3,37,"2017",0.0810810810810811,"Bigmouth Buffalo",139,"Low","Warm"
"1713","Bigmouth Buffalo",2017,32,0,37,"2017",0,"Bigmouth Buffalo",139,"Low","Warm"
"1714","Bigmouth Buffalo",2017,12,0,37,"2017",0,"Bigmouth Buffalo",139,"Low","Warm"
"1715","Bigmouth Buffalo",2017,18,2,37,"2017",0.0540540540540541,"Bigmouth Buffalo",139,"Low","Warm"
"1716","Bigmouth Buffalo",2017,29,0,37,"2017",0,"Bigmouth Buffalo",139,"Low","Warm"
"1717","Bigmouth Buffalo",2017,22,4,37,"2017",0.108108108108108,"Bigmouth Buffalo",139,"Low","Warm"
"1718","Bigmouth Buffalo",2017,10,0,37,"2017",0,"Bigmouth Buffalo",139,"Low","Warm"
"1719","Bigmouth Buffalo",2017,16,2,37,"2017",0.0540540540540541,"Bigmouth Buffalo",139,"Low","Warm"
"1720","Bigmouth Buffalo",2017,21,7,37,"2017",0.189189189189189,"Bigmouth Buffalo",139,"Low","Warm"
"1721","Bigmouth Buffalo",2017,15,1,37,"2017",0.027027027027027,"Bigmouth Buffalo",139,"Low","Warm"
"1722","Bigmouth Buffalo",2017,26,0,37,"2017",0,"Bigmouth Buffalo",139,"Low","Warm"
"1723","Bigmouth Buffalo",2017,14,0,37,"2017",0,"Bigmouth Buffalo",139,"Low","Warm"
"1724","Bigmouth Buffalo",2017,19,2,37,"2017",0.0540540540540541,"Bigmouth Buffalo",139,"Low","Warm"
"1725","Bigmouth Buffalo",2017,20,14,37,"2017",0.378378378378378,"Bigmouth Buffalo",139,"Low","Warm"
"1726","Bigmouth Buffalo",2017,17,0,37,"2017",0,"Bigmouth Buffalo",139,"Low","Warm"
"1727","Bigmouth Buffalo",2017,13,0,37,"2017",0,"Bigmouth Buffalo",139,"Low","Warm"
"1728","Bigmouth Buffalo",2017,25,0,37,"2017",0,"Bigmouth Buffalo",139,"Low","Warm"
"1729","Bigmouth Buffalo",2017,30,0,37,"2017",0,"Bigmouth Buffalo",139,"Low","Warm"
"1730","Bigmouth Buffalo",2017,33,0,37,"2017",0,"Bigmouth Buffalo",139,"Low","Warm"
"1731","Bigmouth Buffalo",2017,24,0,37,"2017",0,"Bigmouth Buffalo",139,"Low","Warm"
"1732","Bigmouth Buffalo",2017,31,0,37,"2017",0,"Bigmouth Buffalo",139,"Low","Warm"
"1858","Black Crappie",1997,30,0,18,"1997",0,"Black Crappie",97,"Low","Warm"
"1859","Black Crappie",1997,14,2,18,"1997",0.111111111111111,"Black Crappie",97,"Low","Warm"
"1860","Black Crappie",1997,13,0,18,"1997",0,"Black Crappie",97,"Low","Warm"
"1861","Black Crappie",1997,20,0,18,"1997",0,"Black Crappie",97,"Low","Warm"
"1862","Black Crappie",1997,29,0,18,"1997",0,"Black Crappie",97,"Low","Warm"
"1863","Black Crappie",1997,12,0,18,"1997",0,"Black Crappie",97,"Low","Warm"
"1864","Black Crappie",1997,18,1,18,"1997",0.0555555555555556,"Black Crappie",97,"Low","Warm"
"1865","Black Crappie",1997,28,0,18,"1997",0,"Black Crappie",97,"Low","Warm"
"1866","Black Crappie",1997,22,0,18,"1997",0,"Black Crappie",97,"Low","Warm"
"1867","Black Crappie",1997,21,0,18,"1997",0,"Black Crappie",97,"Low","Warm"
"1868","Black Crappie",1997,24,0,18,"1997",0,"Black Crappie",97,"Low","Warm"
"1869","Black Crappie",1997,33,3,18,"1997",0.166666666666667,"Black Crappie",97,"Low","Warm"
"1870","Black Crappie",1997,34,0,18,"1997",0,"Black Crappie",97,"Low","Warm"
"1871","Black Crappie",1997,26,1,18,"1997",0.0555555555555556,"Black Crappie",97,"Low","Warm"
"1872","Black Crappie",1997,27,1,18,"1997",0.0555555555555556,"Black Crappie",97,"Low","Warm"
"1873","Black Crappie",1997,23,0,18,"1997",0,"Black Crappie",97,"Low","Warm"
"1874","Black Crappie",1997,15,2,18,"1997",0.111111111111111,"Black Crappie",97,"Low","Warm"
"1875","Black Crappie",1997,35,0,18,"1997",0,"Black Crappie",97,"Low","Warm"
"1876","Black Crappie",1997,25,1,18,"1997",0.0555555555555556,"Black Crappie",97,"Low","Warm"
"1877","Black Crappie",1997,31,0,18,"1997",0,"Black Crappie",97,"Low","Warm"
"1878","Black Crappie",1997,32,1,18,"1997",0.0555555555555556,"Black Crappie",97,"Low","Warm"
"1879","Black Crappie",1997,16,0,18,"1997",0,"Black Crappie",97,"Low","Warm"
"1880","Black Crappie",1997,17,5,18,"1997",0.277777777777778,"Black Crappie",97,"Low","Warm"
"1881","Black Crappie",1997,19,1,18,"1997",0.0555555555555556,"Black Crappie",97,"Low","Warm"
"1959","Black Crappie",2002,34,0,14,"2002",0,"Black Crappie",97,"Low","Warm"
"1960","Black Crappie",2002,23,0,14,"2002",0,"Black Crappie",97,"Low","Warm"
"1961","Black Crappie",2002,27,0,14,"2002",0,"Black Crappie",97,"Low","Warm"
"1962","Black Crappie",2002,33,0,14,"2002",0,"Black Crappie",97,"Low","Warm"
"1963","Black Crappie",2002,29,0,14,"2002",0,"Black Crappie",97,"Low","Warm"
"1964","Black Crappie",2002,21,0,14,"2002",0,"Black Crappie",97,"Low","Warm"
"1965","Black Crappie",2002,26,0,14,"2002",0,"Black Crappie",97,"Low","Warm"
"1966","Black Crappie",2002,22,0,14,"2002",0,"Black Crappie",97,"Low","Warm"
"1967","Black Crappie",2002,32,0,14,"2002",0,"Black Crappie",97,"Low","Warm"
"1968","Black Crappie",2002,35,0,14,"2002",0,"Black Crappie",97,"Low","Warm"
"1969","Black Crappie",2002,19,3,14,"2002",0.214285714285714,"Black Crappie",97,"Low","Warm"
"1970","Black Crappie",2002,20,0,14,"2002",0,"Black Crappie",97,"Low","Warm"
"1971","Black Crappie",2002,14,0,14,"2002",0,"Black Crappie",97,"Low","Warm"
"1972","Black Crappie",2002,25,2,14,"2002",0.142857142857143,"Black Crappie",97,"Low","Warm"
"1973","Black Crappie",2002,18,0,14,"2002",0,"Black Crappie",97,"Low","Warm"
"1974","Black Crappie",2002,15,1,14,"2002",0.0714285714285714,"Black Crappie",97,"Low","Warm"
"1975","Black Crappie",2002,10,0,14,"2002",0,"Black Crappie",97,"Low","Warm"
"1976","Black Crappie",2002,24,1,14,"2002",0.0714285714285714,"Black Crappie",97,"Low","Warm"
"1977","Black Crappie",2002,31,0,14,"2002",0,"Black Crappie",97,"Low","Warm"
"1978","Black Crappie",2002,16,6,14,"2002",0.428571428571429,"Black Crappie",97,"Low","Warm"
"1979","Black Crappie",2002,13,0,14,"2002",0,"Black Crappie",97,"Low","Warm"
"1980","Black Crappie",2002,17,1,14,"2002",0.0714285714285714,"Black Crappie",97,"Low","Warm"
"1981","Black Crappie",2002,30,0,14,"2002",0,"Black Crappie",97,"Low","Warm"
"1982","Black Crappie",2002,28,0,14,"2002",0,"Black Crappie",97,"Low","Warm"
"1983","Black Crappie",2002,12,0,14,"2002",0,"Black Crappie",97,"Low","Warm"
"1984","Black Crappie",2002,11,0,14,"2002",0,"Black Crappie",97,"Low","Warm"
"1985","Black Crappie",2003,14,0,20,"2003",0,"Black Crappie",97,"Low","Warm"
"1986","Black Crappie",2003,19,0,20,"2003",0,"Black Crappie",97,"Low","Warm"
"1987","Black Crappie",2003,17,11,20,"2003",0.55,"Black Crappie",97,"Low","Warm"
"1988","Black Crappie",2003,13,0,20,"2003",0,"Black Crappie",97,"Low","Warm"
"1989","Black Crappie",2003,29,0,20,"2003",0,"Black Crappie",97,"Low","Warm"
"1990","Black Crappie",2003,16,1,20,"2003",0.05,"Black Crappie",97,"Low","Warm"
"1991","Black Crappie",2003,20,0,20,"2003",0,"Black Crappie",97,"Low","Warm"
"1992","Black Crappie",2003,33,0,20,"2003",0,"Black Crappie",97,"Low","Warm"
"1993","Black Crappie",2003,21,1,20,"2003",0.05,"Black Crappie",97,"Low","Warm"
"1994","Black Crappie",2003,18,2,20,"2003",0.1,"Black Crappie",97,"Low","Warm"
"1995","Black Crappie",2003,23,0,20,"2003",0,"Black Crappie",97,"Low","Warm"
"1996","Black Crappie",2003,32,0,20,"2003",0,"Black Crappie",97,"Low","Warm"
"1997","Black Crappie",2003,26,0,20,"2003",0,"Black Crappie",97,"Low","Warm"
"1998","Black Crappie",2003,22,2,20,"2003",0.1,"Black Crappie",97,"Low","Warm"
"1999","Black Crappie",2003,15,0,20,"2003",0,"Black Crappie",97,"Low","Warm"
"2000","Black Crappie",2003,30,1,20,"2003",0.05,"Black Crappie",97,"Low","Warm"
"2001","Black Crappie",2003,25,0,20,"2003",0,"Black Crappie",97,"Low","Warm"
"2002","Black Crappie",2003,27,1,20,"2003",0.05,"Black Crappie",97,"Low","Warm"
"2003","Black Crappie",2003,24,0,20,"2003",0,"Black Crappie",97,"Low","Warm"
"2004","Black Crappie",2003,34,0,20,"2003",0,"Black Crappie",97,"Low","Warm"
"2005","Black Crappie",2003,31,0,20,"2003",0,"Black Crappie",97,"Low","Warm"
"2006","Black Crappie",2003,12,0,20,"2003",0,"Black Crappie",97,"Low","Warm"
"2007","Black Crappie",2003,28,1,20,"2003",0.05,"Black Crappie",97,"Low","Warm"
"2008","Black Crappie",2003,35,0,20,"2003",0,"Black Crappie",97,"Low","Warm"
"2009","Black Crappie",2004,33,0,10,"2004",0,"Black Crappie",97,"Low","Warm"
"2010","Black Crappie",2004,18,0,10,"2004",0,"Black Crappie",97,"Low","Warm"
"2011","Black Crappie",2004,14,0,10,"2004",0,"Black Crappie",97,"Low","Warm"
"2012","Black Crappie",2004,24,1,10,"2004",0.1,"Black Crappie",97,"Low","Warm"
"2013","Black Crappie",2004,23,0,10,"2004",0,"Black Crappie",97,"Low","Warm"
"2014","Black Crappie",2004,30,0,10,"2004",0,"Black Crappie",97,"Low","Warm"
"2015","Black Crappie",2004,22,0,10,"2004",0,"Black Crappie",97,"Low","Warm"
"2016","Black Crappie",2004,21,1,10,"2004",0.1,"Black Crappie",97,"Low","Warm"
"2017","Black Crappie",2004,31,0,10,"2004",0,"Black Crappie",97,"Low","Warm"
"2018","Black Crappie",2004,32,0,10,"2004",0,"Black Crappie",97,"Low","Warm"
"2019","Black Crappie",2004,29,0,10,"2004",0,"Black Crappie",97,"Low","Warm"
"2020","Black Crappie",2004,17,1,10,"2004",0.1,"Black Crappie",97,"Low","Warm"
"2021","Black Crappie",2004,12,0,10,"2004",0,"Black Crappie",97,"Low","Warm"
"2022","Black Crappie",2004,28,0,10,"2004",0,"Black Crappie",97,"Low","Warm"
"2023","Black Crappie",2004,15,0,10,"2004",0,"Black Crappie",97,"Low","Warm"
"2024","Black Crappie",2004,27,0,10,"2004",0,"Black Crappie",97,"Low","Warm"
"2025","Black Crappie",2004,19,3,10,"2004",0.3,"Black Crappie",97,"Low","Warm"
"2026","Black Crappie",2004,34,0,10,"2004",0,"Black Crappie",97,"Low","Warm"
"2027","Black Crappie",2004,20,1,10,"2004",0.1,"Black Crappie",97,"Low","Warm"
"2028","Black Crappie",2004,25,0,10,"2004",0,"Black Crappie",97,"Low","Warm"
"2029","Black Crappie",2004,13,1,10,"2004",0.1,"Black Crappie",97,"Low","Warm"
"2030","Black Crappie",2004,35,0,10,"2004",0,"Black Crappie",97,"Low","Warm"
"2031","Black Crappie",2004,16,2,10,"2004",0.2,"Black Crappie",97,"Low","Warm"
"2032","Black Crappie",2004,26,0,10,"2004",0,"Black Crappie",97,"Low","Warm"
"2033","Black Crappie",2005,33,0,12,"2005",0,"Black Crappie",97,"Low","Warm"
"2034","Black Crappie",2005,17,0,12,"2005",0,"Black Crappie",97,"Low","Warm"
"2035","Black Crappie",2005,18,0,12,"2005",0,"Black Crappie",97,"Low","Warm"
"2036","Black Crappie",2005,22,2,12,"2005",0.166666666666667,"Black Crappie",97,"Low","Warm"
"2037","Black Crappie",2005,20,0,12,"2005",0,"Black Crappie",97,"Low","Warm"
"2038","Black Crappie",2005,28,0,12,"2005",0,"Black Crappie",97,"Low","Warm"
"2039","Black Crappie",2005,15,2,12,"2005",0.166666666666667,"Black Crappie",97,"Low","Warm"
"2040","Black Crappie",2005,25,1,12,"2005",0.0833333333333333,"Black Crappie",97,"Low","Warm"
"2041","Black Crappie",2005,30,0,12,"2005",0,"Black Crappie",97,"Low","Warm"
"2042","Black Crappie",2005,19,0,12,"2005",0,"Black Crappie",97,"Low","Warm"
"2043","Black Crappie",2005,34,0,12,"2005",0,"Black Crappie",97,"Low","Warm"
"2044","Black Crappie",2005,31,0,12,"2005",0,"Black Crappie",97,"Low","Warm"
"2045","Black Crappie",2005,35,0,12,"2005",0,"Black Crappie",97,"Low","Warm"
"2046","Black Crappie",2005,13,0,12,"2005",0,"Black Crappie",97,"Low","Warm"
"2047","Black Crappie",2005,23,0,12,"2005",0,"Black Crappie",97,"Low","Warm"
"2048","Black Crappie",2005,24,0,12,"2005",0,"Black Crappie",97,"Low","Warm"
"2049","Black Crappie",2005,29,0,12,"2005",0,"Black Crappie",97,"Low","Warm"
"2050","Black Crappie",2005,12,0,12,"2005",0,"Black Crappie",97,"Low","Warm"
"2051","Black Crappie",2005,21,0,12,"2005",0,"Black Crappie",97,"Low","Warm"
"2052","Black Crappie",2005,27,0,12,"2005",0,"Black Crappie",97,"Low","Warm"
"2053","Black Crappie",2005,14,1,12,"2005",0.0833333333333333,"Black Crappie",97,"Low","Warm"
"2054","Black Crappie",2005,32,0,12,"2005",0,"Black Crappie",97,"Low","Warm"
"2055","Black Crappie",2005,16,6,12,"2005",0.5,"Black Crappie",97,"Low","Warm"
"2056","Black Crappie",2005,26,0,12,"2005",0,"Black Crappie",97,"Low","Warm"
"3715","Bowfin",1997,30,0,21,"1997",0,"Bowfin",2722,"High","Warm"
"3716","Bowfin",1997,13,0,21,"1997",0,"Bowfin",2722,"High","Warm"
"3717","Bowfin",1997,21,0,21,"1997",0,"Bowfin",2722,"High","Warm"
"3718","Bowfin",1997,27,0,21,"1997",0,"Bowfin",2722,"High","Warm"
"3719","Bowfin",1997,34,0,21,"1997",0,"Bowfin",2722,"High","Warm"
"3720","Bowfin",1997,19,4,21,"1997",0.19047619047619,"Bowfin",2722,"High","Warm"
"3721","Bowfin",1997,17,11,21,"1997",0.523809523809524,"Bowfin",2722,"High","Warm"
"3722","Bowfin",1997,22,0,21,"1997",0,"Bowfin",2722,"High","Warm"
"3723","Bowfin",1997,15,0,21,"1997",0,"Bowfin",2722,"High","Warm"
"3724","Bowfin",1997,18,1,21,"1997",0.0476190476190476,"Bowfin",2722,"High","Warm"
"3725","Bowfin",1997,23,1,21,"1997",0.0476190476190476,"Bowfin",2722,"High","Warm"
"3726","Bowfin",1997,35,0,21,"1997",0,"Bowfin",2722,"High","Warm"
"3727","Bowfin",1997,12,0,21,"1997",0,"Bowfin",2722,"High","Warm"
"3728","Bowfin",1997,24,0,21,"1997",0,"Bowfin",2722,"High","Warm"
"3729","Bowfin",1997,28,0,21,"1997",0,"Bowfin",2722,"High","Warm"
"3730","Bowfin",1997,29,2,21,"1997",0.0952380952380952,"Bowfin",2722,"High","Warm"
"3731","Bowfin",1997,25,0,21,"1997",0,"Bowfin",2722,"High","Warm"
"3732","Bowfin",1997,20,0,21,"1997",0,"Bowfin",2722,"High","Warm"
"3733","Bowfin",1997,16,0,21,"1997",0,"Bowfin",2722,"High","Warm"
"3734","Bowfin",1997,26,0,21,"1997",0,"Bowfin",2722,"High","Warm"
"3735","Bowfin",1997,33,0,21,"1997",0,"Bowfin",2722,"High","Warm"
"3736","Bowfin",1997,14,1,21,"1997",0.0476190476190476,"Bowfin",2722,"High","Warm"
"3737","Bowfin",1997,32,1,21,"1997",0.0476190476190476,"Bowfin",2722,"High","Warm"
"3738","Bowfin",1997,31,0,21,"1997",0,"Bowfin",2722,"High","Warm"
"3739","Bowfin",1998,15,0,18,"1998",0,"Bowfin",2722,"High","Warm"
"3740","Bowfin",1998,35,0,18,"1998",0,"Bowfin",2722,"High","Warm"
"3741","Bowfin",1998,34,0,18,"1998",0,"Bowfin",2722,"High","Warm"
"3742","Bowfin",1998,12,0,18,"1998",0,"Bowfin",2722,"High","Warm"
"3743","Bowfin",1998,17,1,18,"1998",0.0555555555555556,"Bowfin",2722,"High","Warm"
"3744","Bowfin",1998,23,0,18,"1998",0,"Bowfin",2722,"High","Warm"
"3745","Bowfin",1998,25,0,18,"1998",0,"Bowfin",2722,"High","Warm"
"3746","Bowfin",1998,20,0,18,"1998",0,"Bowfin",2722,"High","Warm"
"3747","Bowfin",1998,29,0,18,"1998",0,"Bowfin",2722,"High","Warm"
"3748","Bowfin",1998,32,0,18,"1998",0,"Bowfin",2722,"High","Warm"
"3749","Bowfin",1998,16,1,18,"1998",0.0555555555555556,"Bowfin",2722,"High","Warm"
"3750","Bowfin",1998,27,1,18,"1998",0.0555555555555556,"Bowfin",2722,"High","Warm"
"3751","Bowfin",1998,33,1,18,"1998",0.0555555555555556,"Bowfin",2722,"High","Warm"
"3752","Bowfin",1998,18,1,18,"1998",0.0555555555555556,"Bowfin",2722,"High","Warm"
"3753","Bowfin",1998,14,2,18,"1998",0.111111111111111,"Bowfin",2722,"High","Warm"
"3754","Bowfin",1998,31,2,18,"1998",0.111111111111111,"Bowfin",2722,"High","Warm"
"3755","Bowfin",1998,19,0,18,"1998",0,"Bowfin",2722,"High","Warm"
"3756","Bowfin",1998,26,0,18,"1998",0,"Bowfin",2722,"High","Warm"
"3757","Bowfin",1998,13,7,18,"1998",0.388888888888889,"Bowfin",2722,"High","Warm"
"3758","Bowfin",1998,24,0,18,"1998",0,"Bowfin",2722,"High","Warm"
"3759","Bowfin",1998,28,0,18,"1998",0,"Bowfin",2722,"High","Warm"
"3760","Bowfin",1998,10,0,18,"1998",0,"Bowfin",2722,"High","Warm"
"3761","Bowfin",1998,22,0,18,"1998",0,"Bowfin",2722,"High","Warm"
"3762","Bowfin",1998,30,0,18,"1998",0,"Bowfin",2722,"High","Warm"
"3763","Bowfin",1998,21,2,18,"1998",0.111111111111111,"Bowfin",2722,"High","Warm"
"3764","Bowfin",2000,12,0,32,"2000",0,"Bowfin",2722,"High","Warm"
"3765","Bowfin",2000,11,0,32,"2000",0,"Bowfin",2722,"High","Warm"
"3766","Bowfin",2000,31,0,32,"2000",0,"Bowfin",2722,"High","Warm"
"3767","Bowfin",2000,34,1,32,"2000",0.03125,"Bowfin",2722,"High","Warm"
"3768","Bowfin",2000,15,0,32,"2000",0,"Bowfin",2722,"High","Warm"
"3769","Bowfin",2000,10,0,32,"2000",0,"Bowfin",2722,"High","Warm"
"3770","Bowfin",2000,9,0,32,"2000",0,"Bowfin",2722,"High","Warm"
"3771","Bowfin",2000,30,4,32,"2000",0.125,"Bowfin",2722,"High","Warm"
"3772","Bowfin",2000,27,0,32,"2000",0,"Bowfin",2722,"High","Warm"
"3773","Bowfin",2000,32,0,32,"2000",0,"Bowfin",2722,"High","Warm"
"3774","Bowfin",2000,35,0,32,"2000",0,"Bowfin",2722,"High","Warm"
"3775","Bowfin",2000,22,0,32,"2000",0,"Bowfin",2722,"High","Warm"
"3776","Bowfin",2000,25,1,32,"2000",0.03125,"Bowfin",2722,"High","Warm"
"3777","Bowfin",2000,14,1,32,"2000",0.03125,"Bowfin",2722,"High","Warm"
"3778","Bowfin",2000,16,9,32,"2000",0.28125,"Bowfin",2722,"High","Warm"
"3779","Bowfin",2000,17,8,32,"2000",0.25,"Bowfin",2722,"High","Warm"
"3780","Bowfin",2000,26,0,32,"2000",0,"Bowfin",2722,"High","Warm"
"3781","Bowfin",2000,18,0,32,"2000",0,"Bowfin",2722,"High","Warm"
"3782","Bowfin",2000,19,1,32,"2000",0.03125,"Bowfin",2722,"High","Warm"
"3783","Bowfin",2000,28,1,32,"2000",0.03125,"Bowfin",2722,"High","Warm"
"3784","Bowfin",2000,13,1,32,"2000",0.03125,"Bowfin",2722,"High","Warm"
"3785","Bowfin",2000,20,3,32,"2000",0.09375,"Bowfin",2722,"High","Warm"
"3786","Bowfin",2000,23,0,32,"2000",0,"Bowfin",2722,"High","Warm"
"3787","Bowfin",2000,24,0,32,"2000",0,"Bowfin",2722,"High","Warm"
"3788","Bowfin",2000,29,2,32,"2000",0.0625,"Bowfin",2722,"High","Warm"
"3789","Bowfin",2000,33,0,32,"2000",0,"Bowfin",2722,"High","Warm"
"3790","Bowfin",2000,21,0,32,"2000",0,"Bowfin",2722,"High","Warm"
"3791","Bowfin",2001,22,0,56,"2001",0,"Bowfin",2722,"High","Warm"
"3792","Bowfin",2001,17,12,56,"2001",0.214285714285714,"Bowfin",2722,"High","Warm"
"3793","Bowfin",2001,25,1,56,"2001",0.0178571428571429,"Bowfin",2722,"High","Warm"
"3794","Bowfin",2001,27,1,56,"2001",0.0178571428571429,"Bowfin",2722,"High","Warm"
"3795","Bowfin",2001,34,1,56,"2001",0.0178571428571429,"Bowfin",2722,"High","Warm"
"3796","Bowfin",2001,16,1,56,"2001",0.0178571428571429,"Bowfin",2722,"High","Warm"
"3797","Bowfin",2001,15,9,56,"2001",0.160714285714286,"Bowfin",2722,"High","Warm"
"3798","Bowfin",2001,24,1,56,"2001",0.0178571428571429,"Bowfin",2722,"High","Warm"
"3799","Bowfin",2001,32,3,56,"2001",0.0535714285714286,"Bowfin",2722,"High","Warm"
"3800","Bowfin",2001,23,0,56,"2001",0,"Bowfin",2722,"High","Warm"
"3801","Bowfin",2001,19,5,56,"2001",0.0892857142857143,"Bowfin",2722,"High","Warm"
"3802","Bowfin",2001,20,6,56,"2001",0.107142857142857,"Bowfin",2722,"High","Warm"
"3803","Bowfin",2001,21,1,56,"2001",0.0178571428571429,"Bowfin",2722,"High","Warm"
"3804","Bowfin",2001,28,2,56,"2001",0.0357142857142857,"Bowfin",2722,"High","Warm"
"3805","Bowfin",2001,13,0,56,"2001",0,"Bowfin",2722,"High","Warm"
"3806","Bowfin",2001,30,2,56,"2001",0.0357142857142857,"Bowfin",2722,"High","Warm"
"3807","Bowfin",2001,31,1,56,"2001",0.0178571428571429,"Bowfin",2722,"High","Warm"
"3808","Bowfin",2001,18,6,56,"2001",0.107142857142857,"Bowfin",2722,"High","Warm"
"3809","Bowfin",2001,29,0,56,"2001",0,"Bowfin",2722,"High","Warm"
"3810","Bowfin",2001,33,2,56,"2001",0.0357142857142857,"Bowfin",2722,"High","Warm"
"3811","Bowfin",2001,11,0,56,"2001",0,"Bowfin",2722,"High","Warm"
"3812","Bowfin",2001,14,0,56,"2001",0,"Bowfin",2722,"High","Warm"
"3813","Bowfin",2001,12,0,56,"2001",0,"Bowfin",2722,"High","Warm"
"3814","Bowfin",2001,26,0,56,"2001",0,"Bowfin",2722,"High","Warm"
"3815","Bowfin",2001,35,2,56,"2001",0.0357142857142857,"Bowfin",2722,"High","Warm"
"3816","Bowfin",2002,11,0,75,"2002",0,"Bowfin",2722,"High","Warm"
"3817","Bowfin",2002,19,5,75,"2002",0.0666666666666667,"Bowfin",2722,"High","Warm"
"3818","Bowfin",2002,16,16,75,"2002",0.213333333333333,"Bowfin",2722,"High","Warm"
"3819","Bowfin",2002,12,0,75,"2002",0,"Bowfin",2722,"High","Warm"
"3820","Bowfin",2002,17,2,75,"2002",0.0266666666666667,"Bowfin",2722,"High","Warm"
"3821","Bowfin",2002,18,2,75,"2002",0.0266666666666667,"Bowfin",2722,"High","Warm"
"3822","Bowfin",2002,21,0,75,"2002",0,"Bowfin",2722,"High","Warm"
"3823","Bowfin",2002,20,1,75,"2002",0.0133333333333333,"Bowfin",2722,"High","Warm"
"3824","Bowfin",2002,14,0,75,"2002",0,"Bowfin",2722,"High","Warm"
"3825","Bowfin",2002,25,1,75,"2002",0.0133333333333333,"Bowfin",2722,"High","Warm"
"3826","Bowfin",2002,15,17,75,"2002",0.226666666666667,"Bowfin",2722,"High","Warm"
"3827","Bowfin",2002,27,2,75,"2002",0.0266666666666667,"Bowfin",2722,"High","Warm"
"3828","Bowfin",2002,13,0,75,"2002",0,"Bowfin",2722,"High","Warm"
"3829","Bowfin",2002,23,1,75,"2002",0.0133333333333333,"Bowfin",2722,"High","Warm"
"3830","Bowfin",2002,29,4,75,"2002",0.0533333333333333,"Bowfin",2722,"High","Warm"
"3831","Bowfin",2002,34,1,75,"2002",0.0133333333333333,"Bowfin",2722,"High","Warm"
"3832","Bowfin",2002,22,2,75,"2002",0.0266666666666667,"Bowfin",2722,"High","Warm"
"3833","Bowfin",2002,10,0,75,"2002",0,"Bowfin",2722,"High","Warm"
"3834","Bowfin",2002,24,4,75,"2002",0.0533333333333333,"Bowfin",2722,"High","Warm"
"3835","Bowfin",2002,33,3,75,"2002",0.04,"Bowfin",2722,"High","Warm"
"3836","Bowfin",2002,30,2,75,"2002",0.0266666666666667,"Bowfin",2722,"High","Warm"
"3837","Bowfin",2002,28,2,75,"2002",0.0266666666666667,"Bowfin",2722,"High","Warm"
"3838","Bowfin",2002,32,5,75,"2002",0.0666666666666667,"Bowfin",2722,"High","Warm"
"3839","Bowfin",2002,26,1,75,"2002",0.0133333333333333,"Bowfin",2722,"High","Warm"
"3840","Bowfin",2002,31,4,75,"2002",0.0533333333333333,"Bowfin",2722,"High","Warm"
"3841","Bowfin",2002,35,0,75,"2002",0,"Bowfin",2722,"High","Warm"
"3842","Bowfin",2003,18,10,91,"2003",0.10989010989011,"Bowfin",2722,"High","Warm"
"3843","Bowfin",2003,19,7,91,"2003",0.0769230769230769,"Bowfin",2722,"High","Warm"
"3844","Bowfin",2003,14,0,91,"2003",0,"Bowfin",2722,"High","Warm"
"3845","Bowfin",2003,32,0,91,"2003",0,"Bowfin",2722,"High","Warm"
"3846","Bowfin",2003,23,1,91,"2003",0.010989010989011,"Bowfin",2722,"High","Warm"
"3847","Bowfin",2003,24,1,91,"2003",0.010989010989011,"Bowfin",2722,"High","Warm"
"3848","Bowfin",2003,27,5,91,"2003",0.0549450549450549,"Bowfin",2722,"High","Warm"
"3849","Bowfin",2003,33,1,91,"2003",0.010989010989011,"Bowfin",2722,"High","Warm"
"3850","Bowfin",2003,22,3,91,"2003",0.032967032967033,"Bowfin",2722,"High","Warm"
"3851","Bowfin",2003,17,37,91,"2003",0.406593406593407,"Bowfin",2722,"High","Warm"
"3852","Bowfin",2003,26,1,91,"2003",0.010989010989011,"Bowfin",2722,"High","Warm"
"3853","Bowfin",2003,16,1,91,"2003",0.010989010989011,"Bowfin",2722,"High","Warm"
"3854","Bowfin",2003,12,0,91,"2003",0,"Bowfin",2722,"High","Warm"
"3855","Bowfin",2003,25,3,91,"2003",0.032967032967033,"Bowfin",2722,"High","Warm"
"3856","Bowfin",2003,28,3,91,"2003",0.032967032967033,"Bowfin",2722,"High","Warm"
"3857","Bowfin",2003,21,0,91,"2003",0,"Bowfin",2722,"High","Warm"
"3858","Bowfin",2003,30,7,91,"2003",0.0769230769230769,"Bowfin",2722,"High","Warm"
"3859","Bowfin",2003,13,0,91,"2003",0,"Bowfin",2722,"High","Warm"
"3860","Bowfin",2003,35,2,91,"2003",0.021978021978022,"Bowfin",2722,"High","Warm"
"3861","Bowfin",2003,20,1,91,"2003",0.010989010989011,"Bowfin",2722,"High","Warm"
"3862","Bowfin",2003,15,0,91,"2003",0,"Bowfin",2722,"High","Warm"
"3863","Bowfin",2003,31,2,91,"2003",0.021978021978022,"Bowfin",2722,"High","Warm"
"3864","Bowfin",2003,34,3,91,"2003",0.032967032967033,"Bowfin",2722,"High","Warm"
"3865","Bowfin",2003,29,3,91,"2003",0.032967032967033,"Bowfin",2722,"High","Warm"
"3866","Bowfin",2004,17,5,79,"2004",0.0632911392405063,"Bowfin",2722,"High","Warm"
"3867","Bowfin",2004,14,0,79,"2004",0,"Bowfin",2722,"High","Warm"
"3868","Bowfin",2004,20,6,79,"2004",0.0759493670886076,"Bowfin",2722,"High","Warm"
"3869","Bowfin",2004,35,1,79,"2004",0.0126582278481013,"Bowfin",2722,"High","Warm"
"3870","Bowfin",2004,30,4,79,"2004",0.0506329113924051,"Bowfin",2722,"High","Warm"
"3871","Bowfin",2004,13,1,79,"2004",0.0126582278481013,"Bowfin",2722,"High","Warm"
"3872","Bowfin",2004,19,3,79,"2004",0.0379746835443038,"Bowfin",2722,"High","Warm"
"3873","Bowfin",2004,16,32,79,"2004",0.40506329113924,"Bowfin",2722,"High","Warm"
"3874","Bowfin",2004,31,0,79,"2004",0,"Bowfin",2722,"High","Warm"
"3875","Bowfin",2004,32,3,79,"2004",0.0379746835443038,"Bowfin",2722,"High","Warm"
"3876","Bowfin",2004,34,2,79,"2004",0.0253164556962025,"Bowfin",2722,"High","Warm"
"3877","Bowfin",2004,33,1,79,"2004",0.0126582278481013,"Bowfin",2722,"High","Warm"
"3878","Bowfin",2004,28,3,79,"2004",0.0379746835443038,"Bowfin",2722,"High","Warm"
"3879","Bowfin",2004,21,1,79,"2004",0.0126582278481013,"Bowfin",2722,"High","Warm"
"3880","Bowfin",2004,15,9,79,"2004",0.113924050632911,"Bowfin",2722,"High","Warm"
"3881","Bowfin",2004,18,0,79,"2004",0,"Bowfin",2722,"High","Warm"
"3882","Bowfin",2004,26,1,79,"2004",0.0126582278481013,"Bowfin",2722,"High","Warm"
"3883","Bowfin",2004,25,1,79,"2004",0.0126582278481013,"Bowfin",2722,"High","Warm"
"3884","Bowfin",2004,23,0,79,"2004",0,"Bowfin",2722,"High","Warm"
"3885","Bowfin",2004,27,1,79,"2004",0.0126582278481013,"Bowfin",2722,"High","Warm"
"3886","Bowfin",2004,22,2,79,"2004",0.0253164556962025,"Bowfin",2722,"High","Warm"
"3887","Bowfin",2004,24,1,79,"2004",0.0126582278481013,"Bowfin",2722,"High","Warm"
"3888","Bowfin",2004,12,0,79,"2004",0,"Bowfin",2722,"High","Warm"
"3889","Bowfin",2004,29,2,79,"2004",0.0253164556962025,"Bowfin",2722,"High","Warm"
"3890","Bowfin",2005,20,1,61,"2005",0.0163934426229508,"Bowfin",2722,"High","Warm"
"3891","Bowfin",2005,27,0,61,"2005",0,"Bowfin",2722,"High","Warm"
"3892","Bowfin",2005,17,5,61,"2005",0.0819672131147541,"Bowfin",2722,"High","Warm"
"3893","Bowfin",2005,24,0,61,"2005",0,"Bowfin",2722,"High","Warm"
"3894","Bowfin",2005,29,0,61,"2005",0,"Bowfin",2722,"High","Warm"
"3895","Bowfin",2005,19,1,61,"2005",0.0163934426229508,"Bowfin",2722,"High","Warm"
"3896","Bowfin",2005,28,2,61,"2005",0.0327868852459016,"Bowfin",2722,"High","Warm"
"3897","Bowfin",2005,22,1,61,"2005",0.0163934426229508,"Bowfin",2722,"High","Warm"
"3898","Bowfin",2005,34,0,61,"2005",0,"Bowfin",2722,"High","Warm"
"3899","Bowfin",2005,21,2,61,"2005",0.0327868852459016,"Bowfin",2722,"High","Warm"
"3900","Bowfin",2005,31,0,61,"2005",0,"Bowfin",2722,"High","Warm"
"3901","Bowfin",2005,35,0,61,"2005",0,"Bowfin",2722,"High","Warm"
"3902","Bowfin",2005,32,0,61,"2005",0,"Bowfin",2722,"High","Warm"
"3903","Bowfin",2005,33,0,61,"2005",0,"Bowfin",2722,"High","Warm"
"3904","Bowfin",2005,30,0,61,"2005",0,"Bowfin",2722,"High","Warm"
"3905","Bowfin",2005,25,0,61,"2005",0,"Bowfin",2722,"High","Warm"
"3906","Bowfin",2005,23,5,61,"2005",0.0819672131147541,"Bowfin",2722,"High","Warm"
"3907","Bowfin",2005,26,1,61,"2005",0.0163934426229508,"Bowfin",2722,"High","Warm"
"3908","Bowfin",2005,14,0,61,"2005",0,"Bowfin",2722,"High","Warm"
"3909","Bowfin",2005,18,1,61,"2005",0.0163934426229508,"Bowfin",2722,"High","Warm"
"3910","Bowfin",2005,15,17,61,"2005",0.278688524590164,"Bowfin",2722,"High","Warm"
"3911","Bowfin",2005,16,25,61,"2005",0.409836065573771,"Bowfin",2722,"High","Warm"
"3912","Bowfin",2005,13,0,61,"2005",0,"Bowfin",2722,"High","Warm"
"3913","Bowfin",2005,12,0,61,"2005",0,"Bowfin",2722,"High","Warm"
"3914","Bowfin",2006,26,1,78,"2006",0.0128205128205128,"Bowfin",2722,"High","Warm"
"3915","Bowfin",2006,35,0,78,"2006",0,"Bowfin",2722,"High","Warm"
"3916","Bowfin",2006,29,1,78,"2006",0.0128205128205128,"Bowfin",2722,"High","Warm"
"3917","Bowfin",2006,24,4,78,"2006",0.0512820512820513,"Bowfin",2722,"High","Warm"
"3918","Bowfin",2006,31,0,78,"2006",0,"Bowfin",2722,"High","Warm"
"3919","Bowfin",2006,12,0,78,"2006",0,"Bowfin",2722,"High","Warm"
"3920","Bowfin",2006,32,0,78,"2006",0,"Bowfin",2722,"High","Warm"
"3921","Bowfin",2006,28,1,78,"2006",0.0128205128205128,"Bowfin",2722,"High","Warm"
"3922","Bowfin",2006,22,1,78,"2006",0.0128205128205128,"Bowfin",2722,"High","Warm"
"3923","Bowfin",2006,11,0,78,"2006",0,"Bowfin",2722,"High","Warm"
"3924","Bowfin",2006,23,1,78,"2006",0.0128205128205128,"Bowfin",2722,"High","Warm"
"3925","Bowfin",2006,25,1,78,"2006",0.0128205128205128,"Bowfin",2722,"High","Warm"
"3926","Bowfin",2006,30,0,78,"2006",0,"Bowfin",2722,"High","Warm"
"3927","Bowfin",2006,34,0,78,"2006",0,"Bowfin",2722,"High","Warm"
"3928","Bowfin",2006,19,5,78,"2006",0.0641025641025641,"Bowfin",2722,"High","Warm"
"3929","Bowfin",2006,20,4,78,"2006",0.0512820512820513,"Bowfin",2722,"High","Warm"
"3930","Bowfin",2006,27,2,78,"2006",0.0256410256410256,"Bowfin",2722,"High","Warm"
"3931","Bowfin",2006,15,28,78,"2006",0.358974358974359,"Bowfin",2722,"High","Warm"
"3932","Bowfin",2006,18,2,78,"2006",0.0256410256410256,"Bowfin",2722,"High","Warm"
"3933","Bowfin",2006,14,7,78,"2006",0.0897435897435897,"Bowfin",2722,"High","Warm"
"3934","Bowfin",2006,21,0,78,"2006",0,"Bowfin",2722,"High","Warm"
"3935","Bowfin",2006,33,0,78,"2006",0,"Bowfin",2722,"High","Warm"
"3936","Bowfin",2006,13,2,78,"2006",0.0256410256410256,"Bowfin",2722,"High","Warm"
"3937","Bowfin",2006,17,6,78,"2006",0.0769230769230769,"Bowfin",2722,"High","Warm"
"3938","Bowfin",2006,16,12,78,"2006",0.153846153846154,"Bowfin",2722,"High","Warm"
"3939","Bowfin",2007,22,4,64,"2007",0.0625,"Bowfin",2722,"High","Warm"
"3940","Bowfin",2007,24,2,64,"2007",0.03125,"Bowfin",2722,"High","Warm"
"3941","Bowfin",2007,28,1,64,"2007",0.015625,"Bowfin",2722,"High","Warm"
"3942","Bowfin",2007,35,0,64,"2007",0,"Bowfin",2722,"High","Warm"
"3943","Bowfin",2007,21,2,64,"2007",0.03125,"Bowfin",2722,"High","Warm"
"3944","Bowfin",2007,27,1,64,"2007",0.015625,"Bowfin",2722,"High","Warm"
"3945","Bowfin",2007,32,0,64,"2007",0,"Bowfin",2722,"High","Warm"
"3946","Bowfin",2007,30,0,64,"2007",0,"Bowfin",2722,"High","Warm"
"3947","Bowfin",2007,20,2,64,"2007",0.03125,"Bowfin",2722,"High","Warm"
"3948","Bowfin",2007,34,0,64,"2007",0,"Bowfin",2722,"High","Warm"
"3949","Bowfin",2007,29,0,64,"2007",0,"Bowfin",2722,"High","Warm"
"3950","Bowfin",2007,33,0,64,"2007",0,"Bowfin",2722,"High","Warm"
"3951","Bowfin",2007,15,0,64,"2007",0,"Bowfin",2722,"High","Warm"
"3952","Bowfin",2007,23,0,64,"2007",0,"Bowfin",2722,"High","Warm"
"3953","Bowfin",2007,26,1,64,"2007",0.015625,"Bowfin",2722,"High","Warm"
"3954","Bowfin",2007,25,1,64,"2007",0.015625,"Bowfin",2722,"High","Warm"
"3955","Bowfin",2007,19,6,64,"2007",0.09375,"Bowfin",2722,"High","Warm"
"3956","Bowfin",2007,16,20,64,"2007",0.3125,"Bowfin",2722,"High","Warm"
"3957","Bowfin",2007,13,1,64,"2007",0.015625,"Bowfin",2722,"High","Warm"
"3958","Bowfin",2007,12,0,64,"2007",0,"Bowfin",2722,"High","Warm"
"3959","Bowfin",2007,17,11,64,"2007",0.171875,"Bowfin",2722,"High","Warm"
"3960","Bowfin",2007,18,10,64,"2007",0.15625,"Bowfin",2722,"High","Warm"
"3961","Bowfin",2007,31,1,64,"2007",0.015625,"Bowfin",2722,"High","Warm"
"3962","Bowfin",2007,14,1,64,"2007",0.015625,"Bowfin",2722,"High","Warm"
"3963","Bowfin",2008,17,10,76,"2008",0.131578947368421,"Bowfin",2722,"High","Warm"
"3964","Bowfin",2008,16,43,76,"2008",0.565789473684211,"Bowfin",2722,"High","Warm"
"3965","Bowfin",2008,15,3,76,"2008",0.0394736842105263,"Bowfin",2722,"High","Warm"
"3966","Bowfin",2008,31,0,76,"2008",0,"Bowfin",2722,"High","Warm"
"3967","Bowfin",2008,27,1,76,"2008",0.0131578947368421,"Bowfin",2722,"High","Warm"
"3968","Bowfin",2008,13,0,76,"2008",0,"Bowfin",2722,"High","Warm"
"3969","Bowfin",2008,19,4,76,"2008",0.0526315789473684,"Bowfin",2722,"High","Warm"
"3970","Bowfin",2008,18,1,76,"2008",0.0131578947368421,"Bowfin",2722,"High","Warm"
"3971","Bowfin",2008,20,0,76,"2008",0,"Bowfin",2722,"High","Warm"
"3972","Bowfin",2008,29,0,76,"2008",0,"Bowfin",2722,"High","Warm"
"3973","Bowfin",2008,25,0,76,"2008",0,"Bowfin",2722,"High","Warm"
"3974","Bowfin",2008,22,3,76,"2008",0.0394736842105263,"Bowfin",2722,"High","Warm"
"3975","Bowfin",2008,32,0,76,"2008",0,"Bowfin",2722,"High","Warm"
"3976","Bowfin",2008,23,1,76,"2008",0.0131578947368421,"Bowfin",2722,"High","Warm"
"3977","Bowfin",2008,33,0,76,"2008",0,"Bowfin",2722,"High","Warm"
"3978","Bowfin",2008,24,2,76,"2008",0.0263157894736842,"Bowfin",2722,"High","Warm"
"3979","Bowfin",2008,26,2,76,"2008",0.0263157894736842,"Bowfin",2722,"High","Warm"
"3980","Bowfin",2008,35,3,76,"2008",0.0394736842105263,"Bowfin",2722,"High","Warm"
"3981","Bowfin",2008,28,0,76,"2008",0,"Bowfin",2722,"High","Warm"
"3982","Bowfin",2008,30,0,76,"2008",0,"Bowfin",2722,"High","Warm"
"3983","Bowfin",2008,21,1,76,"2008",0.0131578947368421,"Bowfin",2722,"High","Warm"
"3984","Bowfin",2008,34,2,76,"2008",0.0263157894736842,"Bowfin",2722,"High","Warm"
"3985","Bowfin",2008,14,0,76,"2008",0,"Bowfin",2722,"High","Warm"
"3986","Bowfin",2009,35,0,75,"2009",0,"Bowfin",2722,"High","Warm"
"3987","Bowfin",2009,12,1,75,"2009",0.0133333333333333,"Bowfin",2722,"High","Warm"
"3988","Bowfin",2009,31,0,75,"2009",0,"Bowfin",2722,"High","Warm"
"3989","Bowfin",2009,30,0,75,"2009",0,"Bowfin",2722,"High","Warm"
"3990","Bowfin",2009,32,0,75,"2009",0,"Bowfin",2722,"High","Warm"
"3991","Bowfin",2009,34,1,75,"2009",0.0133333333333333,"Bowfin",2722,"High","Warm"
"3992","Bowfin",2009,21,3,75,"2009",0.04,"Bowfin",2722,"High","Warm"
"3993","Bowfin",2009,19,0,75,"2009",0,"Bowfin",2722,"High","Warm"
"3994","Bowfin",2009,29,0,75,"2009",0,"Bowfin",2722,"High","Warm"
"3995","Bowfin",2009,11,0,75,"2009",0,"Bowfin",2722,"High","Warm"
"3996","Bowfin",2009,33,0,75,"2009",0,"Bowfin",2722,"High","Warm"
"3997","Bowfin",2009,14,7,75,"2009",0.0933333333333333,"Bowfin",2722,"High","Warm"
"3998","Bowfin",2009,22,1,75,"2009",0.0133333333333333,"Bowfin",2722,"High","Warm"
"3999","Bowfin",2009,26,2,75,"2009",0.0266666666666667,"Bowfin",2722,"High","Warm"
"4000","Bowfin",2009,20,1,75,"2009",0.0133333333333333,"Bowfin",2722,"High","Warm"
"4001","Bowfin",2009,15,4,75,"2009",0.0533333333333333,"Bowfin",2722,"High","Warm"
"4002","Bowfin",2009,17,23,75,"2009",0.306666666666667,"Bowfin",2722,"High","Warm"
"4003","Bowfin",2009,18,6,75,"2009",0.08,"Bowfin",2722,"High","Warm"
"4004","Bowfin",2009,13,0,75,"2009",0,"Bowfin",2722,"High","Warm"
"4005","Bowfin",2009,27,0,75,"2009",0,"Bowfin",2722,"High","Warm"
"4006","Bowfin",2009,16,20,75,"2009",0.266666666666667,"Bowfin",2722,"High","Warm"
"4007","Bowfin",2009,24,3,75,"2009",0.04,"Bowfin",2722,"High","Warm"
"4008","Bowfin",2009,23,1,75,"2009",0.0133333333333333,"Bowfin",2722,"High","Warm"
"4009","Bowfin",2009,28,0,75,"2009",0,"Bowfin",2722,"High","Warm"
"4010","Bowfin",2009,25,2,75,"2009",0.0266666666666667,"Bowfin",2722,"High","Warm"
"4011","Bowfin",2010,12,0,95,"2010",0,"Bowfin",2722,"High","Warm"
"4012","Bowfin",2010,29,0,95,"2010",0,"Bowfin",2722,"High","Warm"
"4013","Bowfin",2010,30,0,95,"2010",0,"Bowfin",2722,"High","Warm"
"4014","Bowfin",2010,27,0,95,"2010",0,"Bowfin",2722,"High","Warm"
"4015","Bowfin",2010,25,9,95,"2010",0.0947368421052632,"Bowfin",2722,"High","Warm"
"4016","Bowfin",2010,21,2,95,"2010",0.0210526315789474,"Bowfin",2722,"High","Warm"
"4017","Bowfin",2010,15,17,95,"2010",0.178947368421053,"Bowfin",2722,"High","Warm"
"4018","Bowfin",2010,22,11,95,"2010",0.115789473684211,"Bowfin",2722,"High","Warm"
"4019","Bowfin",2010,13,10,95,"2010",0.105263157894737,"Bowfin",2722,"High","Warm"
"4020","Bowfin",2010,14,26,95,"2010",0.273684210526316,"Bowfin",2722,"High","Warm"
"4021","Bowfin",2010,18,1,95,"2010",0.0105263157894737,"Bowfin",2722,"High","Warm"
"4022","Bowfin",2010,19,1,95,"2010",0.0105263157894737,"Bowfin",2722,"High","Warm"
"4023","Bowfin",2010,16,4,95,"2010",0.0421052631578947,"Bowfin",2722,"High","Warm"
"4024","Bowfin",2010,20,0,95,"2010",0,"Bowfin",2722,"High","Warm"
"4025","Bowfin",2010,24,1,95,"2010",0.0105263157894737,"Bowfin",2722,"High","Warm"
"4026","Bowfin",2010,31,0,95,"2010",0,"Bowfin",2722,"High","Warm"
"4027","Bowfin",2010,26,6,95,"2010",0.0631578947368421,"Bowfin",2722,"High","Warm"
"4028","Bowfin",2010,28,1,95,"2010",0.0105263157894737,"Bowfin",2722,"High","Warm"
"4029","Bowfin",2010,33,1,95,"2010",0.0105263157894737,"Bowfin",2722,"High","Warm"
"4030","Bowfin",2010,17,2,95,"2010",0.0210526315789474,"Bowfin",2722,"High","Warm"
"4031","Bowfin",2010,11,0,95,"2010",0,"Bowfin",2722,"High","Warm"
"4032","Bowfin",2010,35,0,95,"2010",0,"Bowfin",2722,"High","Warm"
"4033","Bowfin",2010,34,0,95,"2010",0,"Bowfin",2722,"High","Warm"
"4034","Bowfin",2010,32,0,95,"2010",0,"Bowfin",2722,"High","Warm"
"4035","Bowfin",2010,23,3,95,"2010",0.0315789473684211,"Bowfin",2722,"High","Warm"
"4036","Bowfin",2011,14,0,72,"2011",0,"Bowfin",2722,"High","Warm"
"4037","Bowfin",2011,11,0,72,"2011",0,"Bowfin",2722,"High","Warm"
"4038","Bowfin",2011,12,0,72,"2011",0,"Bowfin",2722,"High","Warm"
"4039","Bowfin",2011,22,1,72,"2011",0.0138888888888889,"Bowfin",2722,"High","Warm"
"4040","Bowfin",2011,29,4,72,"2011",0.0555555555555556,"Bowfin",2722,"High","Warm"
"4041","Bowfin",2011,16,0,72,"2011",0,"Bowfin",2722,"High","Warm"
"4042","Bowfin",2011,32,0,72,"2011",0,"Bowfin",2722,"High","Warm"
"4043","Bowfin",2011,13,0,72,"2011",0,"Bowfin",2722,"High","Warm"
"4044","Bowfin",2011,15,16,72,"2011",0.222222222222222,"Bowfin",2722,"High","Warm"
"4045","Bowfin",2011,20,0,72,"2011",0,"Bowfin",2722,"High","Warm"
"4046","Bowfin",2011,25,1,72,"2011",0.0138888888888889,"Bowfin",2722,"High","Warm"
"4047","Bowfin",2011,23,1,72,"2011",0.0138888888888889,"Bowfin",2722,"High","Warm"
"4048","Bowfin",2011,18,12,72,"2011",0.166666666666667,"Bowfin",2722,"High","Warm"
"4049","Bowfin",2011,31,0,72,"2011",0,"Bowfin",2722,"High","Warm"
"4050","Bowfin",2011,33,3,72,"2011",0.0416666666666667,"Bowfin",2722,"High","Warm"
"4051","Bowfin",2011,17,9,72,"2011",0.125,"Bowfin",2722,"High","Warm"
"4052","Bowfin",2011,35,0,72,"2011",0,"Bowfin",2722,"High","Warm"
"4053","Bowfin",2011,24,3,72,"2011",0.0416666666666667,"Bowfin",2722,"High","Warm"
"4054","Bowfin",2011,19,11,72,"2011",0.152777777777778,"Bowfin",2722,"High","Warm"
"4055","Bowfin",2011,34,3,72,"2011",0.0416666666666667,"Bowfin",2722,"High","Warm"
"4056","Bowfin",2011,26,3,72,"2011",0.0416666666666667,"Bowfin",2722,"High","Warm"
"4057","Bowfin",2011,28,0,72,"2011",0,"Bowfin",2722,"High","Warm"
"4058","Bowfin",2011,30,4,72,"2011",0.0555555555555556,"Bowfin",2722,"High","Warm"
"4059","Bowfin",2011,21,1,72,"2011",0.0138888888888889,"Bowfin",2722,"High","Warm"
"4060","Bowfin",2011,27,0,72,"2011",0,"Bowfin",2722,"High","Warm"
"4061","Bowfin",2012,26,4,111,"2012",0.036036036036036,"Bowfin",2722,"High","Warm"
"4062","Bowfin",2012,25,7,111,"2012",0.0630630630630631,"Bowfin",2722,"High","Warm"
"4063","Bowfin",2012,14,4,111,"2012",0.036036036036036,"Bowfin",2722,"High","Warm"
"4064","Bowfin",2012,23,3,111,"2012",0.027027027027027,"Bowfin",2722,"High","Warm"
"4065","Bowfin",2012,22,1,111,"2012",0.00900900900900901,"Bowfin",2722,"High","Warm"
"4066","Bowfin",2012,17,1,111,"2012",0.00900900900900901,"Bowfin",2722,"High","Warm"
"4067","Bowfin",2012,34,1,111,"2012",0.00900900900900901,"Bowfin",2722,"High","Warm"
"4068","Bowfin",2012,21,5,111,"2012",0.045045045045045,"Bowfin",2722,"High","Warm"
"4069","Bowfin",2012,13,3,111,"2012",0.027027027027027,"Bowfin",2722,"High","Warm"
"4070","Bowfin",2012,18,4,111,"2012",0.036036036036036,"Bowfin",2722,"High","Warm"
"4071","Bowfin",2012,20,3,111,"2012",0.027027027027027,"Bowfin",2722,"High","Warm"
"4072","Bowfin",2012,15,0,111,"2012",0,"Bowfin",2722,"High","Warm"
"4073","Bowfin",2012,30,2,111,"2012",0.018018018018018,"Bowfin",2722,"High","Warm"
"4074","Bowfin",2012,29,0,111,"2012",0,"Bowfin",2722,"High","Warm"
"4075","Bowfin",2012,11,4,111,"2012",0.036036036036036,"Bowfin",2722,"High","Warm"
"4076","Bowfin",2012,33,0,111,"2012",0,"Bowfin",2722,"High","Warm"
"4077","Bowfin",2012,27,3,111,"2012",0.027027027027027,"Bowfin",2722,"High","Warm"
"4078","Bowfin",2012,19,5,111,"2012",0.045045045045045,"Bowfin",2722,"High","Warm"
"4079","Bowfin",2012,24,1,111,"2012",0.00900900900900901,"Bowfin",2722,"High","Warm"
"4080","Bowfin",2012,32,0,111,"2012",0,"Bowfin",2722,"High","Warm"
"4081","Bowfin",2012,10,0,111,"2012",0,"Bowfin",2722,"High","Warm"
"4082","Bowfin",2012,28,0,111,"2012",0,"Bowfin",2722,"High","Warm"
"4083","Bowfin",2012,16,7,111,"2012",0.0630630630630631,"Bowfin",2722,"High","Warm"
"4084","Bowfin",2012,35,1,111,"2012",0.00900900900900901,"Bowfin",2722,"High","Warm"
"4085","Bowfin",2012,31,2,111,"2012",0.018018018018018,"Bowfin",2722,"High","Warm"
"4086","Bowfin",2012,12,50,111,"2012",0.45045045045045,"Bowfin",2722,"High","Warm"
"4087","Bowfin",2013,13,1,183,"2013",0.00546448087431694,"Bowfin",2722,"High","Warm"
"4088","Bowfin",2013,34,10,183,"2013",0.0546448087431694,"Bowfin",2722,"High","Warm"
"4089","Bowfin",2013,29,0,183,"2013",0,"Bowfin",2722,"High","Warm"
"4090","Bowfin",2013,12,0,183,"2013",0,"Bowfin",2722,"High","Warm"
"4091","Bowfin",2013,30,0,183,"2013",0,"Bowfin",2722,"High","Warm"
"4092","Bowfin",2013,24,1,183,"2013",0.00546448087431694,"Bowfin",2722,"High","Warm"
"4093","Bowfin",2013,35,0,183,"2013",0,"Bowfin",2722,"High","Warm"
"4094","Bowfin",2013,17,12,183,"2013",0.0655737704918033,"Bowfin",2722,"High","Warm"
"4095","Bowfin",2013,15,11,183,"2013",0.0601092896174863,"Bowfin",2722,"High","Warm"
"4096","Bowfin",2013,33,10,183,"2013",0.0546448087431694,"Bowfin",2722,"High","Warm"
"4097","Bowfin",2013,19,8,183,"2013",0.0437158469945355,"Bowfin",2722,"High","Warm"
"4098","Bowfin",2013,31,0,183,"2013",0,"Bowfin",2722,"High","Warm"
"4099","Bowfin",2013,28,0,183,"2013",0,"Bowfin",2722,"High","Warm"
"4100","Bowfin",2013,14,2,183,"2013",0.0109289617486339,"Bowfin",2722,"High","Warm"
"4101","Bowfin",2013,26,1,183,"2013",0.00546448087431694,"Bowfin",2722,"High","Warm"
"4102","Bowfin",2013,16,87,183,"2013",0.475409836065574,"Bowfin",2722,"High","Warm"
"4103","Bowfin",2013,18,29,183,"2013",0.158469945355191,"Bowfin",2722,"High","Warm"
"4104","Bowfin",2013,23,4,183,"2013",0.0218579234972678,"Bowfin",2722,"High","Warm"
"4105","Bowfin",2013,11,0,183,"2013",0,"Bowfin",2722,"High","Warm"
"4106","Bowfin",2013,22,1,183,"2013",0.00546448087431694,"Bowfin",2722,"High","Warm"
"4107","Bowfin",2013,20,2,183,"2013",0.0109289617486339,"Bowfin",2722,"High","Warm"
"4108","Bowfin",2013,25,0,183,"2013",0,"Bowfin",2722,"High","Warm"
"4109","Bowfin",2013,32,0,183,"2013",0,"Bowfin",2722,"High","Warm"
"4110","Bowfin",2013,27,0,183,"2013",0,"Bowfin",2722,"High","Warm"
"4111","Bowfin",2013,21,4,183,"2013",0.0218579234972678,"Bowfin",2722,"High","Warm"
"4112","Bowfin",2014,27,2,120,"2014",0.0166666666666667,"Bowfin",2722,"High","Warm"
"4113","Bowfin",2014,19,9,120,"2014",0.075,"Bowfin",2722,"High","Warm"
"4114","Bowfin",2014,13,0,120,"2014",0,"Bowfin",2722,"High","Warm"
"4115","Bowfin",2014,14,0,120,"2014",0,"Bowfin",2722,"High","Warm"
"4116","Bowfin",2014,18,16,120,"2014",0.133333333333333,"Bowfin",2722,"High","Warm"
"4117","Bowfin",2014,15,6,120,"2014",0.05,"Bowfin",2722,"High","Warm"
"4118","Bowfin",2014,22,0,120,"2014",0,"Bowfin",2722,"High","Warm"
"4119","Bowfin",2014,34,5,120,"2014",0.0416666666666667,"Bowfin",2722,"High","Warm"
"4120","Bowfin",2014,26,1,120,"2014",0.00833333333333333,"Bowfin",2722,"High","Warm"
"4121","Bowfin",2014,28,3,120,"2014",0.025,"Bowfin",2722,"High","Warm"
"4122","Bowfin",2014,35,0,120,"2014",0,"Bowfin",2722,"High","Warm"
"4123","Bowfin",2014,16,34,120,"2014",0.283333333333333,"Bowfin",2722,"High","Warm"
"4124","Bowfin",2014,25,2,120,"2014",0.0166666666666667,"Bowfin",2722,"High","Warm"
"4125","Bowfin",2014,23,3,120,"2014",0.025,"Bowfin",2722,"High","Warm"
"4126","Bowfin",2014,20,1,120,"2014",0.00833333333333333,"Bowfin",2722,"High","Warm"
"4127","Bowfin",2014,32,6,120,"2014",0.05,"Bowfin",2722,"High","Warm"
"4128","Bowfin",2014,24,0,120,"2014",0,"Bowfin",2722,"High","Warm"
"4129","Bowfin",2014,21,4,120,"2014",0.0333333333333333,"Bowfin",2722,"High","Warm"
"4130","Bowfin",2014,33,0,120,"2014",0,"Bowfin",2722,"High","Warm"
"4131","Bowfin",2014,17,21,120,"2014",0.175,"Bowfin",2722,"High","Warm"
"4132","Bowfin",2014,31,0,120,"2014",0,"Bowfin",2722,"High","Warm"
"4133","Bowfin",2014,29,5,120,"2014",0.0416666666666667,"Bowfin",2722,"High","Warm"
"4134","Bowfin",2014,30,2,120,"2014",0.0166666666666667,"Bowfin",2722,"High","Warm"
"4135","Bowfin",2015,15,11,148,"2015",0.0743243243243243,"Bowfin",2722,"High","Warm"
"4136","Bowfin",2015,16,39,148,"2015",0.263513513513513,"Bowfin",2722,"High","Warm"
"4137","Bowfin",2015,14,1,148,"2015",0.00675675675675676,"Bowfin",2722,"High","Warm"
"4138","Bowfin",2015,18,20,148,"2015",0.135135135135135,"Bowfin",2722,"High","Warm"
"4139","Bowfin",2015,23,1,148,"2015",0.00675675675675676,"Bowfin",2722,"High","Warm"
"4140","Bowfin",2015,20,2,148,"2015",0.0135135135135135,"Bowfin",2722,"High","Warm"
"4141","Bowfin",2015,13,0,148,"2015",0,"Bowfin",2722,"High","Warm"
"4142","Bowfin",2015,32,0,148,"2015",0,"Bowfin",2722,"High","Warm"
"4143","Bowfin",2015,17,42,148,"2015",0.283783783783784,"Bowfin",2722,"High","Warm"
"4144","Bowfin",2015,22,2,148,"2015",0.0135135135135135,"Bowfin",2722,"High","Warm"
"4145","Bowfin",2015,24,0,148,"2015",0,"Bowfin",2722,"High","Warm"
"4146","Bowfin",2015,31,3,148,"2015",0.0202702702702703,"Bowfin",2722,"High","Warm"
"4147","Bowfin",2015,21,7,148,"2015",0.0472972972972973,"Bowfin",2722,"High","Warm"
"4148","Bowfin",2015,33,0,148,"2015",0,"Bowfin",2722,"High","Warm"
"4149","Bowfin",2015,30,2,148,"2015",0.0135135135135135,"Bowfin",2722,"High","Warm"
"4150","Bowfin",2015,26,2,148,"2015",0.0135135135135135,"Bowfin",2722,"High","Warm"
"4151","Bowfin",2015,27,0,148,"2015",0,"Bowfin",2722,"High","Warm"
"4152","Bowfin",2015,29,0,148,"2015",0,"Bowfin",2722,"High","Warm"
"4153","Bowfin",2015,28,3,148,"2015",0.0202702702702703,"Bowfin",2722,"High","Warm"
"4154","Bowfin",2015,34,0,148,"2015",0,"Bowfin",2722,"High","Warm"
"4155","Bowfin",2015,19,12,148,"2015",0.0810810810810811,"Bowfin",2722,"High","Warm"
"4156","Bowfin",2015,35,0,148,"2015",0,"Bowfin",2722,"High","Warm"
"4157","Bowfin",2015,25,1,148,"2015",0.00675675675675676,"Bowfin",2722,"High","Warm"
"4158","Bowfin",2016,32,0,171,"2016",0,"Bowfin",2722,"High","Warm"
"4159","Bowfin",2016,11,2,171,"2016",0.0116959064327485,"Bowfin",2722,"High","Warm"
"4160","Bowfin",2016,13,2,171,"2016",0.0116959064327485,"Bowfin",2722,"High","Warm"
"4161","Bowfin",2016,10,0,171,"2016",0,"Bowfin",2722,"High","Warm"
"4162","Bowfin",2016,31,1,171,"2016",0.00584795321637427,"Bowfin",2722,"High","Warm"
"4163","Bowfin",2016,17,15,171,"2016",0.087719298245614,"Bowfin",2722,"High","Warm"
"4164","Bowfin",2016,34,0,171,"2016",0,"Bowfin",2722,"High","Warm"
"4165","Bowfin",2016,15,0,171,"2016",0,"Bowfin",2722,"High","Warm"
"4166","Bowfin",2016,30,2,171,"2016",0.0116959064327485,"Bowfin",2722,"High","Warm"
"4167","Bowfin",2016,12,2,171,"2016",0.0116959064327485,"Bowfin",2722,"High","Warm"
"4168","Bowfin",2016,18,2,171,"2016",0.0116959064327485,"Bowfin",2722,"High","Warm"
"4169","Bowfin",2016,33,2,171,"2016",0.0116959064327485,"Bowfin",2722,"High","Warm"
"4170","Bowfin",2016,35,1,171,"2016",0.00584795321637427,"Bowfin",2722,"High","Warm"
"4171","Bowfin",2016,20,3,171,"2016",0.0175438596491228,"Bowfin",2722,"High","Warm"
"4172","Bowfin",2016,21,1,171,"2016",0.00584795321637427,"Bowfin",2722,"High","Warm"
"4173","Bowfin",2016,14,24,171,"2016",0.140350877192982,"Bowfin",2722,"High","Warm"
"4174","Bowfin",2016,16,82,171,"2016",0.47953216374269,"Bowfin",2722,"High","Warm"
"4175","Bowfin",2016,23,0,171,"2016",0,"Bowfin",2722,"High","Warm"
"4176","Bowfin",2016,24,1,171,"2016",0.00584795321637427,"Bowfin",2722,"High","Warm"
"4177","Bowfin",2016,25,3,171,"2016",0.0175438596491228,"Bowfin",2722,"High","Warm"
"4178","Bowfin",2016,22,1,171,"2016",0.00584795321637427,"Bowfin",2722,"High","Warm"
"4179","Bowfin",2016,19,8,171,"2016",0.0467836257309941,"Bowfin",2722,"High","Warm"
"4180","Bowfin",2016,27,10,171,"2016",0.0584795321637427,"Bowfin",2722,"High","Warm"
"4181","Bowfin",2016,28,5,171,"2016",0.0292397660818713,"Bowfin",2722,"High","Warm"
"4182","Bowfin",2016,29,4,171,"2016",0.0233918128654971,"Bowfin",2722,"High","Warm"
"4183","Bowfin",2016,26,0,171,"2016",0,"Bowfin",2722,"High","Warm"
"4184","Bowfin",2017,27,3,193,"2017",0.0155440414507772,"Bowfin",2722,"High","Warm"
"4185","Bowfin",2017,25,0,193,"2017",0,"Bowfin",2722,"High","Warm"
"4186","Bowfin",2017,29,0,193,"2017",0,"Bowfin",2722,"High","Warm"
"4187","Bowfin",2017,31,1,193,"2017",0.00518134715025907,"Bowfin",2722,"High","Warm"
"4188","Bowfin",2017,12,0,193,"2017",0,"Bowfin",2722,"High","Warm"
"4189","Bowfin",2017,32,3,193,"2017",0.0155440414507772,"Bowfin",2722,"High","Warm"
"4190","Bowfin",2017,26,1,193,"2017",0.00518134715025907,"Bowfin",2722,"High","Warm"
"4191","Bowfin",2017,28,1,193,"2017",0.00518134715025907,"Bowfin",2722,"High","Warm"
"4192","Bowfin",2017,33,1,193,"2017",0.00518134715025907,"Bowfin",2722,"High","Warm"
"4193","Bowfin",2017,34,0,193,"2017",0,"Bowfin",2722,"High","Warm"
"4194","Bowfin",2017,35,0,193,"2017",0,"Bowfin",2722,"High","Warm"
"4195","Bowfin",2017,30,1,193,"2017",0.00518134715025907,"Bowfin",2722,"High","Warm"
"4196","Bowfin",2017,15,59,193,"2017",0.305699481865285,"Bowfin",2722,"High","Warm"
"4197","Bowfin",2017,16,36,193,"2017",0.186528497409326,"Bowfin",2722,"High","Warm"
"4198","Bowfin",2017,24,1,193,"2017",0.00518134715025907,"Bowfin",2722,"High","Warm"
"4199","Bowfin",2017,10,0,193,"2017",0,"Bowfin",2722,"High","Warm"
"4200","Bowfin",2017,14,18,193,"2017",0.0932642487046632,"Bowfin",2722,"High","Warm"
"4201","Bowfin",2017,20,7,193,"2017",0.0362694300518135,"Bowfin",2722,"High","Warm"
"4202","Bowfin",2017,13,1,193,"2017",0.00518134715025907,"Bowfin",2722,"High","Warm"
"4203","Bowfin",2017,22,2,193,"2017",0.0103626943005181,"Bowfin",2722,"High","Warm"
"4204","Bowfin",2017,18,8,193,"2017",0.0414507772020725,"Bowfin",2722,"High","Warm"
"4205","Bowfin",2017,23,1,193,"2017",0.00518134715025907,"Bowfin",2722,"High","Warm"
"4206","Bowfin",2017,19,7,193,"2017",0.0362694300518135,"Bowfin",2722,"High","Warm"
"4207","Bowfin",2017,21,0,193,"2017",0,"Bowfin",2722,"High","Warm"
"4208","Bowfin",2017,17,42,193,"2017",0.217616580310881,"Bowfin",2722,"High","Warm"
"4209","Bowfin",2018,35,0,204,"2018",0,"Bowfin",2722,"High","Warm"
"4210","Bowfin",2018,34,2,204,"2018",0.00980392156862745,"Bowfin",2722,"High","Warm"
"4211","Bowfin",2018,14,2,204,"2018",0.00980392156862745,"Bowfin",2722,"High","Warm"
"4212","Bowfin",2018,10,0,204,"2018",0,"Bowfin",2722,"High","Warm"
"4213","Bowfin",2018,24,6,204,"2018",0.0294117647058824,"Bowfin",2722,"High","Warm"
"4214","Bowfin",2018,25,5,204,"2018",0.0245098039215686,"Bowfin",2722,"High","Warm"
"4215","Bowfin",2018,13,0,204,"2018",0,"Bowfin",2722,"High","Warm"
"4216","Bowfin",2018,9,0,204,"2018",0,"Bowfin",2722,"High","Warm"
"4217","Bowfin",2018,21,1,204,"2018",0.00490196078431373,"Bowfin",2722,"High","Warm"
"4218","Bowfin",2018,26,0,204,"2018",0,"Bowfin",2722,"High","Warm"
"4219","Bowfin",2018,32,3,204,"2018",0.0147058823529412,"Bowfin",2722,"High","Warm"
"4220","Bowfin",2018,33,0,204,"2018",0,"Bowfin",2722,"High","Warm"
"4221","Bowfin",2018,20,7,204,"2018",0.0343137254901961,"Bowfin",2722,"High","Warm"
"4222","Bowfin",2018,29,6,204,"2018",0.0294117647058824,"Bowfin",2722,"High","Warm"
"4223","Bowfin",2018,16,4,204,"2018",0.0196078431372549,"Bowfin",2722,"High","Warm"
"4224","Bowfin",2018,17,125,204,"2018",0.612745098039216,"Bowfin",2722,"High","Warm"
"4225","Bowfin",2018,30,2,204,"2018",0.00980392156862745,"Bowfin",2722,"High","Warm"
"4226","Bowfin",2018,15,0,204,"2018",0,"Bowfin",2722,"High","Warm"
"4227","Bowfin",2018,12,0,204,"2018",0,"Bowfin",2722,"High","Warm"
"4228","Bowfin",2018,22,2,204,"2018",0.00980392156862745,"Bowfin",2722,"High","Warm"
"4229","Bowfin",2018,23,3,204,"2018",0.0147058823529412,"Bowfin",2722,"High","Warm"
"4230","Bowfin",2018,19,9,204,"2018",0.0441176470588235,"Bowfin",2722,"High","Warm"
"4231","Bowfin",2018,28,8,204,"2018",0.0392156862745098,"Bowfin",2722,"High","Warm"
"4232","Bowfin",2018,31,5,204,"2018",0.0245098039215686,"Bowfin",2722,"High","Warm"
"4233","Bowfin",2018,18,12,204,"2018",0.0588235294117647,"Bowfin",2722,"High","Warm"
"4234","Bowfin",2018,27,2,204,"2018",0.00980392156862745,"Bowfin",2722,"High","Warm"
"4235","Bowfin",2019,12,0,187,"2019",0,"Bowfin",2722,"High","Warm"
"4236","Bowfin",2019,14,13,187,"2019",0.0695187165775401,"Bowfin",2722,"High","Warm"
"4237","Bowfin",2019,17,51,187,"2019",0.272727272727273,"Bowfin",2722,"High","Warm"
"4238","Bowfin",2019,18,29,187,"2019",0.155080213903743,"Bowfin",2722,"High","Warm"
"4239","Bowfin",2019,11,0,187,"2019",0,"Bowfin",2722,"High","Warm"
"4240","Bowfin",2019,31,2,187,"2019",0.0106951871657754,"Bowfin",2722,"High","Warm"
"4241","Bowfin",2019,19,15,187,"2019",0.0802139037433155,"Bowfin",2722,"High","Warm"
"4242","Bowfin",2019,30,0,187,"2019",0,"Bowfin",2722,"High","Warm"
"4243","Bowfin",2019,29,2,187,"2019",0.0106951871657754,"Bowfin",2722,"High","Warm"
"4244","Bowfin",2019,21,0,187,"2019",0,"Bowfin",2722,"High","Warm"
"4245","Bowfin",2019,32,1,187,"2019",0.0053475935828877,"Bowfin",2722,"High","Warm"
"4246","Bowfin",2019,20,1,187,"2019",0.0053475935828877,"Bowfin",2722,"High","Warm"
"4247","Bowfin",2019,27,0,187,"2019",0,"Bowfin",2722,"High","Warm"
"4248","Bowfin",2019,13,1,187,"2019",0.0053475935828877,"Bowfin",2722,"High","Warm"
"4249","Bowfin",2019,25,2,187,"2019",0.0106951871657754,"Bowfin",2722,"High","Warm"
"4250","Bowfin",2019,16,28,187,"2019",0.149732620320856,"Bowfin",2722,"High","Warm"
"4251","Bowfin",2019,15,33,187,"2019",0.176470588235294,"Bowfin",2722,"High","Warm"
"4252","Bowfin",2019,34,1,187,"2019",0.0053475935828877,"Bowfin",2722,"High","Warm"
"4253","Bowfin",2019,33,2,187,"2019",0.0106951871657754,"Bowfin",2722,"High","Warm"
"4254","Bowfin",2019,28,1,187,"2019",0.0053475935828877,"Bowfin",2722,"High","Warm"
"4255","Bowfin",2019,26,1,187,"2019",0.0053475935828877,"Bowfin",2722,"High","Warm"
"4256","Bowfin",2019,23,0,187,"2019",0,"Bowfin",2722,"High","Warm"
"4257","Bowfin",2019,35,0,187,"2019",0,"Bowfin",2722,"High","Warm"
"4258","Bowfin",2019,22,2,187,"2019",0.0106951871657754,"Bowfin",2722,"High","Warm"
"4259","Bowfin",2019,24,2,187,"2019",0.0106951871657754,"Bowfin",2722,"High","Warm"
"4260","Bowfin",2020,22,4,163,"2020",0.0245398773006135,"Bowfin",2722,"High","Warm"
"4261","Bowfin",2020,14,31,163,"2020",0.190184049079755,"Bowfin",2722,"High","Warm"
"4262","Bowfin",2020,26,2,163,"2020",0.0122699386503067,"Bowfin",2722,"High","Warm"
"4263","Bowfin",2020,18,35,163,"2020",0.214723926380368,"Bowfin",2722,"High","Warm"
"4264","Bowfin",2020,31,0,163,"2020",0,"Bowfin",2722,"High","Warm"
"4265","Bowfin",2020,30,2,163,"2020",0.0122699386503067,"Bowfin",2722,"High","Warm"
"4266","Bowfin",2020,13,12,163,"2020",0.0736196319018405,"Bowfin",2722,"High","Warm"
"4267","Bowfin",2020,17,4,163,"2020",0.0245398773006135,"Bowfin",2722,"High","Warm"
"4268","Bowfin",2020,35,0,163,"2020",0,"Bowfin",2722,"High","Warm"
"4269","Bowfin",2020,11,0,163,"2020",0,"Bowfin",2722,"High","Warm"
"4270","Bowfin",2020,12,0,163,"2020",0,"Bowfin",2722,"High","Warm"
"4271","Bowfin",2020,25,0,163,"2020",0,"Bowfin",2722,"High","Warm"
"4272","Bowfin",2020,34,0,163,"2020",0,"Bowfin",2722,"High","Warm"
"4273","Bowfin",2020,15,38,163,"2020",0.233128834355828,"Bowfin",2722,"High","Warm"
"4274","Bowfin",2020,16,0,163,"2020",0,"Bowfin",2722,"High","Warm"
"4275","Bowfin",2020,24,0,163,"2020",0,"Bowfin",2722,"High","Warm"
"4276","Bowfin",2020,28,2,163,"2020",0.0122699386503067,"Bowfin",2722,"High","Warm"
"4277","Bowfin",2020,19,1,163,"2020",0.00613496932515337,"Bowfin",2722,"High","Warm"
"4278","Bowfin",2020,33,0,163,"2020",0,"Bowfin",2722,"High","Warm"
"4279","Bowfin",2020,20,1,163,"2020",0.00613496932515337,"Bowfin",2722,"High","Warm"
"4280","Bowfin",2020,32,1,163,"2020",0.00613496932515337,"Bowfin",2722,"High","Warm"
"4281","Bowfin",2020,23,3,163,"2020",0.0184049079754601,"Bowfin",2722,"High","Warm"
"4282","Bowfin",2020,21,16,163,"2020",0.098159509202454,"Bowfin",2722,"High","Warm"
"4283","Bowfin",2020,27,7,163,"2020",0.0429447852760736,"Bowfin",2722,"High","Warm"
"4284","Bowfin",2020,29,4,163,"2020",0.0245398773006135,"Bowfin",2722,"High","Warm"
"4285","Bowfin",2021,13,41,194,"2021",0.211340206185567,"Bowfin",2722,"High","Warm"
"4286","Bowfin",2021,15,64,194,"2021",0.329896907216495,"Bowfin",2722,"High","Warm"
"4287","Bowfin",2021,12,4,194,"2021",0.0206185567010309,"Bowfin",2722,"High","Warm"
"4288","Bowfin",2021,11,0,194,"2021",0,"Bowfin",2722,"High","Warm"
"4289","Bowfin",2021,22,6,194,"2021",0.0309278350515464,"Bowfin",2722,"High","Warm"
"4290","Bowfin",2021,32,0,194,"2021",0,"Bowfin",2722,"High","Warm"
"4291","Bowfin",2021,14,20,194,"2021",0.103092783505155,"Bowfin",2722,"High","Warm"
"4292","Bowfin",2021,18,5,194,"2021",0.0257731958762887,"Bowfin",2722,"High","Warm"
"4293","Bowfin",2021,23,26,194,"2021",0.134020618556701,"Bowfin",2722,"High","Warm"
"4294","Bowfin",2021,33,0,194,"2021",0,"Bowfin",2722,"High","Warm"
"4295","Bowfin",2021,17,3,194,"2021",0.0154639175257732,"Bowfin",2722,"High","Warm"
"4296","Bowfin",2021,21,4,194,"2021",0.0206185567010309,"Bowfin",2722,"High","Warm"
"4297","Bowfin",2021,31,0,194,"2021",0,"Bowfin",2722,"High","Warm"
"4298","Bowfin",2021,35,0,194,"2021",0,"Bowfin",2722,"High","Warm"
"4299","Bowfin",2021,16,5,194,"2021",0.0257731958762887,"Bowfin",2722,"High","Warm"
"4300","Bowfin",2021,25,0,194,"2021",0,"Bowfin",2722,"High","Warm"
"4301","Bowfin",2021,26,5,194,"2021",0.0257731958762887,"Bowfin",2722,"High","Warm"
"4302","Bowfin",2021,34,0,194,"2021",0,"Bowfin",2722,"High","Warm"
"4303","Bowfin",2021,19,1,194,"2021",0.00515463917525773,"Bowfin",2722,"High","Warm"
"4304","Bowfin",2021,24,3,194,"2021",0.0154639175257732,"Bowfin",2722,"High","Warm"
"4305","Bowfin",2021,30,1,194,"2021",0.00515463917525773,"Bowfin",2722,"High","Warm"
"4306","Bowfin",2021,29,1,194,"2021",0.00515463917525773,"Bowfin",2722,"High","Warm"
"4307","Bowfin",2021,27,1,194,"2021",0.00515463917525773,"Bowfin",2722,"High","Warm"
"4308","Bowfin",2021,20,2,194,"2021",0.0103092783505155,"Bowfin",2722,"High","Warm"
"4309","Bowfin",2021,28,2,194,"2021",0.0103092783505155,"Bowfin",2722,"High","Warm"
"4310","Bowfin",2022,17,15,155,"2022",0.0967741935483871,"Bowfin",2722,"High","Warm"
"4311","Bowfin",2022,19,5,155,"2022",0.032258064516129,"Bowfin",2722,"High","Warm"
"4312","Bowfin",2022,16,11,155,"2022",0.0709677419354839,"Bowfin",2722,"High","Warm"
"4313","Bowfin",2022,18,12,155,"2022",0.0774193548387097,"Bowfin",2722,"High","Warm"
"4314","Bowfin",2022,32,3,155,"2022",0.0193548387096774,"Bowfin",2722,"High","Warm"
"4315","Bowfin",2022,33,0,155,"2022",0,"Bowfin",2722,"High","Warm"
"4316","Bowfin",2022,15,54,155,"2022",0.348387096774194,"Bowfin",2722,"High","Warm"
"4317","Bowfin",2022,31,1,155,"2022",0.00645161290322581,"Bowfin",2722,"High","Warm"
"4318","Bowfin",2022,35,0,155,"2022",0,"Bowfin",2722,"High","Warm"
"4319","Bowfin",2022,13,0,155,"2022",0,"Bowfin",2722,"High","Warm"
"4320","Bowfin",2022,14,15,155,"2022",0.0967741935483871,"Bowfin",2722,"High","Warm"
"4321","Bowfin",2022,34,1,155,"2022",0.00645161290322581,"Bowfin",2722,"High","Warm"
"4322","Bowfin",2022,12,3,155,"2022",0.0193548387096774,"Bowfin",2722,"High","Warm"
"4323","Bowfin",2022,26,4,155,"2022",0.0258064516129032,"Bowfin",2722,"High","Warm"
"4324","Bowfin",2022,28,9,155,"2022",0.0580645161290323,"Bowfin",2722,"High","Warm"
"4325","Bowfin",2022,20,1,155,"2022",0.00645161290322581,"Bowfin",2722,"High","Warm"
"4326","Bowfin",2022,25,2,155,"2022",0.0129032258064516,"Bowfin",2722,"High","Warm"
"4327","Bowfin",2022,21,4,155,"2022",0.0258064516129032,"Bowfin",2722,"High","Warm"
"4328","Bowfin",2022,22,1,155,"2022",0.00645161290322581,"Bowfin",2722,"High","Warm"
"4329","Bowfin",2022,29,6,155,"2022",0.0387096774193548,"Bowfin",2722,"High","Warm"
"4330","Bowfin",2022,24,5,155,"2022",0.032258064516129,"Bowfin",2722,"High","Warm"
"4331","Bowfin",2022,30,1,155,"2022",0.00645161290322581,"Bowfin",2722,"High","Warm"
"4332","Bowfin",2022,27,0,155,"2022",0,"Bowfin",2722,"High","Warm"
"4333","Bowfin",2022,23,2,155,"2022",0.0129032258064516,"Bowfin",2722,"High","Warm"
"4334","Brown Bullhead",1997,25,80,5187,"1997",0.0154231733179102,"Brown Bullhead",430799,"High","Warm"
"4335","Brown Bullhead",1997,33,95,5187,"1997",0.0183150183150183,"Brown Bullhead",430799,"High","Warm"
"4336","Brown Bullhead",1997,17,442,5187,"1997",0.0852130325814536,"Brown Bullhead",430799,"High","Warm"
"4337","Brown Bullhead",1997,23,32,5187,"1997",0.00616926932716406,"Brown Bullhead",430799,"High","Warm"
"4338","Brown Bullhead",1997,15,256,5187,"1997",0.0493541546173125,"Brown Bullhead",430799,"High","Warm"
"4339","Brown Bullhead",1997,30,801,5187,"1997",0.154424522845575,"Brown Bullhead",430799,"High","Warm"
"4340","Brown Bullhead",1997,32,173,5187,"1997",0.0333526122999807,"Brown Bullhead",430799,"High","Warm"
"4341","Brown Bullhead",1997,22,35,5187,"1997",0.0067476383265857,"Brown Bullhead",430799,"High","Warm"
"4342","Brown Bullhead",1997,18,82,5187,"1997",0.0158087526508579,"Brown Bullhead",430799,"High","Warm"
"4343","Brown Bullhead",1997,34,81,5187,"1997",0.015615962984384,"Brown Bullhead",430799,"High","Warm"
"4344","Brown Bullhead",1997,27,545,5187,"1997",0.105070368228263,"Brown Bullhead",430799,"High","Warm"
"4345","Brown Bullhead",1997,29,352,5187,"1997",0.0678619625988047,"Brown Bullhead",430799,"High","Warm"
"4346","Brown Bullhead",1997,24,53,5187,"1997",0.0102178523231155,"Brown Bullhead",430799,"High","Warm"
"4347","Brown Bullhead",1997,16,188,5187,"1997",0.0362444572970889,"Brown Bullhead",430799,"High","Warm"
"4348","Brown Bullhead",1997,21,26,5187,"1997",0.0050125313283208,"Brown Bullhead",430799,"High","Warm"
"4349","Brown Bullhead",1997,31,176,5187,"1997",0.0339309812994023,"Brown Bullhead",430799,"High","Warm"
"4350","Brown Bullhead",1997,28,235,5187,"1997",0.0453055716213611,"Brown Bullhead",430799,"High","Warm"
"4351","Brown Bullhead",1997,20,109,5187,"1997",0.0210140736456526,"Brown Bullhead",430799,"High","Warm"
"4352","Brown Bullhead",1997,14,148,5187,"1997",0.0285328706381338,"Brown Bullhead",430799,"High","Warm"
"4353","Brown Bullhead",1997,12,4,5187,"1997",0.000771158665895508,"Brown Bullhead",430799,"High","Warm"
"4354","Brown Bullhead",1997,13,243,5187,"1997",0.0468478889531521,"Brown Bullhead",430799,"High","Warm"
"4355","Brown Bullhead",1997,35,120,5187,"1997",0.0231347599768652,"Brown Bullhead",430799,"High","Warm"
"4356","Brown Bullhead",1997,26,758,5187,"1997",0.146134567187199,"Brown Bullhead",430799,"High","Warm"
"4357","Brown Bullhead",1997,19,153,5187,"1997",0.0294968189705032,"Brown Bullhead",430799,"High","Warm"
"4358","Brown Bullhead",1998,30,24,5279,"1998",0.00454631559007388,"Brown Bullhead",430799,"High","Warm"
"4359","Brown Bullhead",1998,12,4,5279,"1998",0.000757719265012313,"Brown Bullhead",430799,"High","Warm"
"4360","Brown Bullhead",1998,19,322,5279,"1998",0.0609964008334912,"Brown Bullhead",430799,"High","Warm"
"4361","Brown Bullhead",1998,29,68,5279,"1998",0.0128812275052093,"Brown Bullhead",430799,"High","Warm"
"4362","Brown Bullhead",1998,17,194,5279,"1998",0.0367493843530972,"Brown Bullhead",430799,"High","Warm"
"4363","Brown Bullhead",1998,34,9,5279,"1998",0.0017048683462777,"Brown Bullhead",430799,"High","Warm"
"4364","Brown Bullhead",1998,27,262,5279,"1998",0.0496306118583065,"Brown Bullhead",430799,"High","Warm"
"4365","Brown Bullhead",1998,33,61,5279,"1998",0.0115552187914378,"Brown Bullhead",430799,"High","Warm"
"4366","Brown Bullhead",1998,32,35,5279,"1998",0.00663004356885774,"Brown Bullhead",430799,"High","Warm"
"4367","Brown Bullhead",1998,23,114,5279,"1998",0.0215949990528509,"Brown Bullhead",430799,"High","Warm"
"4368","Brown Bullhead",1998,13,1601,5279,"1998",0.303277135821178,"Brown Bullhead",430799,"High","Warm"
"4369","Brown Bullhead",1998,14,538,5279,"1998",0.101913241144156,"Brown Bullhead",430799,"High","Warm"
"4370","Brown Bullhead",1998,15,22,5279,"1998",0.00416745595756772,"Brown Bullhead",430799,"High","Warm"
"4371","Brown Bullhead",1998,10,0,5279,"1998",0,"Brown Bullhead",430799,"High","Warm"
"4372","Brown Bullhead",1998,26,123,5279,"1998",0.0232998673991286,"Brown Bullhead",430799,"High","Warm"
"4373","Brown Bullhead",1998,28,131,5279,"1998",0.0248153059291533,"Brown Bullhead",430799,"High","Warm"
"4374","Brown Bullhead",1998,31,8,5279,"1998",0.00151543853002463,"Brown Bullhead",430799,"High","Warm"
"4375","Brown Bullhead",1998,18,118,5279,"1998",0.0223527183178632,"Brown Bullhead",430799,"High","Warm"
"4376","Brown Bullhead",1998,25,65,5279,"1998",0.0123129380564501,"Brown Bullhead",430799,"High","Warm"
"4377","Brown Bullhead",1998,24,364,5279,"1998",0.0689524531161205,"Brown Bullhead",430799,"High","Warm"
"4378","Brown Bullhead",1998,16,210,5279,"1998",0.0397802614131464,"Brown Bullhead",430799,"High","Warm"
"4379","Brown Bullhead",1998,22,343,5279,"1998",0.0649744269748058,"Brown Bullhead",430799,"High","Warm"
"4380","Brown Bullhead",1998,20,212,5279,"1998",0.0401591210456526,"Brown Bullhead",430799,"High","Warm"
"4381","Brown Bullhead",1998,35,4,5279,"1998",0.000757719265012313,"Brown Bullhead",430799,"High","Warm"
"4382","Brown Bullhead",1998,21,447,5279,"1998",0.084675127865126,"Brown Bullhead",430799,"High","Warm"
"4383","Brown Bullhead",2000,25,778,15774,"2000",0.0493216685685305,"Brown Bullhead",430799,"High","Warm"
"4384","Brown Bullhead",2000,35,138,15774,"2000",0.00874857360213009,"Brown Bullhead",430799,"High","Warm"
"4385","Brown Bullhead",2000,34,109,15774,"2000",0.00691010523646507,"Brown Bullhead",430799,"High","Warm"
"4386","Brown Bullhead",2000,32,34,15774,"2000",0.00215544567009002,"Brown Bullhead",430799,"High","Warm"
"4387","Brown Bullhead",2000,11,1758,15774,"2000",0.111449220235831,"Brown Bullhead",430799,"High","Warm"
"4388","Brown Bullhead",2000,12,1016,15774,"2000",0.0644097882591606,"Brown Bullhead",430799,"High","Warm"
"4389","Brown Bullhead",2000,10,2003,15774,"2000",0.126981108152656,"Brown Bullhead",430799,"High","Warm"
"4390","Brown Bullhead",2000,21,266,15774,"2000",0.0168631925954102,"Brown Bullhead",430799,"High","Warm"
"4391","Brown Bullhead",2000,18,836,15774,"2000",0.0529986052998605,"Brown Bullhead",430799,"High","Warm"
"4392","Brown Bullhead",2000,26,379,15774,"2000",0.0240268796754152,"Brown Bullhead",430799,"High","Warm"
"4393","Brown Bullhead",2000,31,72,15774,"2000",0.00456447318372005,"Brown Bullhead",430799,"High","Warm"
"4394","Brown Bullhead",2000,33,26,15774,"2000",0.00164828198301002,"Brown Bullhead",430799,"High","Warm"
"4395","Brown Bullhead",2000,29,74,15774,"2000",0.00469126410549005,"Brown Bullhead",430799,"High","Warm"
"4396","Brown Bullhead",2000,30,16,15774,"2000",0.00101432737416001,"Brown Bullhead",430799,"High","Warm"
"4397","Brown Bullhead",2000,9,33,15774,"2000",0.00209205020920502,"Brown Bullhead",430799,"High","Warm"
"4398","Brown Bullhead",2000,17,1666,15774,"2000",0.105616837834411,"Brown Bullhead",430799,"High","Warm"
"4399","Brown Bullhead",2000,15,11,15774,"2000",0.000697350069735007,"Brown Bullhead",430799,"High","Warm"
"4400","Brown Bullhead",2000,20,1032,15774,"2000",0.0654241156333207,"Brown Bullhead",430799,"High","Warm"
"4401","Brown Bullhead",2000,22,255,15774,"2000",0.0161658425256752,"Brown Bullhead",430799,"High","Warm"
"4402","Brown Bullhead",2000,14,392,15774,"2000",0.0248510206669202,"Brown Bullhead",430799,"High","Warm"
"4403","Brown Bullhead",2000,13,1266,15774,"2000",0.0802586534804108,"Brown Bullhead",430799,"High","Warm"
"4404","Brown Bullhead",2000,28,215,15774,"2000",0.0136300240902751,"Brown Bullhead",430799,"High","Warm"
"4405","Brown Bullhead",2000,16,1135,15774,"2000",0.0719538481044757,"Brown Bullhead",430799,"High","Warm"
"4406","Brown Bullhead",2000,19,760,15774,"2000",0.0481805502726005,"Brown Bullhead",430799,"High","Warm"
"4407","Brown Bullhead",2000,27,122,15774,"2000",0.00773424622797008,"Brown Bullhead",430799,"High","Warm"
"4408","Brown Bullhead",2000,23,262,15774,"2000",0.0166096107518702,"Brown Bullhead",430799,"High","Warm"
"4409","Brown Bullhead",2000,24,1120,15774,"2000",0.0710029161912007,"Brown Bullhead",430799,"High","Warm"
"4410","Brown Bullhead",2001,13,77,21996,"2001",0.00350063647935988,"Brown Bullhead",430799,"High","Warm"
"4411","Brown Bullhead",2001,28,64,21996,"2001",0.00290961993089653,"Brown Bullhead",430799,"High","Warm"
"4412","Brown Bullhead",2001,32,77,21996,"2001",0.00350063647935988,"Brown Bullhead",430799,"High","Warm"
"4413","Brown Bullhead",2001,16,469,21996,"2001",0.0213220585561011,"Brown Bullhead",430799,"High","Warm"
"4414","Brown Bullhead",2001,21,419,21996,"2001",0.0190489179850882,"Brown Bullhead",430799,"High","Warm"
"4415","Brown Bullhead",2001,25,1534,21996,"2001",0.0697399527186761,"Brown Bullhead",430799,"High","Warm"
"4416","Brown Bullhead",2001,14,962,21996,"2001",0.0437352245862884,"Brown Bullhead",430799,"High","Warm"
"4417","Brown Bullhead",2001,19,665,21996,"2001",0.0302327695944717,"Brown Bullhead",430799,"High","Warm"
"4418","Brown Bullhead",2001,33,57,21996,"2001",0.00259138025095472,"Brown Bullhead",430799,"High","Warm"
"4419","Brown Bullhead",2001,15,4496,21996,"2001",0.204400800145481,"Brown Bullhead",430799,"High","Warm"
"4420","Brown Bullhead",2001,23,465,21996,"2001",0.0211402073104201,"Brown Bullhead",430799,"High","Warm"
"4421","Brown Bullhead",2001,30,119,21996,"2001",0.00541007455901073,"Brown Bullhead",430799,"High","Warm"
"4422","Brown Bullhead",2001,20,1381,21996,"2001",0.0627841425713766,"Brown Bullhead",430799,"High","Warm"
"4423","Brown Bullhead",2001,29,68,21996,"2001",0.00309147117657756,"Brown Bullhead",430799,"High","Warm"
"4424","Brown Bullhead",2001,18,1927,21996,"2001",0.0876068376068376,"Brown Bullhead",430799,"High","Warm"
"4425","Brown Bullhead",2001,24,1229,21996,"2001",0.0558737952354974,"Brown Bullhead",430799,"High","Warm"
"4426","Brown Bullhead",2001,11,64,21996,"2001",0.00290961993089653,"Brown Bullhead",430799,"High","Warm"
"4427","Brown Bullhead",2001,17,2884,21996,"2001",0.131114748136025,"Brown Bullhead",430799,"High","Warm"
"4428","Brown Bullhead",2001,34,1191,21996,"2001",0.0541462084015275,"Brown Bullhead",430799,"High","Warm"
"4429","Brown Bullhead",2001,12,681,21996,"2001",0.0309601745771959,"Brown Bullhead",430799,"High","Warm"
"4430","Brown Bullhead",2001,31,101,21996,"2001",0.00459174395344608,"Brown Bullhead",430799,"High","Warm"
"4431","Brown Bullhead",2001,26,954,21996,"2001",0.0433715220949263,"Brown Bullhead",430799,"High","Warm"
"4432","Brown Bullhead",2001,22,1484,21996,"2001",0.0674668121476632,"Brown Bullhead",430799,"High","Warm"
"4433","Brown Bullhead",2001,27,225,21996,"2001",0.0102291325695581,"Brown Bullhead",430799,"High","Warm"
"4434","Brown Bullhead",2001,35,403,21996,"2001",0.0183215130023641,"Brown Bullhead",430799,"High","Warm"
"4435","Brown Bullhead",2002,17,354,23592,"2002",0.0150050864699898,"Brown Bullhead",430799,"High","Warm"
"4436","Brown Bullhead",2002,14,179,23592,"2002",0.00758731773482536,"Brown Bullhead",430799,"High","Warm"
"4437","Brown Bullhead",2002,31,247,23592,"2002",0.0104696507290607,"Brown Bullhead",430799,"High","Warm"
"4438","Brown Bullhead",2002,13,1,23592,"2002",4.23872499152255e-05,"Brown Bullhead",430799,"High","Warm"
"4439","Brown Bullhead",2002,15,5308,23592,"2002",0.224991522550017,"Brown Bullhead",430799,"High","Warm"
"4440","Brown Bullhead",2002,18,369,23592,"2002",0.0156408952187182,"Brown Bullhead",430799,"High","Warm"
"4441","Brown Bullhead",2002,12,146,23592,"2002",0.00618853848762292,"Brown Bullhead",430799,"High","Warm"
"4442","Brown Bullhead",2002,22,2273,23592,"2002",0.0963462190573076,"Brown Bullhead",430799,"High","Warm"
"4443","Brown Bullhead",2002,10,8,23592,"2002",0.000339097999321804,"Brown Bullhead",430799,"High","Warm"
"4444","Brown Bullhead",2002,16,4631,23592,"2002",0.196295354357409,"Brown Bullhead",430799,"High","Warm"
"4445","Brown Bullhead",2002,21,622,23592,"2002",0.0263648694472703,"Brown Bullhead",430799,"High","Warm"
"4446","Brown Bullhead",2002,32,216,23592,"2002",0.00915564598168871,"Brown Bullhead",430799,"High","Warm"
"4447","Brown Bullhead",2002,20,1492,23592,"2002",0.0632417768735165,"Brown Bullhead",430799,"High","Warm"
"4448","Brown Bullhead",2002,11,304,23592,"2002",0.0128857239742286,"Brown Bullhead",430799,"High","Warm"
"4449","Brown Bullhead",2002,19,1662,23592,"2002",0.0704476093591048,"Brown Bullhead",430799,"High","Warm"
"4450","Brown Bullhead",2002,24,1129,23592,"2002",0.0478552051542896,"Brown Bullhead",430799,"High","Warm"
"4451","Brown Bullhead",2002,27,457,23592,"2002",0.0193709732112581,"Brown Bullhead",430799,"High","Warm"
"4452","Brown Bullhead",2002,23,966,23592,"2002",0.0409460834181078,"Brown Bullhead",430799,"High","Warm"
"4453","Brown Bullhead",2002,25,1153,23592,"2002",0.048872499152255,"Brown Bullhead",430799,"High","Warm"
"4454","Brown Bullhead",2002,26,594,23592,"2002",0.0251780264496439,"Brown Bullhead",430799,"High","Warm"
"4455","Brown Bullhead",2002,30,154,23592,"2002",0.00652763648694473,"Brown Bullhead",430799,"High","Warm"
"4456","Brown Bullhead",2002,33,188,23592,"2002",0.00796880298406239,"Brown Bullhead",430799,"High","Warm"
"4457","Brown Bullhead",2002,34,382,23592,"2002",0.0161919294676161,"Brown Bullhead",430799,"High","Warm"
"4458","Brown Bullhead",2002,35,448,23592,"2002",0.018989487962021,"Brown Bullhead",430799,"High","Warm"
"4459","Brown Bullhead",2002,28,220,23592,"2002",0.00932519498134961,"Brown Bullhead",430799,"High","Warm"
"4460","Brown Bullhead",2002,29,89,23592,"2002",0.00377246524245507,"Brown Bullhead",430799,"High","Warm"
"4461","Brown Bullhead",2003,16,3349,28591,"2003",0.117134762687559,"Brown Bullhead",430799,"High","Warm"
"4462","Brown Bullhead",2003,15,375,28591,"2003",0.0131160155293624,"Brown Bullhead",430799,"High","Warm"
"4463","Brown Bullhead",2003,23,1461,28591,"2003",0.0510999965023959,"Brown Bullhead",430799,"High","Warm"
"4464","Brown Bullhead",2003,30,215,28591,"2003",0.0075198489035011,"Brown Bullhead",430799,"High","Warm"
"4465","Brown Bullhead",2003,13,849,28591,"2003",0.0296946591584764,"Brown Bullhead",430799,"High","Warm"
"4466","Brown Bullhead",2003,17,4375,28591,"2003",0.153020181175894,"Brown Bullhead",430799,"High","Warm"
"4467","Brown Bullhead",2003,12,1,28591,"2003",3.4976041411633e-05,"Brown Bullhead",430799,"High","Warm"
"4468","Brown Bullhead",2003,25,1921,28591,"2003",0.067188975551747,"Brown Bullhead",430799,"High","Warm"
"4469","Brown Bullhead",2003,14,0,28591,"2003",0,"Brown Bullhead",430799,"High","Warm"
"4470","Brown Bullhead",2003,24,1281,28591,"2003",0.0448043090483019,"Brown Bullhead",430799,"High","Warm"
"4471","Brown Bullhead",2003,35,94,28591,"2003",0.0032877478926935,"Brown Bullhead",430799,"High","Warm"
"4472","Brown Bullhead",2003,19,3017,28591,"2003",0.105522716938897,"Brown Bullhead",430799,"High","Warm"
"4473","Brown Bullhead",2003,31,156,28591,"2003",0.00545626246021475,"Brown Bullhead",430799,"High","Warm"
"4474","Brown Bullhead",2003,18,2469,28591,"2003",0.086355846245322,"Brown Bullhead",430799,"High","Warm"
"4475","Brown Bullhead",2003,22,1810,28591,"2003",0.0633066349550558,"Brown Bullhead",430799,"High","Warm"
"4476","Brown Bullhead",2003,34,167,28591,"2003",0.00584099891574272,"Brown Bullhead",430799,"High","Warm"
"4477","Brown Bullhead",2003,26,1091,28591,"2003",0.0381588611800916,"Brown Bullhead",430799,"High","Warm"
"4478","Brown Bullhead",2003,32,302,28591,"2003",0.0105627645063132,"Brown Bullhead",430799,"High","Warm"
"4479","Brown Bullhead",2003,33,127,28591,"2003",0.0044419572592774,"Brown Bullhead",430799,"High","Warm"
"4480","Brown Bullhead",2003,27,1505,28591,"2003",0.0526389423245077,"Brown Bullhead",430799,"High","Warm"
"4481","Brown Bullhead",2003,28,553,28591,"2003",0.0193417509006331,"Brown Bullhead",430799,"High","Warm"
"4482","Brown Bullhead",2003,29,223,28591,"2003",0.00779965723479417,"Brown Bullhead",430799,"High","Warm"
"4483","Brown Bullhead",2003,21,2829,28591,"2003",0.0989472211535098,"Brown Bullhead",430799,"High","Warm"
"4484","Brown Bullhead",2003,20,421,28591,"2003",0.0147249134342975,"Brown Bullhead",430799,"High","Warm"
"4485","Brown Bullhead",2004,13,1079,28372,"2004",0.0380304525588608,"Brown Bullhead",430799,"High","Warm"
"4486","Brown Bullhead",2004,15,283,28372,"2004",0.00997462286761596,"Brown Bullhead",430799,"High","Warm"
"4487","Brown Bullhead",2004,25,2101,28372,"2004",0.0740518821373185,"Brown Bullhead",430799,"High","Warm"
"4488","Brown Bullhead",2004,22,1172,28372,"2004",0.0413083321584661,"Brown Bullhead",430799,"High","Warm"
"4489","Brown Bullhead",2004,29,405,28372,"2004",0.0142746369660228,"Brown Bullhead",430799,"High","Warm"
"4490","Brown Bullhead",2004,16,4781,28372,"2004",0.16851120823347,"Brown Bullhead",430799,"High","Warm"
"4491","Brown Bullhead",2004,14,632,28372,"2004",0.0222754828704356,"Brown Bullhead",430799,"High","Warm"
"4492","Brown Bullhead",2004,12,0,28372,"2004",0,"Brown Bullhead",430799,"High","Warm"
"4493","Brown Bullhead",2004,28,219,28372,"2004",0.00771887776681235,"Brown Bullhead",430799,"High","Warm"
"4494","Brown Bullhead",2004,35,125,28372,"2004",0.00440575215000705,"Brown Bullhead",430799,"High","Warm"
"4495","Brown Bullhead",2004,17,1851,28372,"2004",0.0652403778373044,"Brown Bullhead",430799,"High","Warm"
"4496","Brown Bullhead",2004,21,1436,28372,"2004",0.050613280699281,"Brown Bullhead",430799,"High","Warm"
"4497","Brown Bullhead",2004,34,28,28372,"2004",0.000986888481601579,"Brown Bullhead",430799,"High","Warm"
"4498","Brown Bullhead",2004,30,337,28372,"2004",0.011877907796419,"Brown Bullhead",430799,"High","Warm"
"4499","Brown Bullhead",2004,24,2195,28372,"2004",0.0773650077541238,"Brown Bullhead",430799,"High","Warm"
"4500","Brown Bullhead",2004,31,370,28372,"2004",0.0130410263640209,"Brown Bullhead",430799,"High","Warm"
"4501","Brown Bullhead",2004,26,835,28372,"2004",0.0294304243620471,"Brown Bullhead",430799,"High","Warm"
"4502","Brown Bullhead",2004,33,55,28372,"2004",0.0019385309460031,"Brown Bullhead",430799,"High","Warm"
"4503","Brown Bullhead",2004,32,229,28372,"2004",0.00807133793881291,"Brown Bullhead",430799,"High","Warm"
"4504","Brown Bullhead",2004,27,398,28372,"2004",0.0140279148456224,"Brown Bullhead",430799,"High","Warm"
"4505","Brown Bullhead",2004,19,2599,28372,"2004",0.0916043987029466,"Brown Bullhead",430799,"High","Warm"
"4506","Brown Bullhead",2004,23,3947,28372,"2004",0.139116029888623,"Brown Bullhead",430799,"High","Warm"
"4507","Brown Bullhead",2004,20,2792,28372,"2004",0.0984068800225574,"Brown Bullhead",430799,"High","Warm"
"4508","Brown Bullhead",2004,18,503,28372,"2004",0.0177287466516284,"Brown Bullhead",430799,"High","Warm"
"4509","Brown Bullhead",2005,25,2249,24815,"2005",0.0906306669353214,"Brown Bullhead",430799,"High","Warm"
"4510","Brown Bullhead",2005,27,104,24815,"2005",0.00419101349989925,"Brown Bullhead",430799,"High","Warm"
"4511","Brown Bullhead",2005,28,183,24815,"2005",0.0073745718315535,"Brown Bullhead",430799,"High","Warm"
"4512","Brown Bullhead",2005,21,608,24815,"2005",0.0245013096917187,"Brown Bullhead",430799,"High","Warm"
"4513","Brown Bullhead",2005,12,25,24815,"2005",0.00100745516824501,"Brown Bullhead",430799,"High","Warm"
"4514","Brown Bullhead",2005,15,4780,24815,"2005",0.192625428168446,"Brown Bullhead",430799,"High","Warm"
"4515","Brown Bullhead",2005,13,716,24815,"2005",0.0288535160185372,"Brown Bullhead",430799,"High","Warm"
"4516","Brown Bullhead",2005,23,2232,24815,"2005",0.0899455974209148,"Brown Bullhead",430799,"High","Warm"
"4517","Brown Bullhead",2005,29,64,24815,"2005",0.00257908523070723,"Brown Bullhead",430799,"High","Warm"
"4518","Brown Bullhead",2005,20,443,24815,"2005",0.0178521055813016,"Brown Bullhead",430799,"High","Warm"
"4519","Brown Bullhead",2005,30,63,24815,"2005",0.00253878702397743,"Brown Bullhead",430799,"High","Warm"
"4520","Brown Bullhead",2005,22,950,24815,"2005",0.0382832963933105,"Brown Bullhead",430799,"High","Warm"
"4521","Brown Bullhead",2005,24,2490,24815,"2005",0.100342534757203,"Brown Bullhead",430799,"High","Warm"
"4522","Brown Bullhead",2005,16,1507,24815,"2005",0.0607293975418094,"Brown Bullhead",430799,"High","Warm"
"4523","Brown Bullhead",2005,31,39,24815,"2005",0.00157163006246222,"Brown Bullhead",430799,"High","Warm"
"4524","Brown Bullhead",2005,14,4468,24815,"2005",0.180052387668749,"Brown Bullhead",430799,"High","Warm"
"4525","Brown Bullhead",2005,18,225,24815,"2005",0.00906709651420512,"Brown Bullhead",430799,"High","Warm"
"4526","Brown Bullhead",2005,19,1386,24815,"2005",0.0558533145275035,"Brown Bullhead",430799,"High","Warm"
"4527","Brown Bullhead",2005,26,1485,24815,"2005",0.0598428369937538,"Brown Bullhead",430799,"High","Warm"
"4528","Brown Bullhead",2005,17,376,24815,"2005",0.015152125730405,"Brown Bullhead",430799,"High","Warm"
"4529","Brown Bullhead",2005,32,121,24815,"2005",0.00487608301430586,"Brown Bullhead",430799,"High","Warm"
"4530","Brown Bullhead",2005,33,85,24815,"2005",0.00342534757203304,"Brown Bullhead",430799,"High","Warm"
"4531","Brown Bullhead",2005,34,26,24815,"2005",0.00104775337497481,"Brown Bullhead",430799,"High","Warm"
"4532","Brown Bullhead",2005,35,190,24815,"2005",0.0076566592786621,"Brown Bullhead",430799,"High","Warm"
"4533","Brown Bullhead",2006,33,56,31274,"2006",0.00179062480015348,"Brown Bullhead",430799,"High","Warm"
"4534","Brown Bullhead",2006,32,19,31274,"2006",0.000607533414337789,"Brown Bullhead",430799,"High","Warm"
"4535","Brown Bullhead",2006,26,1152,31274,"2006",0.0368357101745859,"Brown Bullhead",430799,"High","Warm"
"4536","Brown Bullhead",2006,29,218,31274,"2006",0.00697064654345463,"Brown Bullhead",430799,"High","Warm"
"4537","Brown Bullhead",2006,28,1364,31274,"2006",0.0436145040608812,"Brown Bullhead",430799,"High","Warm"
"4538","Brown Bullhead",2006,11,108,31274,"2006",0.00345334782886743,"Brown Bullhead",430799,"High","Warm"
"4539","Brown Bullhead",2006,27,361,31274,"2006",0.011543134872418,"Brown Bullhead",430799,"High","Warm"
"4540","Brown Bullhead",2006,21,379,31274,"2006",0.0121186928438959,"Brown Bullhead",430799,"High","Warm"
"4541","Brown Bullhead",2006,13,514,31274,"2006",0.0164353776299802,"Brown Bullhead",430799,"High","Warm"
"4542","Brown Bullhead",2006,14,1106,31274,"2006",0.0353648398030313,"Brown Bullhead",430799,"High","Warm"
"4543","Brown Bullhead",2006,34,9,31274,"2006",0.000287778985738952,"Brown Bullhead",430799,"High","Warm"
"4544","Brown Bullhead",2006,31,182,31274,"2006",0.00581953060049882,"Brown Bullhead",430799,"High","Warm"
"4545","Brown Bullhead",2006,35,26,31274,"2006",0.000831361514356974,"Brown Bullhead",430799,"High","Warm"
"4546","Brown Bullhead",2006,22,3285,31274,"2006",0.105039329794718,"Brown Bullhead",430799,"High","Warm"
"4547","Brown Bullhead",2006,16,1836,31274,"2006",0.0587069130907463,"Brown Bullhead",430799,"High","Warm"
"4548","Brown Bullhead",2006,12,1,31274,"2006",3.19754428598836e-05,"Brown Bullhead",430799,"High","Warm"
"4549","Brown Bullhead",2006,30,20,31274,"2006",0.000639508857197672,"Brown Bullhead",430799,"High","Warm"
"4550","Brown Bullhead",2006,18,1731,31274,"2006",0.0553494915904585,"Brown Bullhead",430799,"High","Warm"
"4551","Brown Bullhead",2006,15,2974,31274,"2006",0.0950949670652939,"Brown Bullhead",430799,"High","Warm"
"4552","Brown Bullhead",2006,20,6619,31274,"2006",0.21164545628957,"Brown Bullhead",430799,"High","Warm"
"4553","Brown Bullhead",2006,17,677,31274,"2006",0.0216473748161412,"Brown Bullhead",430799,"High","Warm"
"4554","Brown Bullhead",2006,25,1777,31274,"2006",0.0568203619620132,"Brown Bullhead",430799,"High","Warm"
"4555","Brown Bullhead",2006,23,1922,31274,"2006",0.0614568011766963,"Brown Bullhead",430799,"High","Warm"
"4556","Brown Bullhead",2006,24,4010,31274,"2006",0.128221525868133,"Brown Bullhead",430799,"High","Warm"
"4557","Brown Bullhead",2006,19,928,31274,"2006",0.029673210973972,"Brown Bullhead",430799,"High","Warm"
"4558","Brown Bullhead",2007,20,1723,23265,"2007",0.0740597464001719,"Brown Bullhead",430799,"High","Warm"
"4559","Brown Bullhead",2007,16,1928,23265,"2007",0.0828712658499893,"Brown Bullhead",430799,"High","Warm"
"4560","Brown Bullhead",2007,19,1152,23265,"2007",0.0495164410058027,"Brown Bullhead",430799,"High","Warm"
"4561","Brown Bullhead",2007,17,1758,23265,"2007",0.0755641521598968,"Brown Bullhead",430799,"High","Warm"
"4562","Brown Bullhead",2007,33,47,23265,"2007",0.00202020202020202,"Brown Bullhead",430799,"High","Warm"
"4563","Brown Bullhead",2007,15,56,23265,"2007",0.00240704921555985,"Brown Bullhead",430799,"High","Warm"
"4564","Brown Bullhead",2007,18,1458,23265,"2007",0.0626692456479691,"Brown Bullhead",430799,"High","Warm"
"4565","Brown Bullhead",2007,12,20,23265,"2007",0.000859660434128519,"Brown Bullhead",430799,"High","Warm"
"4566","Brown Bullhead",2007,32,63,23265,"2007",0.00270793036750484,"Brown Bullhead",430799,"High","Warm"
"4567","Brown Bullhead",2007,14,1545,23265,"2007",0.0664087685364281,"Brown Bullhead",430799,"High","Warm"
"4568","Brown Bullhead",2007,22,2351,23265,"2007",0.101053084031807,"Brown Bullhead",430799,"High","Warm"
"4569","Brown Bullhead",2007,23,3402,23265,"2007",0.146228239845261,"Brown Bullhead",430799,"High","Warm"
"4570","Brown Bullhead",2007,21,360,23265,"2007",0.0154738878143133,"Brown Bullhead",430799,"High","Warm"
"4571","Brown Bullhead",2007,31,108,23265,"2007",0.004642166344294,"Brown Bullhead",430799,"High","Warm"
"4572","Brown Bullhead",2007,13,2435,23265,"2007",0.104663657855147,"Brown Bullhead",430799,"High","Warm"
"4573","Brown Bullhead",2007,24,1720,23265,"2007",0.0739307973350527,"Brown Bullhead",430799,"High","Warm"
"4574","Brown Bullhead",2007,34,14,23265,"2007",0.000601762303889963,"Brown Bullhead",430799,"High","Warm"
"4575","Brown Bullhead",2007,30,65,23265,"2007",0.00279389641091769,"Brown Bullhead",430799,"High","Warm"
"4576","Brown Bullhead",2007,29,103,23265,"2007",0.00442725123576187,"Brown Bullhead",430799,"High","Warm"
"4577","Brown Bullhead",2007,25,1772,23265,"2007",0.0761659144637868,"Brown Bullhead",430799,"High","Warm"
"4578","Brown Bullhead",2007,26,515,23265,"2007",0.0221362561788094,"Brown Bullhead",430799,"High","Warm"
"4579","Brown Bullhead",2007,35,20,23265,"2007",0.000859660434128519,"Brown Bullhead",430799,"High","Warm"
"4580","Brown Bullhead",2007,28,176,23265,"2007",0.00756501182033097,"Brown Bullhead",430799,"High","Warm"
"4581","Brown Bullhead",2007,27,474,23265,"2007",0.0203739522888459,"Brown Bullhead",430799,"High","Warm"
"4582","Brown Bullhead",2008,24,1115,29529,"2008",0.0377594906701886,"Brown Bullhead",430799,"High","Warm"
"4583","Brown Bullhead",2008,13,10,29529,"2008",0.000338650140539808,"Brown Bullhead",430799,"High","Warm"
"4584","Brown Bullhead",2008,25,3080,29529,"2008",0.104304243286261,"Brown Bullhead",430799,"High","Warm"
"4585","Brown Bullhead",2008,35,124,29529,"2008",0.00419926174269362,"Brown Bullhead",430799,"High","Warm"
"4586","Brown Bullhead",2008,15,7062,29529,"2008",0.239154729249213,"Brown Bullhead",430799,"High","Warm"
"4587","Brown Bullhead",2008,23,1151,29529,"2008",0.0389786311761319,"Brown Bullhead",430799,"High","Warm"
"4588","Brown Bullhead",2008,19,679,29529,"2008",0.022994344542653,"Brown Bullhead",430799,"High","Warm"
"4589","Brown Bullhead",2008,31,280,29529,"2008",0.00948220393511463,"Brown Bullhead",430799,"High","Warm"
"4590","Brown Bullhead",2008,32,369,29529,"2008",0.0124961901859189,"Brown Bullhead",430799,"High","Warm"
"4591","Brown Bullhead",2008,22,300,29529,"2008",0.0101595042161942,"Brown Bullhead",430799,"High","Warm"
"4592","Brown Bullhead",2008,30,614,29529,"2008",0.0207931186291442,"Brown Bullhead",430799,"High","Warm"
"4593","Brown Bullhead",2008,14,1766,29529,"2008",0.0598056148193302,"Brown Bullhead",430799,"High","Warm"
"4594","Brown Bullhead",2008,33,64,29529,"2008",0.00216736089945477,"Brown Bullhead",430799,"High","Warm"
"4595","Brown Bullhead",2008,28,754,29529,"2008",0.0255342205967015,"Brown Bullhead",430799,"High","Warm"
"4596","Brown Bullhead",2008,29,540,29529,"2008",0.0182871075891496,"Brown Bullhead",430799,"High","Warm"
"4597","Brown Bullhead",2008,18,377,29529,"2008",0.0127671102983508,"Brown Bullhead",430799,"High","Warm"
"4598","Brown Bullhead",2008,26,1649,29529,"2008",0.0558434081750144,"Brown Bullhead",430799,"High","Warm"
"4599","Brown Bullhead",2008,20,188,29529,"2008",0.0063666226421484,"Brown Bullhead",430799,"High","Warm"
"4600","Brown Bullhead",2008,16,5629,29529,"2008",0.190626164109858,"Brown Bullhead",430799,"High","Warm"
"4601","Brown Bullhead",2008,17,1876,29529,"2008",0.063530766365268,"Brown Bullhead",430799,"High","Warm"
"4602","Brown Bullhead",2008,21,60,29529,"2008",0.00203190084323885,"Brown Bullhead",430799,"High","Warm"
"4603","Brown Bullhead",2008,27,1755,29529,"2008",0.0594330996647364,"Brown Bullhead",430799,"High","Warm"
"4604","Brown Bullhead",2008,34,87,29529,"2008",0.00294625622269633,"Brown Bullhead",430799,"High","Warm"
"4605","Brown Bullhead",2009,26,1175,22120,"2009",0.053119349005425,"Brown Bullhead",430799,"High","Warm"
"4606","Brown Bullhead",2009,19,238,22120,"2009",0.0107594936708861,"Brown Bullhead",430799,"High","Warm"
"4607","Brown Bullhead",2009,18,2297,22120,"2009",0.103842676311031,"Brown Bullhead",430799,"High","Warm"
"4608","Brown Bullhead",2009,12,442,22120,"2009",0.0199819168173599,"Brown Bullhead",430799,"High","Warm"
"4609","Brown Bullhead",2009,23,996,22120,"2009",0.0450271247739602,"Brown Bullhead",430799,"High","Warm"
"4610","Brown Bullhead",2009,29,361,22120,"2009",0.0163200723327306,"Brown Bullhead",430799,"High","Warm"
"4611","Brown Bullhead",2009,21,824,22120,"2009",0.037251356238698,"Brown Bullhead",430799,"High","Warm"
"4612","Brown Bullhead",2009,25,898,22120,"2009",0.0405967450271248,"Brown Bullhead",430799,"High","Warm"
"4613","Brown Bullhead",2009,13,66,22120,"2009",0.00298372513562387,"Brown Bullhead",430799,"High","Warm"
"4614","Brown Bullhead",2009,28,234,22120,"2009",0.0105786618444846,"Brown Bullhead",430799,"High","Warm"
"4615","Brown Bullhead",2009,24,384,22120,"2009",0.0173598553345389,"Brown Bullhead",430799,"High","Warm"
"4616","Brown Bullhead",2009,11,75,22120,"2009",0.00339059674502712,"Brown Bullhead",430799,"High","Warm"
"4617","Brown Bullhead",2009,22,265,22120,"2009",0.0119801084990958,"Brown Bullhead",430799,"High","Warm"
"4618","Brown Bullhead",2009,27,708,22120,"2009",0.0320072332730561,"Brown Bullhead",430799,"High","Warm"
"4619","Brown Bullhead",2009,31,303,22120,"2009",0.0136980108499096,"Brown Bullhead",430799,"High","Warm"
"4620","Brown Bullhead",2009,30,509,22120,"2009",0.0230108499095841,"Brown Bullhead",430799,"High","Warm"
"4621","Brown Bullhead",2009,15,326,22120,"2009",0.0147377938517179,"Brown Bullhead",430799,"High","Warm"
"4622","Brown Bullhead",2009,20,162,22120,"2009",0.00732368896925859,"Brown Bullhead",430799,"High","Warm"
"4623","Brown Bullhead",2009,32,171,22120,"2009",0.00773056057866184,"Brown Bullhead",430799,"High","Warm"
"4624","Brown Bullhead",2009,34,439,22120,"2009",0.0198462929475588,"Brown Bullhead",430799,"High","Warm"
"4625","Brown Bullhead",2009,35,98,22120,"2009",0.00443037974683544,"Brown Bullhead",430799,"High","Warm"
"4626","Brown Bullhead",2009,33,227,22120,"2009",0.0102622061482821,"Brown Bullhead",430799,"High","Warm"
"4627","Brown Bullhead",2009,14,479,22120,"2009",0.0216546112115732,"Brown Bullhead",430799,"High","Warm"
"4628","Brown Bullhead",2009,17,8064,22120,"2009",0.364556962025316,"Brown Bullhead",430799,"High","Warm"
"4629","Brown Bullhead",2009,16,2379,22120,"2009",0.10754972875226,"Brown Bullhead",430799,"High","Warm"
"4630","Brown Bullhead",2010,22,568,13099,"2010",0.0433620887090618,"Brown Bullhead",430799,"High","Warm"
"4631","Brown Bullhead",2010,34,85,13099,"2010",0.00648904496526452,"Brown Bullhead",430799,"High","Warm"
"4632","Brown Bullhead",2010,11,3,13099,"2010",0.000229025116421101,"Brown Bullhead",430799,"High","Warm"
"4633","Brown Bullhead",2010,35,52,13099,"2010",0.00396976868463241,"Brown Bullhead",430799,"High","Warm"
"4634","Brown Bullhead",2010,27,94,13099,"2010",0.00717612031452783,"Brown Bullhead",430799,"High","Warm"
"4635","Brown Bullhead",2010,31,226,13099,"2010",0.0172532254370563,"Brown Bullhead",430799,"High","Warm"
"4636","Brown Bullhead",2010,21,289,13099,"2010",0.0220627528818994,"Brown Bullhead",430799,"High","Warm"
"4637","Brown Bullhead",2010,12,1711,13099,"2010",0.130620658065501,"Brown Bullhead",430799,"High","Warm"
"4638","Brown Bullhead",2010,18,638,13099,"2010",0.0487060080922208,"Brown Bullhead",430799,"High","Warm"
"4639","Brown Bullhead",2010,30,166,13099,"2010",0.0126727231086342,"Brown Bullhead",430799,"High","Warm"
"4640","Brown Bullhead",2010,19,291,13099,"2010",0.0222154362928468,"Brown Bullhead",430799,"High","Warm"
"4641","Brown Bullhead",2010,33,276,13099,"2010",0.0210703107107413,"Brown Bullhead",430799,"High","Warm"
"4642","Brown Bullhead",2010,14,2509,13099,"2010",0.191541339033514,"Brown Bullhead",430799,"High","Warm"
"4643","Brown Bullhead",2010,32,190,13099,"2010",0.0145049240400031,"Brown Bullhead",430799,"High","Warm"
"4644","Brown Bullhead",2010,20,238,13099,"2010",0.0181693259027407,"Brown Bullhead",430799,"High","Warm"
"4645","Brown Bullhead",2010,26,1795,13099,"2010",0.137033361325292,"Brown Bullhead",430799,"High","Warm"
"4646","Brown Bullhead",2010,24,474,13099,"2010",0.0361859683945339,"Brown Bullhead",430799,"High","Warm"
"4647","Brown Bullhead",2010,23,844,13099,"2010",0.064432399419803,"Brown Bullhead",430799,"High","Warm"
"4648","Brown Bullhead",2010,17,74,13099,"2010",0.00564928620505382,"Brown Bullhead",430799,"High","Warm"
"4649","Brown Bullhead",2010,15,915,13099,"2010",0.0698526605084358,"Brown Bullhead",430799,"High","Warm"
"4650","Brown Bullhead",2010,16,257,13099,"2010",0.019619818306741,"Brown Bullhead",430799,"High","Warm"
"4651","Brown Bullhead",2010,29,203,13099,"2010",0.0154973662111612,"Brown Bullhead",430799,"High","Warm"
"4652","Brown Bullhead",2010,25,414,13099,"2010",0.0316054660661119,"Brown Bullhead",430799,"High","Warm"
"4653","Brown Bullhead",2010,13,484,13099,"2010",0.0369493854492709,"Brown Bullhead",430799,"High","Warm"
"4654","Brown Bullhead",2010,28,303,13099,"2010",0.0231315367585312,"Brown Bullhead",430799,"High","Warm"
"4655","Brown Bullhead",2011,11,0,13836,"2011",0,"Brown Bullhead",430799,"High","Warm"
"4656","Brown Bullhead",2011,30,590,13836,"2011",0.0426423821913848,"Brown Bullhead",430799,"High","Warm"
"4657","Brown Bullhead",2011,25,1049,13836,"2011",0.0758167100318011,"Brown Bullhead",430799,"High","Warm"
"4658","Brown Bullhead",2011,15,3470,13836,"2011",0.250795027464585,"Brown Bullhead",430799,"High","Warm"
"4659","Brown Bullhead",2011,29,247,13836,"2011",0.0178519803411391,"Brown Bullhead",430799,"High","Warm"
"4660","Brown Bullhead",2011,24,821,13836,"2011",0.0593379589476727,"Brown Bullhead",430799,"High","Warm"
"4661","Brown Bullhead",2011,32,19,13836,"2011",0.0013732292570107,"Brown Bullhead",430799,"High","Warm"
"4662","Brown Bullhead",2011,23,528,13836,"2011",0.0381613183000867,"Brown Bullhead",430799,"High","Warm"
"4663","Brown Bullhead",2011,31,56,13836,"2011",0.0040474125469789,"Brown Bullhead",430799,"High","Warm"
"4664","Brown Bullhead",2011,14,47,13836,"2011",0.00339693553050014,"Brown Bullhead",430799,"High","Warm"
"4665","Brown Bullhead",2011,35,22,13836,"2011",0.00159005492917028,"Brown Bullhead",430799,"High","Warm"
"4666","Brown Bullhead",2011,27,118,13836,"2011",0.00852847643827696,"Brown Bullhead",430799,"High","Warm"
"4667","Brown Bullhead",2011,16,173,13836,"2011",0.0125036137612027,"Brown Bullhead",430799,"High","Warm"
"4668","Brown Bullhead",2011,26,1510,13836,"2011",0.109135588320324,"Brown Bullhead",430799,"High","Warm"
"4669","Brown Bullhead",2011,13,2,13836,"2011",0.000144550448106389,"Brown Bullhead",430799,"High","Warm"
"4670","Brown Bullhead",2011,20,139,13836,"2011",0.010046256143394,"Brown Bullhead",430799,"High","Warm"
"4671","Brown Bullhead",2011,28,265,13836,"2011",0.0191529343740966,"Brown Bullhead",430799,"High","Warm"
"4672","Brown Bullhead",2011,12,141,13836,"2011",0.0101908065915004,"Brown Bullhead",430799,"High","Warm"
"4673","Brown Bullhead",2011,34,39,13836,"2011",0.00281873373807459,"Brown Bullhead",430799,"High","Warm"
"4674","Brown Bullhead",2011,18,592,13836,"2011",0.0427869326394912,"Brown Bullhead",430799,"High","Warm"
"4675","Brown Bullhead",2011,33,74,13836,"2011",0.0053483665799364,"Brown Bullhead",430799,"High","Warm"
"4676","Brown Bullhead",2011,21,664,13836,"2011",0.0479907487713212,"Brown Bullhead",430799,"High","Warm"
"4677","Brown Bullhead",2011,19,1139,13836,"2011",0.0823214801965886,"Brown Bullhead",430799,"High","Warm"
"4678","Brown Bullhead",2011,22,434,13836,"2011",0.0313674472390864,"Brown Bullhead",430799,"High","Warm"
"4679","Brown Bullhead",2011,17,1697,13836,"2011",0.122651055218271,"Brown Bullhead",430799,"High","Warm"
"4680","Brown Bullhead",2012,32,27,4357,"2012",0.00619692448932752,"Brown Bullhead",430799,"High","Warm"
"4681","Brown Bullhead",2012,23,555,4357,"2012",0.127381225613955,"Brown Bullhead",430799,"High","Warm"
"4682","Brown Bullhead",2012,31,67,4357,"2012",0.0153775533624053,"Brown Bullhead",430799,"High","Warm"
"4683","Brown Bullhead",2012,22,369,4357,"2012",0.0846913013541428,"Brown Bullhead",430799,"High","Warm"
"4684","Brown Bullhead",2012,16,221,4357,"2012",0.0507229745237549,"Brown Bullhead",430799,"High","Warm"
"4685","Brown Bullhead",2012,12,715,4357,"2012",0.164103741106266,"Brown Bullhead",430799,"High","Warm"
"4686","Brown Bullhead",2012,17,78,4357,"2012",0.0179022263025017,"Brown Bullhead",430799,"High","Warm"
"4687","Brown Bullhead",2012,35,22,4357,"2012",0.00504934588019279,"Brown Bullhead",430799,"High","Warm"
"4688","Brown Bullhead",2012,33,46,4357,"2012",0.0105577232040395,"Brown Bullhead",430799,"High","Warm"
"4689","Brown Bullhead",2012,24,147,4357,"2012",0.0337388111085609,"Brown Bullhead",430799,"High","Warm"
"4690","Brown Bullhead",2012,26,153,4357,"2012",0.0351159054395226,"Brown Bullhead",430799,"High","Warm"
"4691","Brown Bullhead",2012,30,40,4357,"2012",0.00918062887307781,"Brown Bullhead",430799,"High","Warm"
"4692","Brown Bullhead",2012,10,84,4357,"2012",0.0192793206334634,"Brown Bullhead",430799,"High","Warm"
"4693","Brown Bullhead",2012,11,524,4357,"2012",0.120266238237319,"Brown Bullhead",430799,"High","Warm"
"4694","Brown Bullhead",2012,13,4,4357,"2012",0.000918062887307781,"Brown Bullhead",430799,"High","Warm"
"4695","Brown Bullhead",2012,21,90,4357,"2012",0.0206564149644251,"Brown Bullhead",430799,"High","Warm"
"4696","Brown Bullhead",2012,25,728,4357,"2012",0.167087445490016,"Brown Bullhead",430799,"High","Warm"
"4697","Brown Bullhead",2012,27,48,4357,"2012",0.0110167546476934,"Brown Bullhead",430799,"High","Warm"
"4698","Brown Bullhead",2012,19,36,4357,"2012",0.00826256598577003,"Brown Bullhead",430799,"High","Warm"
"4699","Brown Bullhead",2012,20,60,4357,"2012",0.0137709433096167,"Brown Bullhead",430799,"High","Warm"
"4700","Brown Bullhead",2012,14,19,4357,"2012",0.00436079871471196,"Brown Bullhead",430799,"High","Warm"
"4701","Brown Bullhead",2012,15,7,4357,"2012",0.00160661005278862,"Brown Bullhead",430799,"High","Warm"
"4702","Brown Bullhead",2012,29,90,4357,"2012",0.0206564149644251,"Brown Bullhead",430799,"High","Warm"
"4703","Brown Bullhead",2012,18,175,4357,"2012",0.0401652513197154,"Brown Bullhead",430799,"High","Warm"
"4704","Brown Bullhead",2012,28,35,4357,"2012",0.00803305026394308,"Brown Bullhead",430799,"High","Warm"
"4705","Brown Bullhead",2012,34,17,4357,"2012",0.00390176727105807,"Brown Bullhead",430799,"High","Warm"
"4706","Brown Bullhead",2013,17,593,8337,"2013",0.071128703370517,"Brown Bullhead",430799,"High","Warm"
"4707","Brown Bullhead",2013,30,73,8337,"2013",0.00875614729519012,"Brown Bullhead",430799,"High","Warm"
"4708","Brown Bullhead",2013,34,195,8337,"2013",0.0233897085282476,"Brown Bullhead",430799,"High","Warm"
"4709","Brown Bullhead",2013,23,69,8337,"2013",0.00827635840230299,"Brown Bullhead",430799,"High","Warm"
"4710","Brown Bullhead",2013,31,16,8337,"2013",0.00191915557154852,"Brown Bullhead",430799,"High","Warm"
"4711","Brown Bullhead",2013,19,309,8337,"2013",0.0370636919755308,"Brown Bullhead",430799,"High","Warm"
"4712","Brown Bullhead",2013,16,3232,8337,"2013",0.387669425452801,"Brown Bullhead",430799,"High","Warm"
"4713","Brown Bullhead",2013,20,89,8337,"2013",0.0106753028667386,"Brown Bullhead",430799,"High","Warm"
"4714","Brown Bullhead",2013,27,181,8337,"2013",0.0217104474031426,"Brown Bullhead",430799,"High","Warm"
"4715","Brown Bullhead",2013,26,289,8337,"2013",0.0346647475110951,"Brown Bullhead",430799,"High","Warm"
"4716","Brown Bullhead",2013,33,321,8337,"2013",0.0385030586541922,"Brown Bullhead",430799,"High","Warm"
"4717","Brown Bullhead",2013,15,544,8337,"2013",0.0652512894326496,"Brown Bullhead",430799,"High","Warm"
"4718","Brown Bullhead",2013,29,131,8337,"2013",0.0157130862420535,"Brown Bullhead",430799,"High","Warm"
"4719","Brown Bullhead",2013,35,71,8337,"2013",0.00851625284874655,"Brown Bullhead",430799,"High","Warm"
"4720","Brown Bullhead",2013,18,484,8337,"2013",0.0580544560393427,"Brown Bullhead",430799,"High","Warm"
"4721","Brown Bullhead",2013,32,36,8337,"2013",0.00431810003598417,"Brown Bullhead",430799,"High","Warm"
"4722","Brown Bullhead",2013,11,0,8337,"2013",0,"Brown Bullhead",430799,"High","Warm"
"4723","Brown Bullhead",2013,28,152,8337,"2013",0.0182319779297109,"Brown Bullhead",430799,"High","Warm"
"4724","Brown Bullhead",2013,24,214,8337,"2013",0.0256687057694614,"Brown Bullhead",430799,"High","Warm"
"4725","Brown Bullhead",2013,25,416,8337,"2013",0.0498980448602615,"Brown Bullhead",430799,"High","Warm"
"4726","Brown Bullhead",2013,22,206,8337,"2013",0.0247091279836872,"Brown Bullhead",430799,"High","Warm"
"4727","Brown Bullhead",2013,12,1,8337,"2013",0.000119947223221782,"Brown Bullhead",430799,"High","Warm"
"4728","Brown Bullhead",2013,13,95,8337,"2013",0.0113949862060693,"Brown Bullhead",430799,"High","Warm"
"4729","Brown Bullhead",2013,14,499,8337,"2013",0.0598536643876694,"Brown Bullhead",430799,"High","Warm"
"4730","Brown Bullhead",2013,21,121,8337,"2013",0.0145136140098357,"Brown Bullhead",430799,"High","Warm"
"4731","Brown Bullhead",2014,22,61,12043,"2014",0.00506518309391348,"Brown Bullhead",430799,"High","Warm"
"4732","Brown Bullhead",2014,25,1385,12043,"2014",0.115004566968363,"Brown Bullhead",430799,"High","Warm"
"4733","Brown Bullhead",2014,29,103,12043,"2014",0.00855268620775554,"Brown Bullhead",430799,"High","Warm"
"4734","Brown Bullhead",2014,33,109,12043,"2014",0.00905090093830441,"Brown Bullhead",430799,"High","Warm"
"4735","Brown Bullhead",2014,19,588,12043,"2014",0.0488250435937889,"Brown Bullhead",430799,"High","Warm"
"4736","Brown Bullhead",2014,30,272,12043,"2014",0.0225857344515486,"Brown Bullhead",430799,"High","Warm"
"4737","Brown Bullhead",2014,26,1108,12043,"2014",0.0920036535746907,"Brown Bullhead",430799,"High","Warm"
"4738","Brown Bullhead",2014,16,1263,12043,"2014",0.104874200780536,"Brown Bullhead",430799,"High","Warm"
"4739","Brown Bullhead",2014,32,204,12043,"2014",0.0169393008386615,"Brown Bullhead",430799,"High","Warm"
"4740","Brown Bullhead",2014,31,359,12043,"2014",0.0298098480445072,"Brown Bullhead",430799,"High","Warm"
"4741","Brown Bullhead",2014,18,346,12043,"2014",0.0287303827949846,"Brown Bullhead",430799,"High","Warm"
"4742","Brown Bullhead",2014,21,170,12043,"2014",0.0141160840322179,"Brown Bullhead",430799,"High","Warm"
"4743","Brown Bullhead",2014,14,63,12043,"2014",0.0052312546707631,"Brown Bullhead",430799,"High","Warm"
"4744","Brown Bullhead",2014,35,167,12043,"2014",0.0138669766669435,"Brown Bullhead",430799,"High","Warm"
"4745","Brown Bullhead",2014,17,1297,12043,"2014",0.10769741758698,"Brown Bullhead",430799,"High","Warm"
"4746","Brown Bullhead",2014,34,153,12043,"2014",0.0127044756289961,"Brown Bullhead",430799,"High","Warm"
"4747","Brown Bullhead",2014,28,281,12043,"2014",0.0233330565473719,"Brown Bullhead",430799,"High","Warm"
"4748","Brown Bullhead",2014,13,0,12043,"2014",0,"Brown Bullhead",430799,"High","Warm"
"4749","Brown Bullhead",2014,23,78,12043,"2014",0.00647679149713527,"Brown Bullhead",430799,"High","Warm"
"4750","Brown Bullhead",2014,27,839,12043,"2014",0.0696670264884165,"Brown Bullhead",430799,"High","Warm"
"4751","Brown Bullhead",2014,20,629,12043,"2014",0.0522295109192062,"Brown Bullhead",430799,"High","Warm"
"4752","Brown Bullhead",2014,24,498,12043,"2014",0.0413518226355559,"Brown Bullhead",430799,"High","Warm"
"4753","Brown Bullhead",2014,15,2070,12043,"2014",0.171884082039359,"Brown Bullhead",430799,"High","Warm"
"4754","Brown Bullhead",2015,14,54,15403,"2015",0.00350581055638512,"Brown Bullhead",430799,"High","Warm"
"4755","Brown Bullhead",2015,25,808,15403,"2015",0.0524573135103551,"Brown Bullhead",430799,"High","Warm"
"4756","Brown Bullhead",2015,32,20,15403,"2015",0.00129844835421671,"Brown Bullhead",430799,"High","Warm"
"4757","Brown Bullhead",2015,26,826,15403,"2015",0.0536259170291502,"Brown Bullhead",430799,"High","Warm"
"4758","Brown Bullhead",2015,23,682,15403,"2015",0.0442770888787898,"Brown Bullhead",430799,"High","Warm"
"4759","Brown Bullhead",2015,24,1244,15403,"2015",0.0807634876322794,"Brown Bullhead",430799,"High","Warm"
"4760","Brown Bullhead",2015,27,80,15403,"2015",0.00519379341686684,"Brown Bullhead",430799,"High","Warm"
"4761","Brown Bullhead",2015,13,0,15403,"2015",0,"Brown Bullhead",430799,"High","Warm"
"4762","Brown Bullhead",2015,17,772,15403,"2015",0.050120106472765,"Brown Bullhead",430799,"High","Warm"
"4763","Brown Bullhead",2015,19,736,15403,"2015",0.047782899435175,"Brown Bullhead",430799,"High","Warm"
"4764","Brown Bullhead",2015,16,4576,15403,"2015",0.297084983444783,"Brown Bullhead",430799,"High","Warm"
"4765","Brown Bullhead",2015,20,125,15403,"2015",0.00811530221385444,"Brown Bullhead",430799,"High","Warm"
"4766","Brown Bullhead",2015,30,38,15403,"2015",0.00246705187301175,"Brown Bullhead",430799,"High","Warm"
"4767","Brown Bullhead",2015,18,930,15403,"2015",0.0603778484710771,"Brown Bullhead",430799,"High","Warm"
"4768","Brown Bullhead",2015,28,97,15403,"2015",0.00629747451795105,"Brown Bullhead",430799,"High","Warm"
"4769","Brown Bullhead",2015,15,3820,15403,"2015",0.248003635655392,"Brown Bullhead",430799,"High","Warm"
"4770","Brown Bullhead",2015,29,261,15403,"2015",0.0169447510225281,"Brown Bullhead",430799,"High","Warm"
"4771","Brown Bullhead",2015,33,5,15403,"2015",0.000324612088554178,"Brown Bullhead",430799,"High","Warm"
"4772","Brown Bullhead",2015,22,118,15403,"2015",0.0076608452898786,"Brown Bullhead",430799,"High","Warm"
"4773","Brown Bullhead",2015,31,44,15403,"2015",0.00285658637927676,"Brown Bullhead",430799,"High","Warm"
"4774","Brown Bullhead",2015,21,38,15403,"2015",0.00246705187301175,"Brown Bullhead",430799,"High","Warm"
"4775","Brown Bullhead",2015,35,108,15403,"2015",0.00701162111277024,"Brown Bullhead",430799,"High","Warm"
"4776","Brown Bullhead",2015,34,21,15403,"2015",0.00136337077192755,"Brown Bullhead",430799,"High","Warm"
"4777","Brown Bullhead",2016,11,389,23060,"2016",0.0168690372940156,"Brown Bullhead",430799,"High","Warm"
"4778","Brown Bullhead",2016,16,5936,23060,"2016",0.257415437987858,"Brown Bullhead",430799,"High","Warm"
"4779","Brown Bullhead",2016,30,62,23060,"2016",0.00268863833477884,"Brown Bullhead",430799,"High","Warm"
"4780","Brown Bullhead",2016,10,0,23060,"2016",0,"Brown Bullhead",430799,"High","Warm"
"4781","Brown Bullhead",2016,15,11,23060,"2016",0.000477016478751084,"Brown Bullhead",430799,"High","Warm"
"4782","Brown Bullhead",2016,32,0,23060,"2016",0,"Brown Bullhead",430799,"High","Warm"
"4783","Brown Bullhead",2016,29,254,23060,"2016",0.0110147441457069,"Brown Bullhead",430799,"High","Warm"
"4784","Brown Bullhead",2016,31,171,23060,"2016",0.00741543798785776,"Brown Bullhead",430799,"High","Warm"
"4785","Brown Bullhead",2016,23,1620,23060,"2016",0.0702515177797051,"Brown Bullhead",430799,"High","Warm"
"4786","Brown Bullhead",2016,19,799,23060,"2016",0.0346487424111015,"Brown Bullhead",430799,"High","Warm"
"4787","Brown Bullhead",2016,20,767,23060,"2016",0.0332610581092801,"Brown Bullhead",430799,"High","Warm"
"4788","Brown Bullhead",2016,22,894,23060,"2016",0.0387684301821336,"Brown Bullhead",430799,"High","Warm"
"4789","Brown Bullhead",2016,35,336,23060,"2016",0.014570685169124,"Brown Bullhead",430799,"High","Warm"
"4790","Brown Bullhead",2016,13,394,23060,"2016",0.0170858629661752,"Brown Bullhead",430799,"High","Warm"
"4791","Brown Bullhead",2016,24,1211,23060,"2016",0.0525151777970512,"Brown Bullhead",430799,"High","Warm"
"4792","Brown Bullhead",2016,12,59,23060,"2016",0.00255854293148309,"Brown Bullhead",430799,"High","Warm"
"4793","Brown Bullhead",2016,26,911,23060,"2016",0.0395056374674762,"Brown Bullhead",430799,"High","Warm"
"4794","Brown Bullhead",2016,18,409,23060,"2016",0.0177363399826539,"Brown Bullhead",430799,"High","Warm"
"4795","Brown Bullhead",2016,27,1293,23060,"2016",0.0560711188204683,"Brown Bullhead",430799,"High","Warm"
"4796","Brown Bullhead",2016,33,349,23060,"2016",0.0151344319167389,"Brown Bullhead",430799,"High","Warm"
"4797","Brown Bullhead",2016,17,2763,23060,"2016",0.119817866435386,"Brown Bullhead",430799,"High","Warm"
"4798","Brown Bullhead",2016,21,276,23060,"2016",0.011968777103209,"Brown Bullhead",430799,"High","Warm"
"4799","Brown Bullhead",2016,14,1268,23060,"2016",0.0549869904596704,"Brown Bullhead",430799,"High","Warm"
"4800","Brown Bullhead",2016,28,666,23060,"2016",0.0288811795316565,"Brown Bullhead",430799,"High","Warm"
"4801","Brown Bullhead",2016,25,2071,23060,"2016",0.0898091934084996,"Brown Bullhead",430799,"High","Warm"
"4802","Brown Bullhead",2016,34,151,23060,"2016",0.00654813529921943,"Brown Bullhead",430799,"High","Warm"
"4803","Brown Bullhead",2017,29,126,16728,"2017",0.00753228120516499,"Brown Bullhead",430799,"High","Warm"
"4804","Brown Bullhead",2017,28,284,16728,"2017",0.0169775227164036,"Brown Bullhead",430799,"High","Warm"
"4805","Brown Bullhead",2017,31,101,16728,"2017",0.00603778096604495,"Brown Bullhead",430799,"High","Warm"
"4806","Brown Bullhead",2017,33,419,16728,"2017",0.0250478240076518,"Brown Bullhead",430799,"High","Warm"
"4807","Brown Bullhead",2017,24,493,16728,"2017",0.0294715447154472,"Brown Bullhead",430799,"High","Warm"
"4808","Brown Bullhead",2017,20,368,16728,"2017",0.021999043519847,"Brown Bullhead",430799,"High","Warm"
"4809","Brown Bullhead",2017,22,288,16728,"2017",0.0172166427546628,"Brown Bullhead",430799,"High","Warm"
"4810","Brown Bullhead",2017,35,71,16728,"2017",0.00424438067910091,"Brown Bullhead",430799,"High","Warm"
"4811","Brown Bullhead",2017,32,39,16728,"2017",0.00233142037302726,"Brown Bullhead",430799,"High","Warm"
"4812","Brown Bullhead",2017,21,207,16728,"2017",0.0123744619799139,"Brown Bullhead",430799,"High","Warm"
"4813","Brown Bullhead",2017,30,361,16728,"2017",0.0215805834528934,"Brown Bullhead",430799,"High","Warm"
"4814","Brown Bullhead",2017,34,215,16728,"2017",0.0128527020564323,"Brown Bullhead",430799,"High","Warm"
"4815","Brown Bullhead",2017,27,771,16728,"2017",0.046090387374462,"Brown Bullhead",430799,"High","Warm"
"4816","Brown Bullhead",2017,19,254,16728,"2017",0.0151841224294596,"Brown Bullhead",430799,"High","Warm"
"4817","Brown Bullhead",2017,23,337,16728,"2017",0.0201458632233381,"Brown Bullhead",430799,"High","Warm"
"4818","Brown Bullhead",2017,14,1436,16728,"2017",0.085844093735055,"Brown Bullhead",430799,"High","Warm"
"4819","Brown Bullhead",2017,18,489,16728,"2017",0.0292324246771879,"Brown Bullhead",430799,"High","Warm"
"4820","Brown Bullhead",2017,26,1603,16728,"2017",0.0958273553323769,"Brown Bullhead",430799,"High","Warm"
"4821","Brown Bullhead",2017,13,613,16728,"2017",0.0366451458632233,"Brown Bullhead",430799,"High","Warm"
"4822","Brown Bullhead",2017,17,1042,16728,"2017",0.0622907699665232,"Brown Bullhead",430799,"High","Warm"
"4823","Brown Bullhead",2017,16,1334,16728,"2017",0.0797465327594452,"Brown Bullhead",430799,"High","Warm"
"4824","Brown Bullhead",2017,12,3,16728,"2017",0.000179340028694405,"Brown Bullhead",430799,"High","Warm"
"4825","Brown Bullhead",2017,15,4161,16728,"2017",0.248744619799139,"Brown Bullhead",430799,"High","Warm"
"4826","Brown Bullhead",2017,10,2,16728,"2017",0.000119560019129603,"Brown Bullhead",430799,"High","Warm"
"4827","Brown Bullhead",2017,25,1711,16728,"2017",0.102283596365375,"Brown Bullhead",430799,"High","Warm"
"4828","Brown Bullhead",2018,35,27,24054,"2018",0.00112247443252681,"Brown Bullhead",430799,"High","Warm"
"4829","Brown Bullhead",2018,18,6654,24054,"2018",0.276627587927164,"Brown Bullhead",430799,"High","Warm"
"4830","Brown Bullhead",2018,16,18,24054,"2018",0.00074831628835121,"Brown Bullhead",430799,"High","Warm"
"4831","Brown Bullhead",2018,19,2420,24054,"2018",0.100606967656107,"Brown Bullhead",430799,"High","Warm"
"4832","Brown Bullhead",2018,21,352,24054,"2018",0.0146337407499792,"Brown Bullhead",430799,"High","Warm"
"4833","Brown Bullhead",2018,25,1537,24054,"2018",0.0638978963997672,"Brown Bullhead",430799,"High","Warm"
"4834","Brown Bullhead",2018,22,931,24054,"2018",0.0387045813586098,"Brown Bullhead",430799,"High","Warm"
"4835","Brown Bullhead",2018,23,1025,24054,"2018",0.0426124553088883,"Brown Bullhead",430799,"High","Warm"
"4836","Brown Bullhead",2018,20,887,24054,"2018",0.0368753637648624,"Brown Bullhead",430799,"High","Warm"
"4837","Brown Bullhead",2018,24,1780,24054,"2018",0.0740001662925085,"Brown Bullhead",430799,"High","Warm"
"4838","Brown Bullhead",2018,28,1178,24054,"2018",0.0489731437598736,"Brown Bullhead",430799,"High","Warm"
"4839","Brown Bullhead",2018,29,274,24054,"2018",0.0113910368337906,"Brown Bullhead",430799,"High","Warm"
"4840","Brown Bullhead",2018,26,775,24054,"2018",0.0322191735262326,"Brown Bullhead",430799,"High","Warm"
"4841","Brown Bullhead",2018,31,131,24054,"2018",0.00544607965411158,"Brown Bullhead",430799,"High","Warm"
"4842","Brown Bullhead",2018,27,366,24054,"2018",0.0152157645298079,"Brown Bullhead",430799,"High","Warm"
"4843","Brown Bullhead",2018,15,54,24054,"2018",0.00224494886505363,"Brown Bullhead",430799,"High","Warm"
"4844","Brown Bullhead",2018,30,586,24054,"2018",0.0243618524985449,"Brown Bullhead",430799,"High","Warm"
"4845","Brown Bullhead",2018,13,14,24054,"2018",0.000582023779828719,"Brown Bullhead",430799,"High","Warm"
"4846","Brown Bullhead",2018,17,4424,24054,"2018",0.183919514425875,"Brown Bullhead",430799,"High","Warm"
"4847","Brown Bullhead",2018,33,57,24054,"2018",0.0023696682464455,"Brown Bullhead",430799,"High","Warm"
"4848","Brown Bullhead",2018,9,20,24054,"2018",0.000831462542612455,"Brown Bullhead",430799,"High","Warm"
"4849","Brown Bullhead",2018,10,1,24054,"2018",4.15731271306228e-05,"Brown Bullhead",430799,"High","Warm"
"4850","Brown Bullhead",2018,14,121,24054,"2018",0.00503034838280535,"Brown Bullhead",430799,"High","Warm"
"4851","Brown Bullhead",2018,12,0,24054,"2018",0,"Brown Bullhead",430799,"High","Warm"
"4852","Brown Bullhead",2018,34,238,24054,"2018",0.00989440425708822,"Brown Bullhead",430799,"High","Warm"
"4853","Brown Bullhead",2018,32,184,24054,"2018",0.00764945539203459,"Brown Bullhead",430799,"High","Warm"
"4854","Brown Bullhead",2019,19,863,9356,"2019",0.0922402736212056,"Brown Bullhead",430799,"High","Warm"
"4855","Brown Bullhead",2019,17,2272,9356,"2019",0.242838820008551,"Brown Bullhead",430799,"High","Warm"
"4856","Brown Bullhead",2019,27,790,9356,"2019",0.0844377939290295,"Brown Bullhead",430799,"High","Warm"
"4857","Brown Bullhead",2019,16,569,9356,"2019",0.0608165882855921,"Brown Bullhead",430799,"High","Warm"
"4858","Brown Bullhead",2019,12,4,9356,"2019",0.000427533133817871,"Brown Bullhead",430799,"High","Warm"
"4859","Brown Bullhead",2019,21,80,9356,"2019",0.00855066267635742,"Brown Bullhead",430799,"High","Warm"
"4860","Brown Bullhead",2019,18,407,9356,"2019",0.0435014963659684,"Brown Bullhead",430799,"High","Warm"
"4861","Brown Bullhead",2019,20,68,9356,"2019",0.00726806327490381,"Brown Bullhead",430799,"High","Warm"
"4862","Brown Bullhead",2019,15,1914,9356,"2019",0.204574604531851,"Brown Bullhead",430799,"High","Warm"
"4863","Brown Bullhead",2019,23,28,9356,"2019",0.0029927319367251,"Brown Bullhead",430799,"High","Warm"
"4864","Brown Bullhead",2019,14,238,9356,"2019",0.0254382214621633,"Brown Bullhead",430799,"High","Warm"
"4865","Brown Bullhead",2019,11,0,9356,"2019",0,"Brown Bullhead",430799,"High","Warm"
"4866","Brown Bullhead",2019,34,45,9356,"2019",0.00480974775545105,"Brown Bullhead",430799,"High","Warm"
"4867","Brown Bullhead",2019,22,115,9356,"2019",0.0122915775972638,"Brown Bullhead",430799,"High","Warm"
"4868","Brown Bullhead",2019,24,126,9356,"2019",0.0134672937152629,"Brown Bullhead",430799,"High","Warm"
"4869","Brown Bullhead",2019,35,73,9356,"2019",0.00780247969217614,"Brown Bullhead",430799,"High","Warm"
"4870","Brown Bullhead",2019,31,98,9356,"2019",0.0104745617785378,"Brown Bullhead",430799,"High","Warm"
"4871","Brown Bullhead",2019,13,168,9356,"2019",0.0179563916203506,"Brown Bullhead",430799,"High","Warm"
"4872","Brown Bullhead",2019,30,347,9356,"2019",0.0370884993587003,"Brown Bullhead",430799,"High","Warm"
"4873","Brown Bullhead",2019,25,141,9356,"2019",0.0150705429670799,"Brown Bullhead",430799,"High","Warm"
"4874","Brown Bullhead",2019,26,307,9356,"2019",0.0328131680205216,"Brown Bullhead",430799,"High","Warm"
"4875","Brown Bullhead",2019,28,423,9356,"2019",0.0452116289012398,"Brown Bullhead",430799,"High","Warm"
"4876","Brown Bullhead",2019,29,215,9356,"2019",0.0229799059427106,"Brown Bullhead",430799,"High","Warm"
"4877","Brown Bullhead",2019,33,38,9356,"2019",0.00406156477126977,"Brown Bullhead",430799,"High","Warm"
"4878","Brown Bullhead",2019,32,27,9356,"2019",0.00288584865327063,"Brown Bullhead",430799,"High","Warm"
"4879","Brown Bullhead",2020,11,117,8255,"2020",0.0141732283464567,"Brown Bullhead",430799,"High","Warm"
"4880","Brown Bullhead",2020,31,14,8255,"2020",0.00169594185342217,"Brown Bullhead",430799,"High","Warm"
"4881","Brown Bullhead",2020,17,9,8255,"2020",0.00109024833434282,"Brown Bullhead",430799,"High","Warm"
"4882","Brown Bullhead",2020,12,16,8255,"2020",0.00193821926105391,"Brown Bullhead",430799,"High","Warm"
"4883","Brown Bullhead",2020,21,773,8255,"2020",0.0936402180496669,"Brown Bullhead",430799,"High","Warm"
"4884","Brown Bullhead",2020,13,140,8255,"2020",0.0169594185342217,"Brown Bullhead",430799,"High","Warm"
"4885","Brown Bullhead",2020,34,90,8255,"2020",0.0109024833434282,"Brown Bullhead",430799,"High","Warm"
"4886","Brown Bullhead",2020,16,8,8255,"2020",0.000969109630526953,"Brown Bullhead",430799,"High","Warm"
"4887","Brown Bullhead",2020,25,493,8255,"2020",0.0597213809812235,"Brown Bullhead",430799,"High","Warm"
"4888","Brown Bullhead",2020,35,8,8255,"2020",0.000969109630526953,"Brown Bullhead",430799,"High","Warm"
"4889","Brown Bullhead",2020,23,266,8255,"2020",0.0322228952150212,"Brown Bullhead",430799,"High","Warm"
"4890","Brown Bullhead",2020,24,644,8255,"2020",0.0780133252574197,"Brown Bullhead",430799,"High","Warm"
"4891","Brown Bullhead",2020,29,170,8255,"2020",0.0205935796486978,"Brown Bullhead",430799,"High","Warm"
"4892","Brown Bullhead",2020,22,692,8255,"2020",0.0838279830405815,"Brown Bullhead",430799,"High","Warm"
"4893","Brown Bullhead",2020,32,133,8255,"2020",0.0161114476075106,"Brown Bullhead",430799,"High","Warm"
"4894","Brown Bullhead",2020,33,128,8255,"2020",0.0155057540884313,"Brown Bullhead",430799,"High","Warm"
"4895","Brown Bullhead",2020,15,1489,8255,"2020",0.180375529981829,"Brown Bullhead",430799,"High","Warm"
"4896","Brown Bullhead",2020,27,383,8255,"2020",0.0463961235614779,"Brown Bullhead",430799,"High","Warm"
"4897","Brown Bullhead",2020,18,617,8255,"2020",0.0747425802543913,"Brown Bullhead",430799,"High","Warm"
"4898","Brown Bullhead",2020,14,753,8255,"2020",0.0912174439733495,"Brown Bullhead",430799,"High","Warm"
"4899","Brown Bullhead",2020,19,171,8255,"2020",0.0207147183525136,"Brown Bullhead",430799,"High","Warm"
"4900","Brown Bullhead",2020,30,31,8255,"2020",0.00375529981829194,"Brown Bullhead",430799,"High","Warm"
"4901","Brown Bullhead",2020,26,649,8255,"2020",0.0786190187764991,"Brown Bullhead",430799,"High","Warm"
"4902","Brown Bullhead",2020,20,314,8255,"2020",0.0380375529981829,"Brown Bullhead",430799,"High","Warm"
"4903","Brown Bullhead",2020,28,147,8255,"2020",0.0178073894609328,"Brown Bullhead",430799,"High","Warm"
"4904","Brown Bullhead",2021,30,66,8285,"2021",0.00796620398310199,"Brown Bullhead",430799,"High","Warm"
"4905","Brown Bullhead",2021,33,80,8285,"2021",0.00965600482800241,"Brown Bullhead",430799,"High","Warm"
"4906","Brown Bullhead",2021,21,478,8285,"2021",0.0576946288473144,"Brown Bullhead",430799,"High","Warm"
"4907","Brown Bullhead",2021,15,2141,8285,"2021",0.258418829209415,"Brown Bullhead",430799,"High","Warm"
"4908","Brown Bullhead",2021,11,76,8285,"2021",0.00917320458660229,"Brown Bullhead",430799,"High","Warm"
"4909","Brown Bullhead",2021,34,35,8285,"2021",0.00422450211225106,"Brown Bullhead",430799,"High","Warm"
"4910","Brown Bullhead",2021,31,41,8285,"2021",0.00494870247435124,"Brown Bullhead",430799,"High","Warm"
"4911","Brown Bullhead",2021,35,81,8285,"2021",0.00977670488835244,"Brown Bullhead",430799,"High","Warm"
"4912","Brown Bullhead",2021,32,78,8285,"2021",0.00941460470730235,"Brown Bullhead",430799,"High","Warm"
"4913","Brown Bullhead",2021,25,112,8285,"2021",0.0135184067592034,"Brown Bullhead",430799,"High","Warm"
"4914","Brown Bullhead",2021,22,173,8285,"2021",0.0208811104405552,"Brown Bullhead",430799,"High","Warm"
"4915","Brown Bullhead",2021,27,29,8285,"2021",0.00350030175015087,"Brown Bullhead",430799,"High","Warm"
"4916","Brown Bullhead",2021,28,121,8285,"2021",0.0146047073023537,"Brown Bullhead",430799,"High","Warm"
"4917","Brown Bullhead",2021,16,1814,8285,"2021",0.218949909474955,"Brown Bullhead",430799,"High","Warm"
"4918","Brown Bullhead",2021,29,251,8285,"2021",0.0302957151478576,"Brown Bullhead",430799,"High","Warm"
"4919","Brown Bullhead",2021,26,392,8285,"2021",0.0473144236572118,"Brown Bullhead",430799,"High","Warm"
"4920","Brown Bullhead",2021,23,170,8285,"2021",0.0205190102595051,"Brown Bullhead",430799,"High","Warm"
"4921","Brown Bullhead",2021,20,169,8285,"2021",0.0203983101991551,"Brown Bullhead",430799,"High","Warm"
"4922","Brown Bullhead",2021,12,295,8285,"2021",0.0356065178032589,"Brown Bullhead",430799,"High","Warm"
"4923","Brown Bullhead",2021,17,243,8285,"2021",0.0293301146650573,"Brown Bullhead",430799,"High","Warm"
"4924","Brown Bullhead",2021,14,243,8285,"2021",0.0293301146650573,"Brown Bullhead",430799,"High","Warm"
"4925","Brown Bullhead",2021,24,67,8285,"2021",0.00808690404345202,"Brown Bullhead",430799,"High","Warm"
"4926","Brown Bullhead",2021,18,188,8285,"2021",0.0226916113458057,"Brown Bullhead",430799,"High","Warm"
"4927","Brown Bullhead",2021,19,130,8285,"2021",0.0156910078455039,"Brown Bullhead",430799,"High","Warm"
"4928","Brown Bullhead",2021,13,812,8285,"2021",0.0980084490042245,"Brown Bullhead",430799,"High","Warm"
"4929","Brown Bullhead",2022,25,246,14192,"2022",0.0173337091319053,"Brown Bullhead",430799,"High","Warm"
"4930","Brown Bullhead",2022,26,1225,14192,"2022",0.0863162344983089,"Brown Bullhead",430799,"High","Warm"
"4931","Brown Bullhead",2022,15,2076,14192,"2022",0.146279594137542,"Brown Bullhead",430799,"High","Warm"
"4932","Brown Bullhead",2022,23,348,14192,"2022",0.0245208568207441,"Brown Bullhead",430799,"High","Warm"
"4933","Brown Bullhead",2022,12,98,14192,"2022",0.00690529875986471,"Brown Bullhead",430799,"High","Warm"
"4934","Brown Bullhead",2022,29,358,14192,"2022",0.0252254791431793,"Brown Bullhead",430799,"High","Warm"
"4935","Brown Bullhead",2022,30,212,14192,"2022",0.0149379932356257,"Brown Bullhead",430799,"High","Warm"
"4936","Brown Bullhead",2022,14,219,14192,"2022",0.0154312288613303,"Brown Bullhead",430799,"High","Warm"
"4937","Brown Bullhead",2022,24,485,14192,"2022",0.034174182638106,"Brown Bullhead",430799,"High","Warm"
"4938","Brown Bullhead",2022,16,79,14192,"2022",0.00556651634723788,"Brown Bullhead",430799,"High","Warm"
"4939","Brown Bullhead",2022,13,24,14192,"2022",0.00169109357384442,"Brown Bullhead",430799,"High","Warm"
"4940","Brown Bullhead",2022,22,256,14192,"2022",0.0180383314543405,"Brown Bullhead",430799,"High","Warm"
"4941","Brown Bullhead",2022,19,2522,14192,"2022",0.177705749718151,"Brown Bullhead",430799,"High","Warm"
"4942","Brown Bullhead",2022,20,965,14192,"2022",0.0679960541149944,"Brown Bullhead",430799,"High","Warm"
"4943","Brown Bullhead",2022,21,222,14192,"2022",0.0156426155580609,"Brown Bullhead",430799,"High","Warm"
"4944","Brown Bullhead",2022,17,2802,14192,"2022",0.197435174746336,"Brown Bullhead",430799,"High","Warm"
"4945","Brown Bullhead",2022,27,95,14192,"2022",0.00669391206313416,"Brown Bullhead",430799,"High","Warm"
"4946","Brown Bullhead",2022,28,351,14192,"2022",0.0247322435174746,"Brown Bullhead",430799,"High","Warm"
"4947","Brown Bullhead",2022,33,40,14192,"2022",0.0028184892897407,"Brown Bullhead",430799,"High","Warm"
"4948","Brown Bullhead",2022,18,1312,14192,"2022",0.0924464487034949,"Brown Bullhead",430799,"High","Warm"
"4949","Brown Bullhead",2022,32,55,14192,"2022",0.00387542277339346,"Brown Bullhead",430799,"High","Warm"
"4950","Brown Bullhead",2022,35,67,14192,"2022",0.00472096956031567,"Brown Bullhead",430799,"High","Warm"
"4951","Brown Bullhead",2022,34,75,14192,"2022",0.00528466741826381,"Brown Bullhead",430799,"High","Warm"
"4952","Brown Bullhead",2022,31,60,14192,"2022",0.00422773393461105,"Brown Bullhead",430799,"High","Warm"
"5572","Channel Catfish",1997,17,1,666,"1997",0.0015015015015015,"Channel Catfish",22256,"High","Warm"
"5573","Channel Catfish",1997,15,2,666,"1997",0.003003003003003,"Channel Catfish",22256,"High","Warm"
"5574","Channel Catfish",1997,23,3,666,"1997",0.0045045045045045,"Channel Catfish",22256,"High","Warm"
"5575","Channel Catfish",1997,16,2,666,"1997",0.003003003003003,"Channel Catfish",22256,"High","Warm"
"5576","Channel Catfish",1997,13,1,666,"1997",0.0015015015015015,"Channel Catfish",22256,"High","Warm"
"5577","Channel Catfish",1997,35,15,666,"1997",0.0225225225225225,"Channel Catfish",22256,"High","Warm"
"5578","Channel Catfish",1997,20,3,666,"1997",0.0045045045045045,"Channel Catfish",22256,"High","Warm"
"5579","Channel Catfish",1997,25,8,666,"1997",0.012012012012012,"Channel Catfish",22256,"High","Warm"
"5580","Channel Catfish",1997,26,22,666,"1997",0.033033033033033,"Channel Catfish",22256,"High","Warm"
"5581","Channel Catfish",1997,27,84,666,"1997",0.126126126126126,"Channel Catfish",22256,"High","Warm"
"5582","Channel Catfish",1997,14,1,666,"1997",0.0015015015015015,"Channel Catfish",22256,"High","Warm"
"5583","Channel Catfish",1997,32,58,666,"1997",0.0870870870870871,"Channel Catfish",22256,"High","Warm"
"5584","Channel Catfish",1997,19,7,666,"1997",0.0105105105105105,"Channel Catfish",22256,"High","Warm"
"5585","Channel Catfish",1997,33,16,666,"1997",0.024024024024024,"Channel Catfish",22256,"High","Warm"
"5586","Channel Catfish",1997,18,1,666,"1997",0.0015015015015015,"Channel Catfish",22256,"High","Warm"
"5587","Channel Catfish",1997,12,0,666,"1997",0,"Channel Catfish",22256,"High","Warm"
"5588","Channel Catfish",1997,28,221,666,"1997",0.331831831831832,"Channel Catfish",22256,"High","Warm"
"5589","Channel Catfish",1997,30,42,666,"1997",0.0630630630630631,"Channel Catfish",22256,"High","Warm"
"5590","Channel Catfish",1997,21,4,666,"1997",0.00600600600600601,"Channel Catfish",22256,"High","Warm"
"5591","Channel Catfish",1997,34,118,666,"1997",0.177177177177177,"Channel Catfish",22256,"High","Warm"
"5592","Channel Catfish",1997,24,8,666,"1997",0.012012012012012,"Channel Catfish",22256,"High","Warm"
"5593","Channel Catfish",1997,31,10,666,"1997",0.015015015015015,"Channel Catfish",22256,"High","Warm"
"5594","Channel Catfish",1997,22,9,666,"1997",0.0135135135135135,"Channel Catfish",22256,"High","Warm"
"5595","Channel Catfish",1997,29,30,666,"1997",0.045045045045045,"Channel Catfish",22256,"High","Warm"
"5596","Channel Catfish",1998,32,11,616,"1998",0.0178571428571429,"Channel Catfish",22256,"High","Warm"
"5597","Channel Catfish",1998,35,1,616,"1998",0.00162337662337662,"Channel Catfish",22256,"High","Warm"
"5598","Channel Catfish",1998,13,20,616,"1998",0.0324675324675325,"Channel Catfish",22256,"High","Warm"
"5599","Channel Catfish",1998,20,1,616,"1998",0.00162337662337662,"Channel Catfish",22256,"High","Warm"
"5600","Channel Catfish",1998,12,1,616,"1998",0.00162337662337662,"Channel Catfish",22256,"High","Warm"
"5601","Channel Catfish",1998,34,33,616,"1998",0.0535714285714286,"Channel Catfish",22256,"High","Warm"
"5602","Channel Catfish",1998,22,21,616,"1998",0.0340909090909091,"Channel Catfish",22256,"High","Warm"
"5603","Channel Catfish",1998,23,4,616,"1998",0.00649350649350649,"Channel Catfish",22256,"High","Warm"
"5604","Channel Catfish",1998,18,3,616,"1998",0.00487012987012987,"Channel Catfish",22256,"High","Warm"
"5605","Channel Catfish",1998,24,43,616,"1998",0.0698051948051948,"Channel Catfish",22256,"High","Warm"
"5606","Channel Catfish",1998,14,6,616,"1998",0.00974025974025974,"Channel Catfish",22256,"High","Warm"
"5607","Channel Catfish",1998,27,64,616,"1998",0.103896103896104,"Channel Catfish",22256,"High","Warm"
"5608","Channel Catfish",1998,25,156,616,"1998",0.253246753246753,"Channel Catfish",22256,"High","Warm"
"5609","Channel Catfish",1998,17,5,616,"1998",0.00811688311688312,"Channel Catfish",22256,"High","Warm"
"5610","Channel Catfish",1998,29,3,616,"1998",0.00487012987012987,"Channel Catfish",22256,"High","Warm"
"5611","Channel Catfish",1998,21,28,616,"1998",0.0454545454545455,"Channel Catfish",22256,"High","Warm"
"5612","Channel Catfish",1998,10,0,616,"1998",0,"Channel Catfish",22256,"High","Warm"
"5613","Channel Catfish",1998,15,0,616,"1998",0,"Channel Catfish",22256,"High","Warm"
"5614","Channel Catfish",1998,31,7,616,"1998",0.0113636363636364,"Channel Catfish",22256,"High","Warm"
"5615","Channel Catfish",1998,16,1,616,"1998",0.00162337662337662,"Channel Catfish",22256,"High","Warm"
"5616","Channel Catfish",1998,19,7,616,"1998",0.0113636363636364,"Channel Catfish",22256,"High","Warm"
"5617","Channel Catfish",1998,28,27,616,"1998",0.0438311688311688,"Channel Catfish",22256,"High","Warm"
"5618","Channel Catfish",1998,33,53,616,"1998",0.086038961038961,"Channel Catfish",22256,"High","Warm"
"5619","Channel Catfish",1998,30,6,616,"1998",0.00974025974025974,"Channel Catfish",22256,"High","Warm"
"5620","Channel Catfish",1998,26,115,616,"1998",0.186688311688312,"Channel Catfish",22256,"High","Warm"
"5621","Channel Catfish",2000,20,73,2054,"2000",0.0355404089581305,"Channel Catfish",22256,"High","Warm"
"5622","Channel Catfish",2000,14,0,2054,"2000",0,"Channel Catfish",22256,"High","Warm"
"5623","Channel Catfish",2000,34,87,2054,"2000",0.0423563777994158,"Channel Catfish",22256,"High","Warm"
"5624","Channel Catfish",2000,16,2,2054,"2000",0.000973709834469328,"Channel Catfish",22256,"High","Warm"
"5625","Channel Catfish",2000,30,21,2054,"2000",0.0102239532619279,"Channel Catfish",22256,"High","Warm"
"5626","Channel Catfish",2000,28,118,2054,"2000",0.0574488802336904,"Channel Catfish",22256,"High","Warm"
"5627","Channel Catfish",2000,17,15,2054,"2000",0.00730282375851996,"Channel Catfish",22256,"High","Warm"
"5628","Channel Catfish",2000,15,0,2054,"2000",0,"Channel Catfish",22256,"High","Warm"
"5629","Channel Catfish",2000,12,4,2054,"2000",0.00194741966893866,"Channel Catfish",22256,"High","Warm"
"5630","Channel Catfish",2000,22,15,2054,"2000",0.00730282375851996,"Channel Catfish",22256,"High","Warm"
"5631","Channel Catfish",2000,32,5,2054,"2000",0.00243427458617332,"Channel Catfish",22256,"High","Warm"
"5632","Channel Catfish",2000,11,2,2054,"2000",0.000973709834469328,"Channel Catfish",22256,"High","Warm"
"5633","Channel Catfish",2000,21,0,2054,"2000",0,"Channel Catfish",22256,"High","Warm"
"5634","Channel Catfish",2000,29,126,2054,"2000",0.0613437195715677,"Channel Catfish",22256,"High","Warm"
"5635","Channel Catfish",2000,31,9,2054,"2000",0.00438169425511198,"Channel Catfish",22256,"High","Warm"
"5636","Channel Catfish",2000,33,7,2054,"2000",0.00340798442064265,"Channel Catfish",22256,"High","Warm"
"5637","Channel Catfish",2000,19,31,2054,"2000",0.0150925024342746,"Channel Catfish",22256,"High","Warm"
"5638","Channel Catfish",2000,26,429,2054,"2000",0.208860759493671,"Channel Catfish",22256,"High","Warm"
"5639","Channel Catfish",2000,27,131,2054,"2000",0.063777994157741,"Channel Catfish",22256,"High","Warm"
"5640","Channel Catfish",2000,23,8,2054,"2000",0.00389483933787731,"Channel Catfish",22256,"High","Warm"
"5641","Channel Catfish",2000,18,10,2054,"2000",0.00486854917234664,"Channel Catfish",22256,"High","Warm"
"5642","Channel Catfish",2000,25,301,2054,"2000",0.146543330087634,"Channel Catfish",22256,"High","Warm"
"5643","Channel Catfish",2000,9,0,2054,"2000",0,"Channel Catfish",22256,"High","Warm"
"5644","Channel Catfish",2000,13,6,2054,"2000",0.00292112950340798,"Channel Catfish",22256,"High","Warm"
"5645","Channel Catfish",2000,10,0,2054,"2000",0,"Channel Catfish",22256,"High","Warm"
"5646","Channel Catfish",2000,24,619,2054,"2000",0.301363193768257,"Channel Catfish",22256,"High","Warm"
"5647","Channel Catfish",2000,35,35,2054,"2000",0.0170399221032132,"Channel Catfish",22256,"High","Warm"
"5648","Channel Catfish",2001,14,0,656,"2001",0,"Channel Catfish",22256,"High","Warm"
"5649","Channel Catfish",2001,24,64,656,"2001",0.0975609756097561,"Channel Catfish",22256,"High","Warm"
"5650","Channel Catfish",2001,20,10,656,"2001",0.0152439024390244,"Channel Catfish",22256,"High","Warm"
"5651","Channel Catfish",2001,18,1,656,"2001",0.00152439024390244,"Channel Catfish",22256,"High","Warm"
"5652","Channel Catfish",2001,15,1,656,"2001",0.00152439024390244,"Channel Catfish",22256,"High","Warm"
"5653","Channel Catfish",2001,12,0,656,"2001",0,"Channel Catfish",22256,"High","Warm"
"5654","Channel Catfish",2001,23,6,656,"2001",0.00914634146341463,"Channel Catfish",22256,"High","Warm"
"5655","Channel Catfish",2001,22,5,656,"2001",0.00762195121951219,"Channel Catfish",22256,"High","Warm"
"5656","Channel Catfish",2001,32,24,656,"2001",0.0365853658536585,"Channel Catfish",22256,"High","Warm"
"5657","Channel Catfish",2001,28,81,656,"2001",0.123475609756098,"Channel Catfish",22256,"High","Warm"
"5658","Channel Catfish",2001,19,7,656,"2001",0.0106707317073171,"Channel Catfish",22256,"High","Warm"
"5659","Channel Catfish",2001,17,1,656,"2001",0.00152439024390244,"Channel Catfish",22256,"High","Warm"
"5660","Channel Catfish",2001,11,0,656,"2001",0,"Channel Catfish",22256,"High","Warm"
"5661","Channel Catfish",2001,30,32,656,"2001",0.0487804878048781,"Channel Catfish",22256,"High","Warm"
"5662","Channel Catfish",2001,16,0,656,"2001",0,"Channel Catfish",22256,"High","Warm"
"5663","Channel Catfish",2001,21,1,656,"2001",0.00152439024390244,"Channel Catfish",22256,"High","Warm"
"5664","Channel Catfish",2001,27,49,656,"2001",0.0746951219512195,"Channel Catfish",22256,"High","Warm"
"5665","Channel Catfish",2001,29,60,656,"2001",0.0914634146341463,"Channel Catfish",22256,"High","Warm"
"5666","Channel Catfish",2001,13,0,656,"2001",0,"Channel Catfish",22256,"High","Warm"
"5667","Channel Catfish",2001,34,8,656,"2001",0.0121951219512195,"Channel Catfish",22256,"High","Warm"
"5668","Channel Catfish",2001,33,12,656,"2001",0.0182926829268293,"Channel Catfish",22256,"High","Warm"
"5669","Channel Catfish",2001,25,78,656,"2001",0.11890243902439,"Channel Catfish",22256,"High","Warm"
"5670","Channel Catfish",2001,31,34,656,"2001",0.0518292682926829,"Channel Catfish",22256,"High","Warm"
"5671","Channel Catfish",2001,26,172,656,"2001",0.26219512195122,"Channel Catfish",22256,"High","Warm"
"5672","Channel Catfish",2001,35,10,656,"2001",0.0152439024390244,"Channel Catfish",22256,"High","Warm"
"5673","Channel Catfish",2002,35,20,1464,"2002",0.0136612021857923,"Channel Catfish",22256,"High","Warm"
"5674","Channel Catfish",2002,14,0,1464,"2002",0,"Channel Catfish",22256,"High","Warm"
"5675","Channel Catfish",2002,30,58,1464,"2002",0.0396174863387978,"Channel Catfish",22256,"High","Warm"
"5676","Channel Catfish",2002,31,31,1464,"2002",0.0211748633879781,"Channel Catfish",22256,"High","Warm"
"5677","Channel Catfish",2002,23,44,1464,"2002",0.0300546448087432,"Channel Catfish",22256,"High","Warm"
"5678","Channel Catfish",2002,34,26,1464,"2002",0.0177595628415301,"Channel Catfish",22256,"High","Warm"
"5679","Channel Catfish",2002,15,14,1464,"2002",0.00956284153005465,"Channel Catfish",22256,"High","Warm"
"5680","Channel Catfish",2002,33,1,1464,"2002",0.000683060109289617,"Channel Catfish",22256,"High","Warm"
"5681","Channel Catfish",2002,32,24,1464,"2002",0.0163934426229508,"Channel Catfish",22256,"High","Warm"
"5682","Channel Catfish",2002,27,380,1464,"2002",0.259562841530055,"Channel Catfish",22256,"High","Warm"
"5683","Channel Catfish",2002,26,247,1464,"2002",0.168715846994536,"Channel Catfish",22256,"High","Warm"
"5684","Channel Catfish",2002,10,0,1464,"2002",0,"Channel Catfish",22256,"High","Warm"
"5685","Channel Catfish",2002,29,101,1464,"2002",0.0689890710382514,"Channel Catfish",22256,"High","Warm"
"5686","Channel Catfish",2002,16,23,1464,"2002",0.0157103825136612,"Channel Catfish",22256,"High","Warm"
"5687","Channel Catfish",2002,28,210,1464,"2002",0.14344262295082,"Channel Catfish",22256,"High","Warm"
"5688","Channel Catfish",2002,12,0,1464,"2002",0,"Channel Catfish",22256,"High","Warm"
"5689","Channel Catfish",2002,18,3,1464,"2002",0.00204918032786885,"Channel Catfish",22256,"High","Warm"
"5690","Channel Catfish",2002,11,0,1464,"2002",0,"Channel Catfish",22256,"High","Warm"
"5691","Channel Catfish",2002,17,0,1464,"2002",0,"Channel Catfish",22256,"High","Warm"
"5692","Channel Catfish",2002,22,51,1464,"2002",0.0348360655737705,"Channel Catfish",22256,"High","Warm"
"5693","Channel Catfish",2002,20,13,1464,"2002",0.00887978142076503,"Channel Catfish",22256,"High","Warm"
"5694","Channel Catfish",2002,13,0,1464,"2002",0,"Channel Catfish",22256,"High","Warm"
"5695","Channel Catfish",2002,21,20,1464,"2002",0.0136612021857923,"Channel Catfish",22256,"High","Warm"
"5696","Channel Catfish",2002,24,38,1464,"2002",0.0259562841530055,"Channel Catfish",22256,"High","Warm"
"5697","Channel Catfish",2002,25,152,1464,"2002",0.103825136612022,"Channel Catfish",22256,"High","Warm"
"5698","Channel Catfish",2002,19,8,1464,"2002",0.00546448087431694,"Channel Catfish",22256,"High","Warm"
"5699","Channel Catfish",2003,19,45,1601,"2003",0.028107432854466,"Channel Catfish",22256,"High","Warm"
"5700","Channel Catfish",2003,12,0,1601,"2003",0,"Channel Catfish",22256,"High","Warm"
"5701","Channel Catfish",2003,18,35,1601,"2003",0.0218613366645846,"Channel Catfish",22256,"High","Warm"
"5702","Channel Catfish",2003,30,47,1601,"2003",0.0293566520924422,"Channel Catfish",22256,"High","Warm"
"5703","Channel Catfish",2003,16,4,1601,"2003",0.00249843847595253,"Channel Catfish",22256,"High","Warm"
"5704","Channel Catfish",2003,33,96,1601,"2003",0.0599625234228607,"Channel Catfish",22256,"High","Warm"
"5705","Channel Catfish",2003,15,0,1601,"2003",0,"Channel Catfish",22256,"High","Warm"
"5706","Channel Catfish",2003,25,313,1601,"2003",0.195502810743285,"Channel Catfish",22256,"High","Warm"
"5707","Channel Catfish",2003,13,0,1601,"2003",0,"Channel Catfish",22256,"High","Warm"
"5708","Channel Catfish",2003,31,30,1601,"2003",0.018738288569644,"Channel Catfish",22256,"High","Warm"
"5709","Channel Catfish",2003,34,47,1601,"2003",0.0293566520924422,"Channel Catfish",22256,"High","Warm"
"5710","Channel Catfish",2003,21,20,1601,"2003",0.0124921923797626,"Channel Catfish",22256,"High","Warm"
"5711","Channel Catfish",2003,20,15,1601,"2003",0.00936914428482199,"Channel Catfish",22256,"High","Warm"
"5712","Channel Catfish",2003,27,319,1601,"2003",0.199250468457214,"Channel Catfish",22256,"High","Warm"
"5713","Channel Catfish",2003,35,8,1601,"2003",0.00499687695190506,"Channel Catfish",22256,"High","Warm"
"5714","Channel Catfish",2003,17,20,1601,"2003",0.0124921923797626,"Channel Catfish",22256,"High","Warm"
"5715","Channel Catfish",2003,29,87,1601,"2003",0.0543410368519675,"Channel Catfish",22256,"High","Warm"
"5716","Channel Catfish",2003,32,44,1601,"2003",0.0274828232354778,"Channel Catfish",22256,"High","Warm"
"5717","Channel Catfish",2003,14,0,1601,"2003",0,"Channel Catfish",22256,"High","Warm"
"5718","Channel Catfish",2003,28,170,1601,"2003",0.106183635227983,"Channel Catfish",22256,"High","Warm"
"5719","Channel Catfish",2003,24,86,1601,"2003",0.0537164272329794,"Channel Catfish",22256,"High","Warm"
"5720","Channel Catfish",2003,22,95,1601,"2003",0.0593379138038726,"Channel Catfish",22256,"High","Warm"
"5721","Channel Catfish",2003,23,14,1601,"2003",0.00874453466583385,"Channel Catfish",22256,"High","Warm"
"5722","Channel Catfish",2003,26,106,1601,"2003",0.066208619612742,"Channel Catfish",22256,"High","Warm"
"5723","Channel Catfish",2004,33,1,1200,"2004",0.000833333333333333,"Channel Catfish",22256,"High","Warm"
"5724","Channel Catfish",2004,25,131,1200,"2004",0.109166666666667,"Channel Catfish",22256,"High","Warm"
"5725","Channel Catfish",2004,19,36,1200,"2004",0.03,"Channel Catfish",22256,"High","Warm"
"5726","Channel Catfish",2004,30,15,1200,"2004",0.0125,"Channel Catfish",22256,"High","Warm"
"5727","Channel Catfish",2004,35,0,1200,"2004",0,"Channel Catfish",22256,"High","Warm"
"5728","Channel Catfish",2004,27,119,1200,"2004",0.0991666666666667,"Channel Catfish",22256,"High","Warm"
"5729","Channel Catfish",2004,12,0,1200,"2004",0,"Channel Catfish",22256,"High","Warm"
"5730","Channel Catfish",2004,28,51,1200,"2004",0.0425,"Channel Catfish",22256,"High","Warm"
"5731","Channel Catfish",2004,31,30,1200,"2004",0.025,"Channel Catfish",22256,"High","Warm"
"5732","Channel Catfish",2004,24,215,1200,"2004",0.179166666666667,"Channel Catfish",22256,"High","Warm"
"5733","Channel Catfish",2004,29,22,1200,"2004",0.0183333333333333,"Channel Catfish",22256,"High","Warm"
"5734","Channel Catfish",2004,23,139,1200,"2004",0.115833333333333,"Channel Catfish",22256,"High","Warm"
"5735","Channel Catfish",2004,18,10,1200,"2004",0.00833333333333333,"Channel Catfish",22256,"High","Warm"
"5736","Channel Catfish",2004,34,2,1200,"2004",0.00166666666666667,"Channel Catfish",22256,"High","Warm"
"5737","Channel Catfish",2004,15,0,1200,"2004",0,"Channel Catfish",22256,"High","Warm"
"5738","Channel Catfish",2004,20,168,1200,"2004",0.14,"Channel Catfish",22256,"High","Warm"
"5739","Channel Catfish",2004,21,30,1200,"2004",0.025,"Channel Catfish",22256,"High","Warm"
"5740","Channel Catfish",2004,26,85,1200,"2004",0.0708333333333333,"Channel Catfish",22256,"High","Warm"
"5741","Channel Catfish",2004,14,0,1200,"2004",0,"Channel Catfish",22256,"High","Warm"
"5742","Channel Catfish",2004,32,33,1200,"2004",0.0275,"Channel Catfish",22256,"High","Warm"
"5743","Channel Catfish",2004,16,62,1200,"2004",0.0516666666666667,"Channel Catfish",22256,"High","Warm"
"5744","Channel Catfish",2004,17,23,1200,"2004",0.0191666666666667,"Channel Catfish",22256,"High","Warm"
"5745","Channel Catfish",2004,13,2,1200,"2004",0.00166666666666667,"Channel Catfish",22256,"High","Warm"
"5746","Channel Catfish",2004,22,26,1200,"2004",0.0216666666666667,"Channel Catfish",22256,"High","Warm"
"5747","Channel Catfish",2005,19,72,996,"2005",0.072289156626506,"Channel Catfish",22256,"High","Warm"
"5748","Channel Catfish",2005,20,22,996,"2005",0.0220883534136546,"Channel Catfish",22256,"High","Warm"
"5749","Channel Catfish",2005,17,15,996,"2005",0.0150602409638554,"Channel Catfish",22256,"High","Warm"
"5750","Channel Catfish",2005,18,10,996,"2005",0.0100401606425703,"Channel Catfish",22256,"High","Warm"
"5751","Channel Catfish",2005,24,377,996,"2005",0.3785140562249,"Channel Catfish",22256,"High","Warm"
"5752","Channel Catfish",2005,15,1,996,"2005",0.00100401606425703,"Channel Catfish",22256,"High","Warm"
"5753","Channel Catfish",2005,27,30,996,"2005",0.0301204819277108,"Channel Catfish",22256,"High","Warm"
"5754","Channel Catfish",2005,26,49,996,"2005",0.0491967871485944,"Channel Catfish",22256,"High","Warm"
"5755","Channel Catfish",2005,14,0,996,"2005",0,"Channel Catfish",22256,"High","Warm"
"5756","Channel Catfish",2005,13,0,996,"2005",0,"Channel Catfish",22256,"High","Warm"
"5757","Channel Catfish",2005,31,28,996,"2005",0.0281124497991968,"Channel Catfish",22256,"High","Warm"
"5758","Channel Catfish",2005,25,81,996,"2005",0.0813253012048193,"Channel Catfish",22256,"High","Warm"
"5759","Channel Catfish",2005,29,30,996,"2005",0.0301204819277108,"Channel Catfish",22256,"High","Warm"
"5760","Channel Catfish",2005,12,0,996,"2005",0,"Channel Catfish",22256,"High","Warm"
"5761","Channel Catfish",2005,33,62,996,"2005",0.0622489959839357,"Channel Catfish",22256,"High","Warm"
"5762","Channel Catfish",2005,16,27,996,"2005",0.0271084337349398,"Channel Catfish",22256,"High","Warm"
"5763","Channel Catfish",2005,21,22,996,"2005",0.0220883534136546,"Channel Catfish",22256,"High","Warm"
"5764","Channel Catfish",2005,22,34,996,"2005",0.034136546184739,"Channel Catfish",22256,"High","Warm"
"5765","Channel Catfish",2005,32,4,996,"2005",0.00401606425702811,"Channel Catfish",22256,"High","Warm"
"5766","Channel Catfish",2005,28,33,996,"2005",0.0331325301204819,"Channel Catfish",22256,"High","Warm"
"5767","Channel Catfish",2005,30,29,996,"2005",0.0291164658634538,"Channel Catfish",22256,"High","Warm"
"5768","Channel Catfish",2005,35,18,996,"2005",0.0180722891566265,"Channel Catfish",22256,"High","Warm"
"5769","Channel Catfish",2005,23,38,996,"2005",0.0381526104417671,"Channel Catfish",22256,"High","Warm"
"5770","Channel Catfish",2005,34,14,996,"2005",0.0140562248995984,"Channel Catfish",22256,"High","Warm"
"5771","Channel Catfish",2006,33,15,906,"2006",0.0165562913907285,"Channel Catfish",22256,"High","Warm"
"5772","Channel Catfish",2006,12,0,906,"2006",0,"Channel Catfish",22256,"High","Warm"
"5773","Channel Catfish",2006,19,15,906,"2006",0.0165562913907285,"Channel Catfish",22256,"High","Warm"
"5774","Channel Catfish",2006,18,11,906,"2006",0.0121412803532009,"Channel Catfish",22256,"High","Warm"
"5775","Channel Catfish",2006,27,31,906,"2006",0.0342163355408389,"Channel Catfish",22256,"High","Warm"
"5776","Channel Catfish",2006,15,7,906,"2006",0.00772626931567329,"Channel Catfish",22256,"High","Warm"
"5777","Channel Catfish",2006,35,3,906,"2006",0.0033112582781457,"Channel Catfish",22256,"High","Warm"
"5778","Channel Catfish",2006,22,158,906,"2006",0.17439293598234,"Channel Catfish",22256,"High","Warm"
"5779","Channel Catfish",2006,14,1,906,"2006",0.0011037527593819,"Channel Catfish",22256,"High","Warm"
"5780","Channel Catfish",2006,31,14,906,"2006",0.0154525386313466,"Channel Catfish",22256,"High","Warm"
"5781","Channel Catfish",2006,13,0,906,"2006",0,"Channel Catfish",22256,"High","Warm"
"5782","Channel Catfish",2006,20,36,906,"2006",0.0397350993377483,"Channel Catfish",22256,"High","Warm"
"5783","Channel Catfish",2006,34,5,906,"2006",0.00551876379690949,"Channel Catfish",22256,"High","Warm"
"5784","Channel Catfish",2006,24,156,906,"2006",0.172185430463576,"Channel Catfish",22256,"High","Warm"
"5785","Channel Catfish",2006,28,79,906,"2006",0.08719646799117,"Channel Catfish",22256,"High","Warm"
"5786","Channel Catfish",2006,16,5,906,"2006",0.00551876379690949,"Channel Catfish",22256,"High","Warm"
"5787","Channel Catfish",2006,17,7,906,"2006",0.00772626931567329,"Channel Catfish",22256,"High","Warm"
"5788","Channel Catfish",2006,11,0,906,"2006",0,"Channel Catfish",22256,"High","Warm"
"5789","Channel Catfish",2006,21,9,906,"2006",0.00993377483443709,"Channel Catfish",22256,"High","Warm"
"5790","Channel Catfish",2006,32,22,906,"2006",0.0242825607064018,"Channel Catfish",22256,"High","Warm"
"5791","Channel Catfish",2006,29,20,906,"2006",0.022075055187638,"Channel Catfish",22256,"High","Warm"
"5792","Channel Catfish",2006,23,146,906,"2006",0.161147902869757,"Channel Catfish",22256,"High","Warm"
"5793","Channel Catfish",2006,25,69,906,"2006",0.076158940397351,"Channel Catfish",22256,"High","Warm"
"5794","Channel Catfish",2006,30,4,906,"2006",0.00441501103752759,"Channel Catfish",22256,"High","Warm"
"5795","Channel Catfish",2006,26,93,906,"2006",0.102649006622517,"Channel Catfish",22256,"High","Warm"
"5796","Channel Catfish",2007,18,10,838,"2007",0.0119331742243437,"Channel Catfish",22256,"High","Warm"
"5797","Channel Catfish",2007,17,12,838,"2007",0.0143198090692124,"Channel Catfish",22256,"High","Warm"
"5798","Channel Catfish",2007,16,3,838,"2007",0.0035799522673031,"Channel Catfish",22256,"High","Warm"
"5799","Channel Catfish",2007,33,7,838,"2007",0.00835322195704057,"Channel Catfish",22256,"High","Warm"
"5800","Channel Catfish",2007,20,65,838,"2007",0.0775656324582339,"Channel Catfish",22256,"High","Warm"
"5801","Channel Catfish",2007,27,49,838,"2007",0.058472553699284,"Channel Catfish",22256,"High","Warm"
"5802","Channel Catfish",2007,35,2,838,"2007",0.00238663484486874,"Channel Catfish",22256,"High","Warm"
"5803","Channel Catfish",2007,15,0,838,"2007",0,"Channel Catfish",22256,"High","Warm"
"5804","Channel Catfish",2007,26,20,838,"2007",0.0238663484486874,"Channel Catfish",22256,"High","Warm"
"5805","Channel Catfish",2007,12,0,838,"2007",0,"Channel Catfish",22256,"High","Warm"
"5806","Channel Catfish",2007,30,9,838,"2007",0.0107398568019093,"Channel Catfish",22256,"High","Warm"
"5807","Channel Catfish",2007,29,2,838,"2007",0.00238663484486874,"Channel Catfish",22256,"High","Warm"
"5808","Channel Catfish",2007,19,26,838,"2007",0.0310262529832936,"Channel Catfish",22256,"High","Warm"
"5809","Channel Catfish",2007,32,12,838,"2007",0.0143198090692124,"Channel Catfish",22256,"High","Warm"
"5810","Channel Catfish",2007,25,67,838,"2007",0.0799522673031026,"Channel Catfish",22256,"High","Warm"
"5811","Channel Catfish",2007,28,9,838,"2007",0.0107398568019093,"Channel Catfish",22256,"High","Warm"
"5812","Channel Catfish",2007,14,0,838,"2007",0,"Channel Catfish",22256,"High","Warm"
"5813","Channel Catfish",2007,22,230,838,"2007",0.274463007159905,"Channel Catfish",22256,"High","Warm"
"5814","Channel Catfish",2007,31,6,838,"2007",0.00715990453460621,"Channel Catfish",22256,"High","Warm"
"5815","Channel Catfish",2007,23,167,838,"2007",0.199284009546539,"Channel Catfish",22256,"High","Warm"
"5816","Channel Catfish",2007,34,16,838,"2007",0.0190930787589499,"Channel Catfish",22256,"High","Warm"
"5817","Channel Catfish",2007,13,0,838,"2007",0,"Channel Catfish",22256,"High","Warm"
"5818","Channel Catfish",2007,24,87,838,"2007",0.10381861575179,"Channel Catfish",22256,"High","Warm"
"5819","Channel Catfish",2007,21,39,838,"2007",0.0465393794749403,"Channel Catfish",22256,"High","Warm"
"5820","Channel Catfish",2008,16,4,1497,"2008",0.00267201068804275,"Channel Catfish",22256,"High","Warm"
"5821","Channel Catfish",2008,23,53,1497,"2008",0.0354041416165665,"Channel Catfish",22256,"High","Warm"
"5822","Channel Catfish",2008,17,18,1497,"2008",0.0120240480961924,"Channel Catfish",22256,"High","Warm"
"5823","Channel Catfish",2008,24,200,1497,"2008",0.133600534402138,"Channel Catfish",22256,"High","Warm"
"5824","Channel Catfish",2008,35,40,1497,"2008",0.0267201068804275,"Channel Catfish",22256,"High","Warm"
"5825","Channel Catfish",2008,13,0,1497,"2008",0,"Channel Catfish",22256,"High","Warm"
"5826","Channel Catfish",2008,20,38,1497,"2008",0.0253841015364061,"Channel Catfish",22256,"High","Warm"
"5827","Channel Catfish",2008,21,15,1497,"2008",0.0100200400801603,"Channel Catfish",22256,"High","Warm"
"5828","Channel Catfish",2008,30,150,1497,"2008",0.100200400801603,"Channel Catfish",22256,"High","Warm"
"5829","Channel Catfish",2008,31,89,1497,"2008",0.0594522378089512,"Channel Catfish",22256,"High","Warm"
"5830","Channel Catfish",2008,29,110,1497,"2008",0.0734802939211757,"Channel Catfish",22256,"High","Warm"
"5831","Channel Catfish",2008,28,106,1497,"2008",0.0708082832331329,"Channel Catfish",22256,"High","Warm"
"5832","Channel Catfish",2008,14,0,1497,"2008",0,"Channel Catfish",22256,"High","Warm"
"5833","Channel Catfish",2008,22,62,1497,"2008",0.0414161656646627,"Channel Catfish",22256,"High","Warm"
"5834","Channel Catfish",2008,15,7,1497,"2008",0.00467601870407482,"Channel Catfish",22256,"High","Warm"
"5835","Channel Catfish",2008,32,55,1497,"2008",0.0367401469605878,"Channel Catfish",22256,"High","Warm"
"5836","Channel Catfish",2008,18,5,1497,"2008",0.00334001336005344,"Channel Catfish",22256,"High","Warm"
"5837","Channel Catfish",2008,19,5,1497,"2008",0.00334001336005344,"Channel Catfish",22256,"High","Warm"
"5838","Channel Catfish",2008,26,215,1497,"2008",0.143620574482298,"Channel Catfish",22256,"High","Warm"
"5839","Channel Catfish",2008,25,100,1497,"2008",0.0668002672010688,"Channel Catfish",22256,"High","Warm"
"5840","Channel Catfish",2008,34,13,1497,"2008",0.00868403473613895,"Channel Catfish",22256,"High","Warm"
"5841","Channel Catfish",2008,33,19,1497,"2008",0.0126920507682031,"Channel Catfish",22256,"High","Warm"
"5842","Channel Catfish",2008,27,193,1497,"2008",0.128924515698063,"Channel Catfish",22256,"High","Warm"
"5843","Channel Catfish",2009,16,2,868,"2009",0.00230414746543779,"Channel Catfish",22256,"High","Warm"
"5844","Channel Catfish",2009,35,2,868,"2009",0.00230414746543779,"Channel Catfish",22256,"High","Warm"
"5845","Channel Catfish",2009,17,10,868,"2009",0.0115207373271889,"Channel Catfish",22256,"High","Warm"
"5846","Channel Catfish",2009,21,51,868,"2009",0.0587557603686636,"Channel Catfish",22256,"High","Warm"
"5847","Channel Catfish",2009,15,3,868,"2009",0.00345622119815668,"Channel Catfish",22256,"High","Warm"
"5848","Channel Catfish",2009,30,17,868,"2009",0.0195852534562212,"Channel Catfish",22256,"High","Warm"
"5849","Channel Catfish",2009,34,1,868,"2009",0.00115207373271889,"Channel Catfish",22256,"High","Warm"
"5850","Channel Catfish",2009,20,24,868,"2009",0.0276497695852535,"Channel Catfish",22256,"High","Warm"
"5851","Channel Catfish",2009,24,56,868,"2009",0.0645161290322581,"Channel Catfish",22256,"High","Warm"
"5852","Channel Catfish",2009,29,22,868,"2009",0.0253456221198157,"Channel Catfish",22256,"High","Warm"
"5853","Channel Catfish",2009,18,9,868,"2009",0.01036866359447,"Channel Catfish",22256,"High","Warm"
"5854","Channel Catfish",2009,19,39,868,"2009",0.0449308755760369,"Channel Catfish",22256,"High","Warm"
"5855","Channel Catfish",2009,11,0,868,"2009",0,"Channel Catfish",22256,"High","Warm"
"5856","Channel Catfish",2009,12,0,868,"2009",0,"Channel Catfish",22256,"High","Warm"
"5857","Channel Catfish",2009,27,143,868,"2009",0.164746543778802,"Channel Catfish",22256,"High","Warm"
"5858","Channel Catfish",2009,32,20,868,"2009",0.0230414746543779,"Channel Catfish",22256,"High","Warm"
"5859","Channel Catfish",2009,23,38,868,"2009",0.043778801843318,"Channel Catfish",22256,"High","Warm"
"5860","Channel Catfish",2009,28,62,868,"2009",0.0714285714285714,"Channel Catfish",22256,"High","Warm"
"5861","Channel Catfish",2009,26,181,868,"2009",0.20852534562212,"Channel Catfish",22256,"High","Warm"
"5862","Channel Catfish",2009,22,39,868,"2009",0.0449308755760369,"Channel Catfish",22256,"High","Warm"
"5863","Channel Catfish",2009,13,0,868,"2009",0,"Channel Catfish",22256,"High","Warm"
"5864","Channel Catfish",2009,14,0,868,"2009",0,"Channel Catfish",22256,"High","Warm"
"5865","Channel Catfish",2009,31,12,868,"2009",0.0138248847926267,"Channel Catfish",22256,"High","Warm"
"5866","Channel Catfish",2009,25,125,868,"2009",0.144009216589862,"Channel Catfish",22256,"High","Warm"
"5867","Channel Catfish",2009,33,12,868,"2009",0.0138248847926267,"Channel Catfish",22256,"High","Warm"
"5868","Channel Catfish",2010,24,88,1039,"2010",0.0846968238691049,"Channel Catfish",22256,"High","Warm"
"5869","Channel Catfish",2010,12,4,1039,"2010",0.00384985563041386,"Channel Catfish",22256,"High","Warm"
"5870","Channel Catfish",2010,28,104,1039,"2010",0.10009624639076,"Channel Catfish",22256,"High","Warm"
"5871","Channel Catfish",2010,23,160,1039,"2010",0.153994225216554,"Channel Catfish",22256,"High","Warm"
"5872","Channel Catfish",2010,15,43,1039,"2010",0.041385948026949,"Channel Catfish",22256,"High","Warm"
"5873","Channel Catfish",2010,17,5,1039,"2010",0.00481231953801732,"Channel Catfish",22256,"High","Warm"
"5874","Channel Catfish",2010,11,0,1039,"2010",0,"Channel Catfish",22256,"High","Warm"
"5875","Channel Catfish",2010,32,52,1039,"2010",0.0500481231953802,"Channel Catfish",22256,"High","Warm"
"5876","Channel Catfish",2010,35,8,1039,"2010",0.00769971126082772,"Channel Catfish",22256,"High","Warm"
"5877","Channel Catfish",2010,14,5,1039,"2010",0.00481231953801732,"Channel Catfish",22256,"High","Warm"
"5878","Channel Catfish",2010,31,40,1039,"2010",0.0384985563041386,"Channel Catfish",22256,"High","Warm"
"5879","Channel Catfish",2010,27,9,1039,"2010",0.00866217516843118,"Channel Catfish",22256,"High","Warm"
"5880","Channel Catfish",2010,16,5,1039,"2010",0.00481231953801732,"Channel Catfish",22256,"High","Warm"
"5881","Channel Catfish",2010,26,89,1039,"2010",0.0856592877767084,"Channel Catfish",22256,"High","Warm"
"5882","Channel Catfish",2010,25,54,1039,"2010",0.0519730510105871,"Channel Catfish",22256,"High","Warm"
"5883","Channel Catfish",2010,29,41,1039,"2010",0.0394610202117421,"Channel Catfish",22256,"High","Warm"
"5884","Channel Catfish",2010,33,53,1039,"2010",0.0510105871029836,"Channel Catfish",22256,"High","Warm"
"5885","Channel Catfish",2010,18,52,1039,"2010",0.0500481231953802,"Channel Catfish",22256,"High","Warm"
"5886","Channel Catfish",2010,30,32,1039,"2010",0.0307988450433109,"Channel Catfish",22256,"High","Warm"
"5887","Channel Catfish",2010,13,0,1039,"2010",0,"Channel Catfish",22256,"High","Warm"
"5888","Channel Catfish",2010,34,38,1039,"2010",0.0365736284889317,"Channel Catfish",22256,"High","Warm"
"5889","Channel Catfish",2010,19,7,1039,"2010",0.00673724735322425,"Channel Catfish",22256,"High","Warm"
"5890","Channel Catfish",2010,22,102,1039,"2010",0.0981713185755534,"Channel Catfish",22256,"High","Warm"
"5891","Channel Catfish",2010,21,24,1039,"2010",0.0230991337824832,"Channel Catfish",22256,"High","Warm"
"5892","Channel Catfish",2010,20,24,1039,"2010",0.0230991337824832,"Channel Catfish",22256,"High","Warm"
"5893","Channel Catfish",2011,22,61,1153,"2011",0.0529054640069384,"Channel Catfish",22256,"High","Warm"
"5894","Channel Catfish",2011,32,17,1153,"2011",0.0147441457068517,"Channel Catfish",22256,"High","Warm"
"5895","Channel Catfish",2011,20,16,1153,"2011",0.0138768430182134,"Channel Catfish",22256,"High","Warm"
"5896","Channel Catfish",2011,21,160,1153,"2011",0.138768430182134,"Channel Catfish",22256,"High","Warm"
"5897","Channel Catfish",2011,19,29,1153,"2011",0.0251517779705117,"Channel Catfish",22256,"High","Warm"
"5898","Channel Catfish",2011,25,79,1153,"2011",0.0685169124024285,"Channel Catfish",22256,"High","Warm"
"5899","Channel Catfish",2011,23,443,1153,"2011",0.384215091066782,"Channel Catfish",22256,"High","Warm"
"5900","Channel Catfish",2011,24,65,1153,"2011",0.0563746747614918,"Channel Catfish",22256,"High","Warm"
"5901","Channel Catfish",2011,18,9,1153,"2011",0.00780572419774501,"Channel Catfish",22256,"High","Warm"
"5902","Channel Catfish",2011,13,0,1153,"2011",0,"Channel Catfish",22256,"High","Warm"
"5903","Channel Catfish",2011,27,30,1153,"2011",0.02601908065915,"Channel Catfish",22256,"High","Warm"
"5904","Channel Catfish",2011,28,47,1153,"2011",0.0407632263660017,"Channel Catfish",22256,"High","Warm"
"5905","Channel Catfish",2011,29,36,1153,"2011",0.0312228967909801,"Channel Catfish",22256,"High","Warm"
"5906","Channel Catfish",2011,34,7,1153,"2011",0.00607111882046834,"Channel Catfish",22256,"High","Warm"
"5907","Channel Catfish",2011,14,0,1153,"2011",0,"Channel Catfish",22256,"High","Warm"
"5908","Channel Catfish",2011,31,10,1153,"2011",0.00867302688638335,"Channel Catfish",22256,"High","Warm"
"5909","Channel Catfish",2011,33,26,1153,"2011",0.0225498699045967,"Channel Catfish",22256,"High","Warm"
"5910","Channel Catfish",2011,12,0,1153,"2011",0,"Channel Catfish",22256,"High","Warm"
"5911","Channel Catfish",2011,26,50,1153,"2011",0.0433651344319167,"Channel Catfish",22256,"High","Warm"
"5912","Channel Catfish",2011,30,60,1153,"2011",0.0520381613183001,"Channel Catfish",22256,"High","Warm"
"5913","Channel Catfish",2011,11,0,1153,"2011",0,"Channel Catfish",22256,"High","Warm"
"5914","Channel Catfish",2011,15,2,1153,"2011",0.00173460537727667,"Channel Catfish",22256,"High","Warm"
"5915","Channel Catfish",2011,17,3,1153,"2011",0.002601908065915,"Channel Catfish",22256,"High","Warm"
"5916","Channel Catfish",2011,35,3,1153,"2011",0.002601908065915,"Channel Catfish",22256,"High","Warm"
"5917","Channel Catfish",2011,16,0,1153,"2011",0,"Channel Catfish",22256,"High","Warm"
"5918","Channel Catfish",2012,12,7,520,"2012",0.0134615384615385,"Channel Catfish",22256,"High","Warm"
"5919","Channel Catfish",2012,11,1,520,"2012",0.00192307692307692,"Channel Catfish",22256,"High","Warm"
"5920","Channel Catfish",2012,32,5,520,"2012",0.00961538461538462,"Channel Catfish",22256,"High","Warm"
"5921","Channel Catfish",2012,22,29,520,"2012",0.0557692307692308,"Channel Catfish",22256,"High","Warm"
"5922","Channel Catfish",2012,18,9,520,"2012",0.0173076923076923,"Channel Catfish",22256,"High","Warm"
"5923","Channel Catfish",2012,10,0,520,"2012",0,"Channel Catfish",22256,"High","Warm"
"5924","Channel Catfish",2012,31,12,520,"2012",0.0230769230769231,"Channel Catfish",22256,"High","Warm"
"5925","Channel Catfish",2012,19,18,520,"2012",0.0346153846153846,"Channel Catfish",22256,"High","Warm"
"5926","Channel Catfish",2012,14,0,520,"2012",0,"Channel Catfish",22256,"High","Warm"
"5927","Channel Catfish",2012,33,5,520,"2012",0.00961538461538462,"Channel Catfish",22256,"High","Warm"
"5928","Channel Catfish",2012,29,9,520,"2012",0.0173076923076923,"Channel Catfish",22256,"High","Warm"
"5929","Channel Catfish",2012,21,51,520,"2012",0.0980769230769231,"Channel Catfish",22256,"High","Warm"
"5930","Channel Catfish",2012,30,7,520,"2012",0.0134615384615385,"Channel Catfish",22256,"High","Warm"
"5931","Channel Catfish",2012,26,40,520,"2012",0.0769230769230769,"Channel Catfish",22256,"High","Warm"
"5932","Channel Catfish",2012,23,48,520,"2012",0.0923076923076923,"Channel Catfish",22256,"High","Warm"
"5933","Channel Catfish",2012,13,9,520,"2012",0.0173076923076923,"Channel Catfish",22256,"High","Warm"
"5934","Channel Catfish",2012,16,11,520,"2012",0.0211538461538462,"Channel Catfish",22256,"High","Warm"
"5935","Channel Catfish",2012,15,2,520,"2012",0.00384615384615385,"Channel Catfish",22256,"High","Warm"
"5936","Channel Catfish",2012,28,7,520,"2012",0.0134615384615385,"Channel Catfish",22256,"High","Warm"
"5937","Channel Catfish",2012,20,27,520,"2012",0.0519230769230769,"Channel Catfish",22256,"High","Warm"
"5938","Channel Catfish",2012,25,81,520,"2012",0.155769230769231,"Channel Catfish",22256,"High","Warm"
"5939","Channel Catfish",2012,34,2,520,"2012",0.00384615384615385,"Channel Catfish",22256,"High","Warm"
"5940","Channel Catfish",2012,17,2,520,"2012",0.00384615384615385,"Channel Catfish",22256,"High","Warm"
"5941","Channel Catfish",2012,35,14,520,"2012",0.0269230769230769,"Channel Catfish",22256,"High","Warm"
"5942","Channel Catfish",2012,27,19,520,"2012",0.0365384615384615,"Channel Catfish",22256,"High","Warm"
"5943","Channel Catfish",2012,24,105,520,"2012",0.201923076923077,"Channel Catfish",22256,"High","Warm"
"5944","Channel Catfish",2013,22,208,1012,"2013",0.205533596837945,"Channel Catfish",22256,"High","Warm"
"5945","Channel Catfish",2013,12,0,1012,"2013",0,"Channel Catfish",22256,"High","Warm"
"5946","Channel Catfish",2013,14,1,1012,"2013",0.000988142292490119,"Channel Catfish",22256,"High","Warm"
"5947","Channel Catfish",2013,23,86,1012,"2013",0.0849802371541502,"Channel Catfish",22256,"High","Warm"
"5948","Channel Catfish",2013,20,8,1012,"2013",0.00790513833992095,"Channel Catfish",22256,"High","Warm"
"5949","Channel Catfish",2013,29,40,1012,"2013",0.0395256916996047,"Channel Catfish",22256,"High","Warm"
"5950","Channel Catfish",2013,18,23,1012,"2013",0.0227272727272727,"Channel Catfish",22256,"High","Warm"
"5951","Channel Catfish",2013,25,73,1012,"2013",0.0721343873517787,"Channel Catfish",22256,"High","Warm"
"5952","Channel Catfish",2013,28,119,1012,"2013",0.117588932806324,"Channel Catfish",22256,"High","Warm"
"5953","Channel Catfish",2013,16,6,1012,"2013",0.00592885375494071,"Channel Catfish",22256,"High","Warm"
"5954","Channel Catfish",2013,26,67,1012,"2013",0.066205533596838,"Channel Catfish",22256,"High","Warm"
"5955","Channel Catfish",2013,13,0,1012,"2013",0,"Channel Catfish",22256,"High","Warm"
"5956","Channel Catfish",2013,11,0,1012,"2013",0,"Channel Catfish",22256,"High","Warm"
"5957","Channel Catfish",2013,19,76,1012,"2013",0.075098814229249,"Channel Catfish",22256,"High","Warm"
"5958","Channel Catfish",2013,32,4,1012,"2013",0.00395256916996047,"Channel Catfish",22256,"High","Warm"
"5959","Channel Catfish",2013,27,68,1012,"2013",0.0671936758893281,"Channel Catfish",22256,"High","Warm"
"5960","Channel Catfish",2013,24,85,1012,"2013",0.0839920948616601,"Channel Catfish",22256,"High","Warm"
"5961","Channel Catfish",2013,30,23,1012,"2013",0.0227272727272727,"Channel Catfish",22256,"High","Warm"
"5962","Channel Catfish",2013,17,9,1012,"2013",0.00889328063241107,"Channel Catfish",22256,"High","Warm"
"5963","Channel Catfish",2013,21,72,1012,"2013",0.0711462450592885,"Channel Catfish",22256,"High","Warm"
"5964","Channel Catfish",2013,15,4,1012,"2013",0.00395256916996047,"Channel Catfish",22256,"High","Warm"
"5965","Channel Catfish",2013,33,9,1012,"2013",0.00889328063241107,"Channel Catfish",22256,"High","Warm"
"5966","Channel Catfish",2013,34,17,1012,"2013",0.016798418972332,"Channel Catfish",22256,"High","Warm"
"5967","Channel Catfish",2013,35,8,1012,"2013",0.00790513833992095,"Channel Catfish",22256,"High","Warm"
"5968","Channel Catfish",2013,31,6,1012,"2013",0.00592885375494071,"Channel Catfish",22256,"High","Warm"
"5969","Channel Catfish",2014,32,17,1082,"2014",0.0157116451016636,"Channel Catfish",22256,"High","Warm"
"5970","Channel Catfish",2014,23,141,1082,"2014",0.130314232902033,"Channel Catfish",22256,"High","Warm"
"5971","Channel Catfish",2014,29,43,1082,"2014",0.0397412199630314,"Channel Catfish",22256,"High","Warm"
"5972","Channel Catfish",2014,31,16,1082,"2014",0.0147874306839187,"Channel Catfish",22256,"High","Warm"
"5973","Channel Catfish",2014,30,12,1082,"2014",0.011090573012939,"Channel Catfish",22256,"High","Warm"
"5974","Channel Catfish",2014,17,4,1082,"2014",0.00369685767097967,"Channel Catfish",22256,"High","Warm"
"5975","Channel Catfish",2014,33,7,1082,"2014",0.00646950092421442,"Channel Catfish",22256,"High","Warm"
"5976","Channel Catfish",2014,26,12,1082,"2014",0.011090573012939,"Channel Catfish",22256,"High","Warm"
"5977","Channel Catfish",2014,22,151,1082,"2014",0.139556377079482,"Channel Catfish",22256,"High","Warm"
"5978","Channel Catfish",2014,34,9,1082,"2014",0.00831792975970425,"Channel Catfish",22256,"High","Warm"
"5979","Channel Catfish",2014,27,26,1082,"2014",0.0240295748613678,"Channel Catfish",22256,"High","Warm"
"5980","Channel Catfish",2014,21,59,1082,"2014",0.0545286506469501,"Channel Catfish",22256,"High","Warm"
"5981","Channel Catfish",2014,16,8,1082,"2014",0.00739371534195933,"Channel Catfish",22256,"High","Warm"
"5982","Channel Catfish",2014,28,54,1082,"2014",0.0499075785582255,"Channel Catfish",22256,"High","Warm"
"5983","Channel Catfish",2014,19,59,1082,"2014",0.0545286506469501,"Channel Catfish",22256,"High","Warm"
"5984","Channel Catfish",2014,25,37,1082,"2014",0.0341959334565619,"Channel Catfish",22256,"High","Warm"
"5985","Channel Catfish",2014,20,271,1082,"2014",0.250462107208872,"Channel Catfish",22256,"High","Warm"
"5986","Channel Catfish",2014,14,0,1082,"2014",0,"Channel Catfish",22256,"High","Warm"
"5987","Channel Catfish",2014,18,16,1082,"2014",0.0147874306839187,"Channel Catfish",22256,"High","Warm"
"5988","Channel Catfish",2014,24,89,1082,"2014",0.0822550831792976,"Channel Catfish",22256,"High","Warm"
"5989","Channel Catfish",2014,35,5,1082,"2014",0.00462107208872458,"Channel Catfish",22256,"High","Warm"
"5990","Channel Catfish",2014,15,46,1082,"2014",0.0425138632162662,"Channel Catfish",22256,"High","Warm"
"5991","Channel Catfish",2014,13,0,1082,"2014",0,"Channel Catfish",22256,"High","Warm"
"5992","Channel Catfish",2015,19,205,728,"2015",0.281593406593407,"Channel Catfish",22256,"High","Warm"
"5993","Channel Catfish",2015,22,47,728,"2015",0.0645604395604396,"Channel Catfish",22256,"High","Warm"
"5994","Channel Catfish",2015,26,25,728,"2015",0.0343406593406593,"Channel Catfish",22256,"High","Warm"
"5995","Channel Catfish",2015,18,53,728,"2015",0.0728021978021978,"Channel Catfish",22256,"High","Warm"
"5996","Channel Catfish",2015,33,1,728,"2015",0.00137362637362637,"Channel Catfish",22256,"High","Warm"
"5997","Channel Catfish",2015,25,85,728,"2015",0.116758241758242,"Channel Catfish",22256,"High","Warm"
"5998","Channel Catfish",2015,29,15,728,"2015",0.0206043956043956,"Channel Catfish",22256,"High","Warm"
"5999","Channel Catfish",2015,21,44,728,"2015",0.0604395604395604,"Channel Catfish",22256,"High","Warm"
"6000","Channel Catfish",2015,20,43,728,"2015",0.0590659340659341,"Channel Catfish",22256,"High","Warm"
"6001","Channel Catfish",2015,24,88,728,"2015",0.120879120879121,"Channel Catfish",22256,"High","Warm"
"6002","Channel Catfish",2015,17,8,728,"2015",0.010989010989011,"Channel Catfish",22256,"High","Warm"
"6003","Channel Catfish",2015,14,0,728,"2015",0,"Channel Catfish",22256,"High","Warm"
"6004","Channel Catfish",2015,28,20,728,"2015",0.0274725274725275,"Channel Catfish",22256,"High","Warm"
"6005","Channel Catfish",2015,34,1,728,"2015",0.00137362637362637,"Channel Catfish",22256,"High","Warm"
"6006","Channel Catfish",2015,16,22,728,"2015",0.0302197802197802,"Channel Catfish",22256,"High","Warm"
"6007","Channel Catfish",2015,31,1,728,"2015",0.00137362637362637,"Channel Catfish",22256,"High","Warm"
"6008","Channel Catfish",2015,32,3,728,"2015",0.00412087912087912,"Channel Catfish",22256,"High","Warm"
"6009","Channel Catfish",2015,27,12,728,"2015",0.0164835164835165,"Channel Catfish",22256,"High","Warm"
"6010","Channel Catfish",2015,15,0,728,"2015",0,"Channel Catfish",22256,"High","Warm"
"6011","Channel Catfish",2015,30,22,728,"2015",0.0302197802197802,"Channel Catfish",22256,"High","Warm"
"6012","Channel Catfish",2015,13,0,728,"2015",0,"Channel Catfish",22256,"High","Warm"
"6013","Channel Catfish",2015,23,27,728,"2015",0.0370879120879121,"Channel Catfish",22256,"High","Warm"
"6014","Channel Catfish",2015,35,6,728,"2015",0.00824175824175824,"Channel Catfish",22256,"High","Warm"
"6015","Channel Catfish",2016,13,0,711,"2016",0,"Channel Catfish",22256,"High","Warm"
"6016","Channel Catfish",2016,12,0,711,"2016",0,"Channel Catfish",22256,"High","Warm"
"6017","Channel Catfish",2016,24,14,711,"2016",0.019690576652602,"Channel Catfish",22256,"High","Warm"
"6018","Channel Catfish",2016,23,65,711,"2016",0.0914205344585091,"Channel Catfish",22256,"High","Warm"
"6019","Channel Catfish",2016,21,92,711,"2016",0.129395218002813,"Channel Catfish",22256,"High","Warm"
"6020","Channel Catfish",2016,17,40,711,"2016",0.0562587904360056,"Channel Catfish",22256,"High","Warm"
"6021","Channel Catfish",2016,18,10,711,"2016",0.0140646976090014,"Channel Catfish",22256,"High","Warm"
"6022","Channel Catfish",2016,28,11,711,"2016",0.0154711673699015,"Channel Catfish",22256,"High","Warm"
"6023","Channel Catfish",2016,22,230,711,"2016",0.323488045007032,"Channel Catfish",22256,"High","Warm"
"6024","Channel Catfish",2016,29,7,711,"2016",0.00984528832630099,"Channel Catfish",22256,"High","Warm"
"6025","Channel Catfish",2016,30,0,711,"2016",0,"Channel Catfish",22256,"High","Warm"
"6026","Channel Catfish",2016,10,0,711,"2016",0,"Channel Catfish",22256,"High","Warm"
"6027","Channel Catfish",2016,26,44,711,"2016",0.0618846694796062,"Channel Catfish",22256,"High","Warm"
"6028","Channel Catfish",2016,11,0,711,"2016",0,"Channel Catfish",22256,"High","Warm"
"6029","Channel Catfish",2016,27,14,711,"2016",0.019690576652602,"Channel Catfish",22256,"High","Warm"
"6030","Channel Catfish",2016,31,4,711,"2016",0.00562587904360056,"Channel Catfish",22256,"High","Warm"
"6031","Channel Catfish",2016,32,0,711,"2016",0,"Channel Catfish",22256,"High","Warm"
"6032","Channel Catfish",2016,15,0,711,"2016",0,"Channel Catfish",22256,"High","Warm"
"6033","Channel Catfish",2016,16,3,711,"2016",0.00421940928270042,"Channel Catfish",22256,"High","Warm"
"6034","Channel Catfish",2016,25,66,711,"2016",0.0928270042194093,"Channel Catfish",22256,"High","Warm"
"6035","Channel Catfish",2016,14,0,711,"2016",0,"Channel Catfish",22256,"High","Warm"
"6036","Channel Catfish",2016,19,50,711,"2016",0.070323488045007,"Channel Catfish",22256,"High","Warm"
"6037","Channel Catfish",2016,20,46,711,"2016",0.0646976090014065,"Channel Catfish",22256,"High","Warm"
"6038","Channel Catfish",2016,35,1,711,"2016",0.00140646976090014,"Channel Catfish",22256,"High","Warm"
"6039","Channel Catfish",2016,34,1,711,"2016",0.00140646976090014,"Channel Catfish",22256,"High","Warm"
"6040","Channel Catfish",2016,33,13,711,"2016",0.0182841068917018,"Channel Catfish",22256,"High","Warm"
"6041","Channel Catfish",2017,12,0,864,"2017",0,"Channel Catfish",22256,"High","Warm"
"6042","Channel Catfish",2017,13,0,864,"2017",0,"Channel Catfish",22256,"High","Warm"
"6043","Channel Catfish",2017,16,18,864,"2017",0.0208333333333333,"Channel Catfish",22256,"High","Warm"
"6044","Channel Catfish",2017,23,53,864,"2017",0.0613425925925926,"Channel Catfish",22256,"High","Warm"
"6045","Channel Catfish",2017,10,0,864,"2017",0,"Channel Catfish",22256,"High","Warm"
"6046","Channel Catfish",2017,15,2,864,"2017",0.00231481481481481,"Channel Catfish",22256,"High","Warm"
"6047","Channel Catfish",2017,22,163,864,"2017",0.188657407407407,"Channel Catfish",22256,"High","Warm"
"6048","Channel Catfish",2017,26,39,864,"2017",0.0451388888888889,"Channel Catfish",22256,"High","Warm"
"6049","Channel Catfish",2017,24,150,864,"2017",0.173611111111111,"Channel Catfish",22256,"High","Warm"
"6050","Channel Catfish",2017,17,3,864,"2017",0.00347222222222222,"Channel Catfish",22256,"High","Warm"
"6051","Channel Catfish",2017,29,23,864,"2017",0.0266203703703704,"Channel Catfish",22256,"High","Warm"
"6052","Channel Catfish",2017,14,0,864,"2017",0,"Channel Catfish",22256,"High","Warm"
"6053","Channel Catfish",2017,27,53,864,"2017",0.0613425925925926,"Channel Catfish",22256,"High","Warm"
"6054","Channel Catfish",2017,28,55,864,"2017",0.0636574074074074,"Channel Catfish",22256,"High","Warm"
"6055","Channel Catfish",2017,31,4,864,"2017",0.00462962962962963,"Channel Catfish",22256,"High","Warm"
"6056","Channel Catfish",2017,32,1,864,"2017",0.00115740740740741,"Channel Catfish",22256,"High","Warm"
"6057","Channel Catfish",2017,21,9,864,"2017",0.0104166666666667,"Channel Catfish",22256,"High","Warm"
"6058","Channel Catfish",2017,25,187,864,"2017",0.216435185185185,"Channel Catfish",22256,"High","Warm"
"6059","Channel Catfish",2017,33,2,864,"2017",0.00231481481481481,"Channel Catfish",22256,"High","Warm"
"6060","Channel Catfish",2017,20,34,864,"2017",0.0393518518518519,"Channel Catfish",22256,"High","Warm"
"6061","Channel Catfish",2017,35,1,864,"2017",0.00115740740740741,"Channel Catfish",22256,"High","Warm"
"6062","Channel Catfish",2017,30,46,864,"2017",0.0532407407407407,"Channel Catfish",22256,"High","Warm"
"6063","Channel Catfish",2017,18,18,864,"2017",0.0208333333333333,"Channel Catfish",22256,"High","Warm"
"6064","Channel Catfish",2017,19,2,864,"2017",0.00231481481481481,"Channel Catfish",22256,"High","Warm"
"6065","Channel Catfish",2017,34,1,864,"2017",0.00115740740740741,"Channel Catfish",22256,"High","Warm"
"6066","Channel Catfish",2018,31,2,336,"2018",0.00595238095238095,"Channel Catfish",22256,"High","Warm"
"6067","Channel Catfish",2018,32,3,336,"2018",0.00892857142857143,"Channel Catfish",22256,"High","Warm"
"6068","Channel Catfish",2018,25,31,336,"2018",0.0922619047619048,"Channel Catfish",22256,"High","Warm"
"6069","Channel Catfish",2018,30,1,336,"2018",0.00297619047619048,"Channel Catfish",22256,"High","Warm"
"6070","Channel Catfish",2018,18,14,336,"2018",0.0416666666666667,"Channel Catfish",22256,"High","Warm"
"6071","Channel Catfish",2018,22,60,336,"2018",0.178571428571429,"Channel Catfish",22256,"High","Warm"
"6072","Channel Catfish",2018,26,42,336,"2018",0.125,"Channel Catfish",22256,"High","Warm"
"6073","Channel Catfish",2018,29,17,336,"2018",0.0505952380952381,"Channel Catfish",22256,"High","Warm"
"6074","Channel Catfish",2018,28,6,336,"2018",0.0178571428571429,"Channel Catfish",22256,"High","Warm"
"6075","Channel Catfish",2018,23,20,336,"2018",0.0595238095238095,"Channel Catfish",22256,"High","Warm"
"6076","Channel Catfish",2018,33,0,336,"2018",0,"Channel Catfish",22256,"High","Warm"
"6077","Channel Catfish",2018,13,0,336,"2018",0,"Channel Catfish",22256,"High","Warm"
"6078","Channel Catfish",2018,27,28,336,"2018",0.0833333333333333,"Channel Catfish",22256,"High","Warm"
"6079","Channel Catfish",2018,35,1,336,"2018",0.00297619047619048,"Channel Catfish",22256,"High","Warm"
"6080","Channel Catfish",2018,24,29,336,"2018",0.0863095238095238,"Channel Catfish",22256,"High","Warm"
"6081","Channel Catfish",2018,20,14,336,"2018",0.0416666666666667,"Channel Catfish",22256,"High","Warm"
"6082","Channel Catfish",2018,9,0,336,"2018",0,"Channel Catfish",22256,"High","Warm"
"6083","Channel Catfish",2018,34,0,336,"2018",0,"Channel Catfish",22256,"High","Warm"
"6084","Channel Catfish",2018,12,0,336,"2018",0,"Channel Catfish",22256,"High","Warm"
"6085","Channel Catfish",2018,10,0,336,"2018",0,"Channel Catfish",22256,"High","Warm"
"6086","Channel Catfish",2018,21,19,336,"2018",0.056547619047619,"Channel Catfish",22256,"High","Warm"
"6087","Channel Catfish",2018,16,0,336,"2018",0,"Channel Catfish",22256,"High","Warm"
"6088","Channel Catfish",2018,17,0,336,"2018",0,"Channel Catfish",22256,"High","Warm"
"6089","Channel Catfish",2018,14,0,336,"2018",0,"Channel Catfish",22256,"High","Warm"
"6090","Channel Catfish",2018,15,0,336,"2018",0,"Channel Catfish",22256,"High","Warm"
"6091","Channel Catfish",2018,19,49,336,"2018",0.145833333333333,"Channel Catfish",22256,"High","Warm"
"6092","Channel Catfish",2019,15,0,529,"2019",0,"Channel Catfish",22256,"High","Warm"
"6093","Channel Catfish",2019,13,0,529,"2019",0,"Channel Catfish",22256,"High","Warm"
"6094","Channel Catfish",2019,32,4,529,"2019",0.00756143667296786,"Channel Catfish",22256,"High","Warm"
"6095","Channel Catfish",2019,22,68,529,"2019",0.128544423440454,"Channel Catfish",22256,"High","Warm"
"6096","Channel Catfish",2019,20,14,529,"2019",0.0264650283553875,"Channel Catfish",22256,"High","Warm"
"6097","Channel Catfish",2019,33,2,529,"2019",0.00378071833648393,"Channel Catfish",22256,"High","Warm"
"6098","Channel Catfish",2019,23,82,529,"2019",0.155009451795841,"Channel Catfish",22256,"High","Warm"
"6099","Channel Catfish",2019,12,0,529,"2019",0,"Channel Catfish",22256,"High","Warm"
"6100","Channel Catfish",2019,11,0,529,"2019",0,"Channel Catfish",22256,"High","Warm"
"6101","Channel Catfish",2019,21,42,529,"2019",0.0793950850661626,"Channel Catfish",22256,"High","Warm"
"6102","Channel Catfish",2019,16,0,529,"2019",0,"Channel Catfish",22256,"High","Warm"
"6103","Channel Catfish",2019,14,0,529,"2019",0,"Channel Catfish",22256,"High","Warm"
"6104","Channel Catfish",2019,17,6,529,"2019",0.0113421550094518,"Channel Catfish",22256,"High","Warm"
"6105","Channel Catfish",2019,30,21,529,"2019",0.0396975425330813,"Channel Catfish",22256,"High","Warm"
"6106","Channel Catfish",2019,31,2,529,"2019",0.00378071833648393,"Channel Catfish",22256,"High","Warm"
"6107","Channel Catfish",2019,28,42,529,"2019",0.0793950850661626,"Channel Catfish",22256,"High","Warm"
"6108","Channel Catfish",2019,27,22,529,"2019",0.0415879017013233,"Channel Catfish",22256,"High","Warm"
"6109","Channel Catfish",2019,24,68,529,"2019",0.128544423440454,"Channel Catfish",22256,"High","Warm"
"6110","Channel Catfish",2019,29,39,529,"2019",0.0737240075614367,"Channel Catfish",22256,"High","Warm"
"6111","Channel Catfish",2019,34,1,529,"2019",0.00189035916824197,"Channel Catfish",22256,"High","Warm"
"6112","Channel Catfish",2019,26,27,529,"2019",0.0510396975425331,"Channel Catfish",22256,"High","Warm"
"6113","Channel Catfish",2019,35,1,529,"2019",0.00189035916824197,"Channel Catfish",22256,"High","Warm"
"6114","Channel Catfish",2019,18,4,529,"2019",0.00756143667296786,"Channel Catfish",22256,"High","Warm"
"6115","Channel Catfish",2019,25,46,529,"2019",0.0869565217391304,"Channel Catfish",22256,"High","Warm"
"6116","Channel Catfish",2019,19,38,529,"2019",0.0718336483931947,"Channel Catfish",22256,"High","Warm"
"6117","Channel Catfish",2020,27,22,258,"2020",0.0852713178294574,"Channel Catfish",22256,"High","Warm"
"6118","Channel Catfish",2020,32,0,258,"2020",0,"Channel Catfish",22256,"High","Warm"
"6119","Channel Catfish",2020,26,10,258,"2020",0.0387596899224806,"Channel Catfish",22256,"High","Warm"
"6120","Channel Catfish",2020,19,6,258,"2020",0.0232558139534884,"Channel Catfish",22256,"High","Warm"
"6121","Channel Catfish",2020,18,2,258,"2020",0.00775193798449612,"Channel Catfish",22256,"High","Warm"
"6122","Channel Catfish",2020,22,67,258,"2020",0.25968992248062,"Channel Catfish",22256,"High","Warm"
"6123","Channel Catfish",2020,14,0,258,"2020",0,"Channel Catfish",22256,"High","Warm"
"6124","Channel Catfish",2020,24,50,258,"2020",0.193798449612403,"Channel Catfish",22256,"High","Warm"
"6125","Channel Catfish",2020,25,7,258,"2020",0.0271317829457364,"Channel Catfish",22256,"High","Warm"
"6126","Channel Catfish",2020,31,1,258,"2020",0.00387596899224806,"Channel Catfish",22256,"High","Warm"
"6127","Channel Catfish",2020,30,10,258,"2020",0.0387596899224806,"Channel Catfish",22256,"High","Warm"
"6128","Channel Catfish",2020,23,24,258,"2020",0.0930232558139535,"Channel Catfish",22256,"High","Warm"
"6129","Channel Catfish",2020,28,17,258,"2020",0.0658914728682171,"Channel Catfish",22256,"High","Warm"
"6130","Channel Catfish",2020,13,1,258,"2020",0.00387596899224806,"Channel Catfish",22256,"High","Warm"
"6131","Channel Catfish",2020,29,7,258,"2020",0.0271317829457364,"Channel Catfish",22256,"High","Warm"
"6132","Channel Catfish",2020,35,0,258,"2020",0,"Channel Catfish",22256,"High","Warm"
"6133","Channel Catfish",2020,20,0,258,"2020",0,"Channel Catfish",22256,"High","Warm"
"6134","Channel Catfish",2020,12,0,258,"2020",0,"Channel Catfish",22256,"High","Warm"
"6135","Channel Catfish",2020,11,0,258,"2020",0,"Channel Catfish",22256,"High","Warm"
"6136","Channel Catfish",2020,17,3,258,"2020",0.0116279069767442,"Channel Catfish",22256,"High","Warm"
"6137","Channel Catfish",2020,21,28,258,"2020",0.108527131782946,"Channel Catfish",22256,"High","Warm"
"6138","Channel Catfish",2020,33,0,258,"2020",0,"Channel Catfish",22256,"High","Warm"
"6139","Channel Catfish",2020,34,1,258,"2020",0.00387596899224806,"Channel Catfish",22256,"High","Warm"
"6140","Channel Catfish",2020,15,1,258,"2020",0.00387596899224806,"Channel Catfish",22256,"High","Warm"
"6141","Channel Catfish",2020,16,1,258,"2020",0.00387596899224806,"Channel Catfish",22256,"High","Warm"
"6142","Channel Catfish",2021,26,26,329,"2021",0.0790273556231003,"Channel Catfish",22256,"High","Warm"
"6143","Channel Catfish",2021,28,18,329,"2021",0.0547112462006079,"Channel Catfish",22256,"High","Warm"
"6144","Channel Catfish",2021,29,13,329,"2021",0.0395136778115502,"Channel Catfish",22256,"High","Warm"
"6145","Channel Catfish",2021,17,2,329,"2021",0.0060790273556231,"Channel Catfish",22256,"High","Warm"
"6146","Channel Catfish",2021,15,4,329,"2021",0.0121580547112462,"Channel Catfish",22256,"High","Warm"
"6147","Channel Catfish",2021,16,5,329,"2021",0.0151975683890578,"Channel Catfish",22256,"High","Warm"
"6148","Channel Catfish",2021,20,21,329,"2021",0.0638297872340425,"Channel Catfish",22256,"High","Warm"
"6149","Channel Catfish",2021,25,19,329,"2021",0.0577507598784195,"Channel Catfish",22256,"High","Warm"
"6150","Channel Catfish",2021,23,38,329,"2021",0.115501519756839,"Channel Catfish",22256,"High","Warm"
"6151","Channel Catfish",2021,12,0,329,"2021",0,"Channel Catfish",22256,"High","Warm"
"6152","Channel Catfish",2021,24,55,329,"2021",0.167173252279635,"Channel Catfish",22256,"High","Warm"
"6153","Channel Catfish",2021,27,57,329,"2021",0.173252279635258,"Channel Catfish",22256,"High","Warm"
"6154","Channel Catfish",2021,18,5,329,"2021",0.0151975683890578,"Channel Catfish",22256,"High","Warm"
"6155","Channel Catfish",2021,31,1,329,"2021",0.00303951367781155,"Channel Catfish",22256,"High","Warm"
"6156","Channel Catfish",2021,35,1,329,"2021",0.00303951367781155,"Channel Catfish",22256,"High","Warm"
"6157","Channel Catfish",2021,19,5,329,"2021",0.0151975683890578,"Channel Catfish",22256,"High","Warm"
"6158","Channel Catfish",2021,21,45,329,"2021",0.13677811550152,"Channel Catfish",22256,"High","Warm"
"6159","Channel Catfish",2021,22,7,329,"2021",0.0212765957446809,"Channel Catfish",22256,"High","Warm"
"6160","Channel Catfish",2021,30,4,329,"2021",0.0121580547112462,"Channel Catfish",22256,"High","Warm"
"6161","Channel Catfish",2021,32,0,329,"2021",0,"Channel Catfish",22256,"High","Warm"
"6162","Channel Catfish",2021,13,1,329,"2021",0.00303951367781155,"Channel Catfish",22256,"High","Warm"
"6163","Channel Catfish",2021,33,0,329,"2021",0,"Channel Catfish",22256,"High","Warm"
"6164","Channel Catfish",2021,14,0,329,"2021",0,"Channel Catfish",22256,"High","Warm"
"6165","Channel Catfish",2021,34,2,329,"2021",0.0060790273556231,"Channel Catfish",22256,"High","Warm"
"6166","Channel Catfish",2021,11,0,329,"2021",0,"Channel Catfish",22256,"High","Warm"
"6167","Channel Catfish",2022,30,2,333,"2022",0.00600600600600601,"Channel Catfish",22256,"High","Warm"
"6168","Channel Catfish",2022,28,4,333,"2022",0.012012012012012,"Channel Catfish",22256,"High","Warm"
"6169","Channel Catfish",2022,33,1,333,"2022",0.003003003003003,"Channel Catfish",22256,"High","Warm"
"6170","Channel Catfish",2022,15,0,333,"2022",0,"Channel Catfish",22256,"High","Warm"
"6171","Channel Catfish",2022,34,1,333,"2022",0.003003003003003,"Channel Catfish",22256,"High","Warm"
"6172","Channel Catfish",2022,29,14,333,"2022",0.042042042042042,"Channel Catfish",22256,"High","Warm"
"6173","Channel Catfish",2022,27,15,333,"2022",0.045045045045045,"Channel Catfish",22256,"High","Warm"
"6174","Channel Catfish",2022,35,2,333,"2022",0.00600600600600601,"Channel Catfish",22256,"High","Warm"
"6175","Channel Catfish",2022,16,0,333,"2022",0,"Channel Catfish",22256,"High","Warm"
"6176","Channel Catfish",2022,17,5,333,"2022",0.015015015015015,"Channel Catfish",22256,"High","Warm"
"6177","Channel Catfish",2022,31,2,333,"2022",0.00600600600600601,"Channel Catfish",22256,"High","Warm"
"6178","Channel Catfish",2022,14,1,333,"2022",0.003003003003003,"Channel Catfish",22256,"High","Warm"
"6179","Channel Catfish",2022,19,16,333,"2022",0.048048048048048,"Channel Catfish",22256,"High","Warm"
"6180","Channel Catfish",2022,20,67,333,"2022",0.201201201201201,"Channel Catfish",22256,"High","Warm"
"6181","Channel Catfish",2022,26,20,333,"2022",0.0600600600600601,"Channel Catfish",22256,"High","Warm"
"6182","Channel Catfish",2022,21,47,333,"2022",0.141141141141141,"Channel Catfish",22256,"High","Warm"
"6183","Channel Catfish",2022,18,10,333,"2022",0.03003003003003,"Channel Catfish",22256,"High","Warm"
"6184","Channel Catfish",2022,32,5,333,"2022",0.015015015015015,"Channel Catfish",22256,"High","Warm"
"6185","Channel Catfish",2022,13,0,333,"2022",0,"Channel Catfish",22256,"High","Warm"
"6186","Channel Catfish",2022,12,0,333,"2022",0,"Channel Catfish",22256,"High","Warm"
"6187","Channel Catfish",2022,23,28,333,"2022",0.0840840840840841,"Channel Catfish",22256,"High","Warm"
"6188","Channel Catfish",2022,25,19,333,"2022",0.0570570570570571,"Channel Catfish",22256,"High","Warm"
"6189","Channel Catfish",2022,22,41,333,"2022",0.123123123123123,"Channel Catfish",22256,"High","Warm"
"6190","Channel Catfish",2022,24,33,333,"2022",0.0990990990990991,"Channel Catfish",22256,"High","Warm"
"6810","Common Carp",1997,25,477,14618,"1997",0.0326310028731701,"Common Carp",179110,"High","Warm"
"6811","Common Carp",1997,30,63,14618,"1997",0.00430975509645642,"Common Carp",179110,"High","Warm"
"6812","Common Carp",1997,32,10,14618,"1997",0.000684088110548639,"Common Carp",179110,"High","Warm"
"6813","Common Carp",1997,29,135,14618,"1997",0.00923518949240662,"Common Carp",179110,"High","Warm"
"6814","Common Carp",1997,17,694,14618,"1997",0.0474757148720755,"Common Carp",179110,"High","Warm"
"6815","Common Carp",1997,19,759,14618,"1997",0.0519222875906417,"Common Carp",179110,"High","Warm"
"6816","Common Carp",1997,22,3081,14618,"1997",0.210767546860036,"Common Carp",179110,"High","Warm"
"6817","Common Carp",1997,35,18,14618,"1997",0.00123135859898755,"Common Carp",179110,"High","Warm"
"6818","Common Carp",1997,24,2135,14618,"1997",0.146052811602134,"Common Carp",179110,"High","Warm"
"6819","Common Carp",1997,27,65,14618,"1997",0.00444657271856615,"Common Carp",179110,"High","Warm"
"6820","Common Carp",1997,31,11,14618,"1997",0.000752496921603503,"Common Carp",179110,"High","Warm"
"6821","Common Carp",1997,16,224,14618,"1997",0.0153235736762895,"Common Carp",179110,"High","Warm"
"6822","Common Carp",1997,15,11,14618,"1997",0.000752496921603503,"Common Carp",179110,"High","Warm"
"6823","Common Carp",1997,18,457,14618,"1997",0.0312628266520728,"Common Carp",179110,"High","Warm"
"6824","Common Carp",1997,34,44,14618,"1997",0.00300998768641401,"Common Carp",179110,"High","Warm"
"6825","Common Carp",1997,12,0,14618,"1997",0,"Common Carp",179110,"High","Warm"
"6826","Common Carp",1997,20,966,14618,"1997",0.0660829114789985,"Common Carp",179110,"High","Warm"
"6827","Common Carp",1997,14,39,14618,"1997",0.00266794363113969,"Common Carp",179110,"High","Warm"
"6828","Common Carp",1997,33,14,14618,"1997",0.000957723354768094,"Common Carp",179110,"High","Warm"
"6829","Common Carp",1997,21,2074,14618,"1997",0.141879874127788,"Common Carp",179110,"High","Warm"
"6830","Common Carp",1997,28,273,14618,"1997",0.0186756054179778,"Common Carp",179110,"High","Warm"
"6831","Common Carp",1997,13,4,14618,"1997",0.000273635244219455,"Common Carp",179110,"High","Warm"
"6832","Common Carp",1997,26,959,14618,"1997",0.0656040498016145,"Common Carp",179110,"High","Warm"
"6833","Common Carp",1997,23,2105,14618,"1997",0.144000547270488,"Common Carp",179110,"High","Warm"
"6834","Common Carp",1998,16,440,8526,"1998",0.0516068496364063,"Common Carp",179110,"High","Warm"
"6835","Common Carp",1998,34,27,8526,"1998",0.00316678395496129,"Common Carp",179110,"High","Warm"
"6836","Common Carp",1998,15,482,8526,"1998",0.0565329580107905,"Common Carp",179110,"High","Warm"
"6837","Common Carp",1998,13,472,8526,"1998",0.0553600750645086,"Common Carp",179110,"High","Warm"
"6838","Common Carp",1998,33,8,8526,"1998",0.000938306357025569,"Common Carp",179110,"High","Warm"
"6839","Common Carp",1998,28,323,8526,"1998",0.0378841191649073,"Common Carp",179110,"High","Warm"
"6840","Common Carp",1998,19,772,8526,"1998",0.0905465634529674,"Common Carp",179110,"High","Warm"
"6841","Common Carp",1998,17,705,8526,"1998",0.0826882477128782,"Common Carp",179110,"High","Warm"
"6842","Common Carp",1998,22,309,8526,"1998",0.0362420830401126,"Common Carp",179110,"High","Warm"
"6843","Common Carp",1998,14,240,8526,"1998",0.0281491907107671,"Common Carp",179110,"High","Warm"
"6844","Common Carp",1998,18,557,8526,"1998",0.0653295801079052,"Common Carp",179110,"High","Warm"
"6845","Common Carp",1998,21,989,8526,"1998",0.115998123387286,"Common Carp",179110,"High","Warm"
"6846","Common Carp",1998,12,1,8526,"1998",0.000117288294628196,"Common Carp",179110,"High","Warm"
"6847","Common Carp",1998,26,475,8526,"1998",0.0557119399483932,"Common Carp",179110,"High","Warm"
"6848","Common Carp",1998,23,167,8526,"1998",0.0195871452029087,"Common Carp",179110,"High","Warm"
"6849","Common Carp",1998,20,703,8526,"1998",0.0824536711236219,"Common Carp",179110,"High","Warm"
"6850","Common Carp",1998,25,941,8526,"1998",0.110368285245133,"Common Carp",179110,"High","Warm"
"6851","Common Carp",1998,29,28,8526,"1998",0.00328407224958949,"Common Carp",179110,"High","Warm"
"6852","Common Carp",1998,35,2,8526,"1998",0.000234576589256392,"Common Carp",179110,"High","Warm"
"6853","Common Carp",1998,32,27,8526,"1998",0.00316678395496129,"Common Carp",179110,"High","Warm"
"6854","Common Carp",1998,10,0,8526,"1998",0,"Common Carp",179110,"High","Warm"
"6855","Common Carp",1998,30,12,8526,"1998",0.00140745953553835,"Common Carp",179110,"High","Warm"
"6856","Common Carp",1998,27,218,8526,"1998",0.0255688482289468,"Common Carp",179110,"High","Warm"
"6857","Common Carp",1998,24,608,8526,"1998",0.0713112831339432,"Common Carp",179110,"High","Warm"
"6858","Common Carp",1998,31,20,8526,"1998",0.00234576589256392,"Common Carp",179110,"High","Warm"
"6859","Common Carp",2000,14,58,26644,"2000",0.00217685032277436,"Common Carp",179110,"High","Warm"
"6860","Common Carp",2000,24,5151,26644,"2000",0.193326827803633,"Common Carp",179110,"High","Warm"
"6861","Common Carp",2000,16,367,26644,"2000",0.0137742080768653,"Common Carp",179110,"High","Warm"
"6862","Common Carp",2000,25,2110,26644,"2000",0.0791923134664465,"Common Carp",179110,"High","Warm"
"6863","Common Carp",2000,15,8,26644,"2000",0.000300255216934394,"Common Carp",179110,"High","Warm"
"6864","Common Carp",2000,27,1882,26644,"2000",0.0706350397838162,"Common Carp",179110,"High","Warm"
"6865","Common Carp",2000,26,3205,26644,"2000",0.120289746284342,"Common Carp",179110,"High","Warm"
"6866","Common Carp",2000,34,16,26644,"2000",0.000600510433868789,"Common Carp",179110,"High","Warm"
"6867","Common Carp",2000,35,14,26644,"2000",0.00052544662963519,"Common Carp",179110,"High","Warm"
"6868","Common Carp",2000,33,37,26644,"2000",0.00138868037832157,"Common Carp",179110,"High","Warm"
"6869","Common Carp",2000,20,2529,26644,"2000",0.0949181804533854,"Common Carp",179110,"High","Warm"
"6870","Common Carp",2000,13,132,26644,"2000",0.0049542110794175,"Common Carp",179110,"High","Warm"
"6871","Common Carp",2000,11,75,26644,"2000",0.00281489265875995,"Common Carp",179110,"High","Warm"
"6872","Common Carp",2000,12,96,26644,"2000",0.00360306260321273,"Common Carp",179110,"High","Warm"
"6873","Common Carp",2000,10,38,26644,"2000",0.00142621228043837,"Common Carp",179110,"High","Warm"
"6874","Common Carp",2000,9,0,26644,"2000",0,"Common Carp",179110,"High","Warm"
"6875","Common Carp",2000,17,706,26644,"2000",0.0264975228944603,"Common Carp",179110,"High","Warm"
"6876","Common Carp",2000,22,2376,26644,"2000",0.0891757994295151,"Common Carp",179110,"High","Warm"
"6877","Common Carp",2000,23,1600,26644,"2000",0.0600510433868788,"Common Carp",179110,"High","Warm"
"6878","Common Carp",2000,19,2926,26644,"2000",0.109818345593755,"Common Carp",179110,"High","Warm"
"6879","Common Carp",2000,28,441,26644,"2000",0.0165515688335085,"Common Carp",179110,"High","Warm"
"6880","Common Carp",2000,29,240,26644,"2000",0.00900765650803183,"Common Carp",179110,"High","Warm"
"6881","Common Carp",2000,18,1402,26644,"2000",0.0526197267677526,"Common Carp",179110,"High","Warm"
"6882","Common Carp",2000,31,87,26644,"2000",0.00326527548416154,"Common Carp",179110,"High","Warm"
"6883","Common Carp",2000,32,48,26644,"2000",0.00180153130160637,"Common Carp",179110,"High","Warm"
"6884","Common Carp",2000,21,1081,26644,"2000",0.04057198618826,"Common Carp",179110,"High","Warm"
"6885","Common Carp",2000,30,19,26644,"2000",0.000713106140219186,"Common Carp",179110,"High","Warm"
"6886","Common Carp",2001,28,296,14419,"2001",0.0205284693806783,"Common Carp",179110,"High","Warm"
"6887","Common Carp",2001,32,47,14419,"2001",0.00325958804355364,"Common Carp",179110,"High","Warm"
"6888","Common Carp",2001,29,250,14419,"2001",0.0173382342742215,"Common Carp",179110,"High","Warm"
"6889","Common Carp",2001,20,1364,14419,"2001",0.0945974062001526,"Common Carp",179110,"High","Warm"
"6890","Common Carp",2001,22,1524,14419,"2001",0.105693876135654,"Common Carp",179110,"High","Warm"
"6891","Common Carp",2001,25,1386,14419,"2001",0.0961231708162841,"Common Carp",179110,"High","Warm"
"6892","Common Carp",2001,14,9,14419,"2001",0.000624176433871975,"Common Carp",179110,"High","Warm"
"6893","Common Carp",2001,27,528,14419,"2001",0.0366183507871558,"Common Carp",179110,"High","Warm"
"6894","Common Carp",2001,24,2551,14419,"2001",0.176919342534156,"Common Carp",179110,"High","Warm"
"6895","Common Carp",2001,30,346,14419,"2001",0.0239961162355226,"Common Carp",179110,"High","Warm"
"6896","Common Carp",2001,26,1207,14419,"2001",0.0837089950759415,"Common Carp",179110,"High","Warm"
"6897","Common Carp",2001,31,6,14419,"2001",0.000416117622581316,"Common Carp",179110,"High","Warm"
"6898","Common Carp",2001,23,997,14419,"2001",0.0691448782855954,"Common Carp",179110,"High","Warm"
"6899","Common Carp",2001,21,1080,14419,"2001",0.0749011720646369,"Common Carp",179110,"High","Warm"
"6900","Common Carp",2001,17,223,14419,"2001",0.0154657049726056,"Common Carp",179110,"High","Warm"
"6901","Common Carp",2001,13,2,14419,"2001",0.000138705874193772,"Common Carp",179110,"High","Warm"
"6902","Common Carp",2001,18,996,14419,"2001",0.0690755253484985,"Common Carp",179110,"High","Warm"
"6903","Common Carp",2001,12,18,14419,"2001",0.00124835286774395,"Common Carp",179110,"High","Warm"
"6904","Common Carp",2001,16,50,14419,"2001",0.0034676468548443,"Common Carp",179110,"High","Warm"
"6905","Common Carp",2001,15,121,14419,"2001",0.00839170538872321,"Common Carp",179110,"High","Warm"
"6906","Common Carp",2001,34,36,14419,"2001",0.0024967057354879,"Common Carp",179110,"High","Warm"
"6907","Common Carp",2001,11,0,14419,"2001",0,"Common Carp",179110,"High","Warm"
"6908","Common Carp",2001,33,42,14419,"2001",0.00291282335806921,"Common Carp",179110,"High","Warm"
"6909","Common Carp",2001,35,21,14419,"2001",0.00145641167903461,"Common Carp",179110,"High","Warm"
"6910","Common Carp",2001,19,1319,14419,"2001",0.0914765240307927,"Common Carp",179110,"High","Warm"
"6911","Common Carp",2002,29,276,15016,"2002",0.0183803942461375,"Common Carp",179110,"High","Warm"
"6912","Common Carp",2002,20,982,15016,"2002",0.0653969099627064,"Common Carp",179110,"High","Warm"
"6913","Common Carp",2002,25,1416,15016,"2002",0.0942994139584443,"Common Carp",179110,"High","Warm"
"6914","Common Carp",2002,33,18,15016,"2002",0.00119872136387853,"Common Carp",179110,"High","Warm"
"6915","Common Carp",2002,32,14,15016,"2002",0.00093233883857219,"Common Carp",179110,"High","Warm"
"6916","Common Carp",2002,34,61,15016,"2002",0.00406233351092168,"Common Carp",179110,"High","Warm"
"6917","Common Carp",2002,22,1298,15016,"2002",0.0864411294619073,"Common Carp",179110,"High","Warm"
"6918","Common Carp",2002,26,1217,15016,"2002",0.0810468833244539,"Common Carp",179110,"High","Warm"
"6919","Common Carp",2002,30,472,15016,"2002",0.0314331379861481,"Common Carp",179110,"High","Warm"
"6920","Common Carp",2002,14,101,15016,"2002",0.00672615876398508,"Common Carp",179110,"High","Warm"
"6921","Common Carp",2002,35,20,15016,"2002",0.0013319126265317,"Common Carp",179110,"High","Warm"
"6922","Common Carp",2002,28,269,15016,"2002",0.0179142248268514,"Common Carp",179110,"High","Warm"
"6923","Common Carp",2002,18,888,15016,"2002",0.0591369206180075,"Common Carp",179110,"High","Warm"
"6924","Common Carp",2002,31,240,15016,"2002",0.0159829515183804,"Common Carp",179110,"High","Warm"
"6925","Common Carp",2002,11,14,15016,"2002",0.00093233883857219,"Common Carp",179110,"High","Warm"
"6926","Common Carp",2002,24,2026,15016,"2002",0.134922749067661,"Common Carp",179110,"High","Warm"
"6927","Common Carp",2002,27,1264,15016,"2002",0.0841768779968034,"Common Carp",179110,"High","Warm"
"6928","Common Carp",2002,16,621,15016,"2002",0.0413558870538093,"Common Carp",179110,"High","Warm"
"6929","Common Carp",2002,15,284,15016,"2002",0.0189131592967501,"Common Carp",179110,"High","Warm"
"6930","Common Carp",2002,19,703,15016,"2002",0.0468167288225892,"Common Carp",179110,"High","Warm"
"6931","Common Carp",2002,21,429,15016,"2002",0.028569525839105,"Common Carp",179110,"High","Warm"
"6932","Common Carp",2002,23,2071,15016,"2002",0.137919552477357,"Common Carp",179110,"High","Warm"
"6933","Common Carp",2002,17,273,15016,"2002",0.0181806073521577,"Common Carp",179110,"High","Warm"
"6934","Common Carp",2002,13,0,15016,"2002",0,"Common Carp",179110,"High","Warm"
"6935","Common Carp",2002,10,0,15016,"2002",0,"Common Carp",179110,"High","Warm"
"6936","Common Carp",2002,12,59,15016,"2002",0.00392914224826851,"Common Carp",179110,"High","Warm"
"6937","Common Carp",2003,17,170,10193,"2003",0.0166781124300991,"Common Carp",179110,"High","Warm"
"6938","Common Carp",2003,31,20,10193,"2003",0.0019621308741293,"Common Carp",179110,"High","Warm"
"6939","Common Carp",2003,33,39,10193,"2003",0.00382615520455214,"Common Carp",179110,"High","Warm"
"6940","Common Carp",2003,35,31,10193,"2003",0.00304130285490042,"Common Carp",179110,"High","Warm"
"6941","Common Carp",2003,32,42,10193,"2003",0.00412047483567154,"Common Carp",179110,"High","Warm"
"6942","Common Carp",2003,22,954,10193,"2003",0.0935936426959678,"Common Carp",179110,"High","Warm"
"6943","Common Carp",2003,34,58,10193,"2003",0.00569017953497498,"Common Carp",179110,"High","Warm"
"6944","Common Carp",2003,27,320,10193,"2003",0.0313940939860689,"Common Carp",179110,"High","Warm"
"6945","Common Carp",2003,23,1760,10193,"2003",0.172667516923379,"Common Carp",179110,"High","Warm"
"6946","Common Carp",2003,12,0,10193,"2003",0,"Common Carp",179110,"High","Warm"
"6947","Common Carp",2003,25,767,10193,"2003",0.0752477190228588,"Common Carp",179110,"High","Warm"
"6948","Common Carp",2003,19,917,10193,"2003",0.0899637005788286,"Common Carp",179110,"High","Warm"
"6949","Common Carp",2003,28,217,10193,"2003",0.021289119984303,"Common Carp",179110,"High","Warm"
"6950","Common Carp",2003,21,1776,10193,"2003",0.174237221622682,"Common Carp",179110,"High","Warm"
"6951","Common Carp",2003,18,462,10193,"2003",0.0453252231923869,"Common Carp",179110,"High","Warm"
"6952","Common Carp",2003,26,740,10193,"2003",0.0725988423427843,"Common Carp",179110,"High","Warm"
"6953","Common Carp",2003,20,197,10193,"2003",0.0193269891101736,"Common Carp",179110,"High","Warm"
"6954","Common Carp",2003,29,82,10193,"2003",0.00804473658393015,"Common Carp",179110,"High","Warm"
"6955","Common Carp",2003,24,1215,10193,"2003",0.119199450603355,"Common Carp",179110,"High","Warm"
"6956","Common Carp",2003,13,21,10193,"2003",0.00206023741783577,"Common Carp",179110,"High","Warm"
"6957","Common Carp",2003,14,0,10193,"2003",0,"Common Carp",179110,"High","Warm"
"6958","Common Carp",2003,15,213,10193,"2003",0.0208966938094771,"Common Carp",179110,"High","Warm"
"6959","Common Carp",2003,30,23,10193,"2003",0.0022564505052487,"Common Carp",179110,"High","Warm"
"6960","Common Carp",2003,16,169,10193,"2003",0.0165800058863926,"Common Carp",179110,"High","Warm"
"6961","Common Carp",2004,13,42,6376,"2004",0.00658720200752823,"Common Carp",179110,"High","Warm"
"6962","Common Carp",2004,18,256,6376,"2004",0.0401505646173149,"Common Carp",179110,"High","Warm"
"6963","Common Carp",2004,16,179,6376,"2004",0.0280740276035132,"Common Carp",179110,"High","Warm"
"6964","Common Carp",2004,26,100,6376,"2004",0.0156838143036386,"Common Carp",179110,"High","Warm"
"6965","Common Carp",2004,15,35,6376,"2004",0.00548933500627353,"Common Carp",179110,"High","Warm"
"6966","Common Carp",2004,27,100,6376,"2004",0.0156838143036386,"Common Carp",179110,"High","Warm"
"6967","Common Carp",2004,17,74,6376,"2004",0.0116060225846926,"Common Carp",179110,"High","Warm"
"6968","Common Carp",2004,19,393,6376,"2004",0.0616373902132999,"Common Carp",179110,"High","Warm"
"6969","Common Carp",2004,34,10,6376,"2004",0.00156838143036386,"Common Carp",179110,"High","Warm"
"6970","Common Carp",2004,30,55,6376,"2004",0.00862609786700125,"Common Carp",179110,"High","Warm"
"6971","Common Carp",2004,35,10,6376,"2004",0.00156838143036386,"Common Carp",179110,"High","Warm"
"6972","Common Carp",2004,14,153,6376,"2004",0.0239962358845671,"Common Carp",179110,"High","Warm"
"6973","Common Carp",2004,23,880,6376,"2004",0.13801756587202,"Common Carp",179110,"High","Warm"
"6974","Common Carp",2004,12,0,6376,"2004",0,"Common Carp",179110,"High","Warm"
"6975","Common Carp",2004,25,1315,6376,"2004",0.206242158092848,"Common Carp",179110,"High","Warm"
"6976","Common Carp",2004,20,573,6376,"2004",0.0898682559598494,"Common Carp",179110,"High","Warm"
"6977","Common Carp",2004,21,479,6376,"2004",0.0751254705144291,"Common Carp",179110,"High","Warm"
"6978","Common Carp",2004,32,35,6376,"2004",0.00548933500627353,"Common Carp",179110,"High","Warm"
"6979","Common Carp",2004,24,1017,6376,"2004",0.159504391468005,"Common Carp",179110,"High","Warm"
"6980","Common Carp",2004,31,52,6376,"2004",0.0081555834378921,"Common Carp",179110,"High","Warm"
"6981","Common Carp",2004,28,61,6376,"2004",0.00956712672521957,"Common Carp",179110,"High","Warm"
"6982","Common Carp",2004,29,51,6376,"2004",0.00799874529485571,"Common Carp",179110,"High","Warm"
"6983","Common Carp",2004,33,13,6376,"2004",0.00203889585947302,"Common Carp",179110,"High","Warm"
"6984","Common Carp",2004,22,493,6376,"2004",0.0773212045169385,"Common Carp",179110,"High","Warm"
"6985","Common Carp",2005,29,115,5271,"2005",0.0218174919370138,"Common Carp",179110,"High","Warm"
"6986","Common Carp",2005,30,31,5271,"2005",0.00588123695693417,"Common Carp",179110,"High","Warm"
"6987","Common Carp",2005,12,1,5271,"2005",0.000189717321191425,"Common Carp",179110,"High","Warm"
"6988","Common Carp",2005,31,10,5271,"2005",0.00189717321191425,"Common Carp",179110,"High","Warm"
"6989","Common Carp",2005,19,284,5271,"2005",0.0538797192183646,"Common Carp",179110,"High","Warm"
"6990","Common Carp",2005,17,181,5271,"2005",0.0343388351356479,"Common Carp",179110,"High","Warm"
"6991","Common Carp",2005,13,12,5271,"2005",0.0022766078542971,"Common Carp",179110,"High","Warm"
"6992","Common Carp",2005,27,33,5271,"2005",0.00626067159931702,"Common Carp",179110,"High","Warm"
"6993","Common Carp",2005,28,67,5271,"2005",0.0127110605198255,"Common Carp",179110,"High","Warm"
"6994","Common Carp",2005,14,329,5271,"2005",0.0624169986719788,"Common Carp",179110,"High","Warm"
"6995","Common Carp",2005,32,25,5271,"2005",0.00474293302978562,"Common Carp",179110,"High","Warm"
"6996","Common Carp",2005,20,144,5271,"2005",0.0273192942515652,"Common Carp",179110,"High","Warm"
"6997","Common Carp",2005,33,37,5271,"2005",0.00701954088408272,"Common Carp",179110,"High","Warm"
"6998","Common Carp",2005,25,150,5271,"2005",0.0284575981787137,"Common Carp",179110,"High","Warm"
"6999","Common Carp",2005,35,56,5271,"2005",0.0106241699867198,"Common Carp",179110,"High","Warm"
"7000","Common Carp",2005,18,58,5271,"2005",0.0110036046291026,"Common Carp",179110,"High","Warm"
"7001","Common Carp",2005,21,345,5271,"2005",0.0654524758110415,"Common Carp",179110,"High","Warm"
"7002","Common Carp",2005,26,141,5271,"2005",0.0267501422879909,"Common Carp",179110,"High","Warm"
"7003","Common Carp",2005,16,38,5271,"2005",0.00720925820527414,"Common Carp",179110,"High","Warm"
"7004","Common Carp",2005,24,1722,5271,"2005",0.326693227091633,"Common Carp",179110,"High","Warm"
"7005","Common Carp",2005,22,465,5271,"2005",0.0882185543540125,"Common Carp",179110,"High","Warm"
"7006","Common Carp",2005,34,35,5271,"2005",0.00664010624169987,"Common Carp",179110,"High","Warm"
"7007","Common Carp",2005,15,45,5271,"2005",0.00853727945361412,"Common Carp",179110,"High","Warm"
"7008","Common Carp",2005,23,947,5271,"2005",0.179662303168279,"Common Carp",179110,"High","Warm"
"7009","Common Carp",2006,26,84,4293,"2006",0.0195667365478686,"Common Carp",179110,"High","Warm"
"7010","Common Carp",2006,34,12,4293,"2006",0.00279524807826695,"Common Carp",179110,"High","Warm"
"7011","Common Carp",2006,35,9,4293,"2006",0.00209643605870021,"Common Carp",179110,"High","Warm"
"7012","Common Carp",2006,11,7,4293,"2006",0.00163056137898905,"Common Carp",179110,"High","Warm"
"7013","Common Carp",2006,27,55,4293,"2006",0.0128115536920568,"Common Carp",179110,"High","Warm"
"7014","Common Carp",2006,32,21,4293,"2006",0.00489168413696716,"Common Carp",179110,"High","Warm"
"7015","Common Carp",2006,33,29,4293,"2006",0.00675518285581179,"Common Carp",179110,"High","Warm"
"7016","Common Carp",2006,13,40,4293,"2006",0.00931749359422315,"Common Carp",179110,"High","Warm"
"7017","Common Carp",2006,14,9,4293,"2006",0.00209643605870021,"Common Carp",179110,"High","Warm"
"7018","Common Carp",2006,29,142,4293,"2006",0.0330771022594922,"Common Carp",179110,"High","Warm"
"7019","Common Carp",2006,16,53,4293,"2006",0.0123456790123457,"Common Carp",179110,"High","Warm"
"7020","Common Carp",2006,25,169,4293,"2006",0.0393664104355928,"Common Carp",179110,"High","Warm"
"7021","Common Carp",2006,17,252,4293,"2006",0.0587002096436059,"Common Carp",179110,"High","Warm"
"7022","Common Carp",2006,28,161,4293,"2006",0.0375029117167482,"Common Carp",179110,"High","Warm"
"7023","Common Carp",2006,12,0,4293,"2006",0,"Common Carp",179110,"High","Warm"
"7024","Common Carp",2006,21,558,4293,"2006",0.129979035639413,"Common Carp",179110,"High","Warm"
"7025","Common Carp",2006,22,1073,4293,"2006",0.249941765665036,"Common Carp",179110,"High","Warm"
"7026","Common Carp",2006,23,377,4293,"2006",0.0878173771255532,"Common Carp",179110,"High","Warm"
"7027","Common Carp",2006,31,119,4293,"2006",0.0277195434428139,"Common Carp",179110,"High","Warm"
"7028","Common Carp",2006,15,105,4293,"2006",0.0244584206848358,"Common Carp",179110,"High","Warm"
"7029","Common Carp",2006,18,166,4293,"2006",0.0386675984160261,"Common Carp",179110,"High","Warm"
"7030","Common Carp",2006,24,136,4293,"2006",0.0316794782203587,"Common Carp",179110,"High","Warm"
"7031","Common Carp",2006,30,19,4293,"2006",0.004425809457256,"Common Carp",179110,"High","Warm"
"7032","Common Carp",2006,19,203,4293,"2006",0.0472862799906825,"Common Carp",179110,"High","Warm"
"7033","Common Carp",2006,20,494,4293,"2006",0.115071045888656,"Common Carp",179110,"High","Warm"
"7034","Common Carp",2007,23,520,3652,"2007",0.142387732749179,"Common Carp",179110,"High","Warm"
"7035","Common Carp",2007,18,137,3652,"2007",0.037513691128149,"Common Carp",179110,"High","Warm"
"7036","Common Carp",2007,22,728,3652,"2007",0.19934282584885,"Common Carp",179110,"High","Warm"
"7037","Common Carp",2007,14,5,3652,"2007",0.00136911281489595,"Common Carp",179110,"High","Warm"
"7038","Common Carp",2007,26,32,3652,"2007",0.00876232201533406,"Common Carp",179110,"High","Warm"
"7039","Common Carp",2007,31,31,3652,"2007",0.00848849945235487,"Common Carp",179110,"High","Warm"
"7040","Common Carp",2007,27,28,3652,"2007",0.00766703176341731,"Common Carp",179110,"High","Warm"
"7041","Common Carp",2007,21,225,3652,"2007",0.0616100766703176,"Common Carp",179110,"High","Warm"
"7042","Common Carp",2007,28,26,3652,"2007",0.00711938663745893,"Common Carp",179110,"High","Warm"
"7043","Common Carp",2007,24,356,3652,"2007",0.0974808324205915,"Common Carp",179110,"High","Warm"
"7044","Common Carp",2007,20,784,3652,"2007",0.214676889375685,"Common Carp",179110,"High","Warm"
"7045","Common Carp",2007,32,38,3652,"2007",0.0104052573932092,"Common Carp",179110,"High","Warm"
"7046","Common Carp",2007,19,198,3652,"2007",0.0542168674698795,"Common Carp",179110,"High","Warm"
"7047","Common Carp",2007,25,197,3652,"2007",0.0539430449069003,"Common Carp",179110,"High","Warm"
"7048","Common Carp",2007,15,0,3652,"2007",0,"Common Carp",179110,"High","Warm"
"7049","Common Carp",2007,29,22,3652,"2007",0.00602409638554217,"Common Carp",179110,"High","Warm"
"7050","Common Carp",2007,17,173,3652,"2007",0.0473713033953998,"Common Carp",179110,"High","Warm"
"7051","Common Carp",2007,16,25,3652,"2007",0.00684556407447974,"Common Carp",179110,"High","Warm"
"7052","Common Carp",2007,33,47,3652,"2007",0.0128696604600219,"Common Carp",179110,"High","Warm"
"7053","Common Carp",2007,35,5,3652,"2007",0.00136911281489595,"Common Carp",179110,"High","Warm"
"7054","Common Carp",2007,30,21,3652,"2007",0.00575027382256298,"Common Carp",179110,"High","Warm"
"7055","Common Carp",2007,13,47,3652,"2007",0.0128696604600219,"Common Carp",179110,"High","Warm"
"7056","Common Carp",2007,34,6,3652,"2007",0.00164293537787514,"Common Carp",179110,"High","Warm"
"7057","Common Carp",2007,12,1,3652,"2007",0.000273822562979189,"Common Carp",179110,"High","Warm"
"7058","Common Carp",2008,18,449,10486,"2008",0.0428189967575815,"Common Carp",179110,"High","Warm"
"7059","Common Carp",2008,19,1450,10486,"2008",0.138279610909784,"Common Carp",179110,"High","Warm"
"7060","Common Carp",2008,16,41,10486,"2008",0.00390997520503529,"Common Carp",179110,"High","Warm"
"7061","Common Carp",2008,13,9,10486,"2008",0.000858287240129697,"Common Carp",179110,"High","Warm"
"7062","Common Carp",2008,24,2086,10486,"2008",0.198931909212283,"Common Carp",179110,"High","Warm"
"7063","Common Carp",2008,15,175,10486,"2008",0.0166889185580774,"Common Carp",179110,"High","Warm"
"7064","Common Carp",2008,14,102,10486,"2008",0.00972725538813656,"Common Carp",179110,"High","Warm"
"7065","Common Carp",2008,17,687,10486,"2008",0.0655159259965668,"Common Carp",179110,"High","Warm"
"7066","Common Carp",2008,22,878,10486,"2008",0.0837306885370971,"Common Carp",179110,"High","Warm"
"7067","Common Carp",2008,25,929,10486,"2008",0.0885943162311654,"Common Carp",179110,"High","Warm"
"7068","Common Carp",2008,32,115,10486,"2008",0.0109670036238795,"Common Carp",179110,"High","Warm"
"7069","Common Carp",2008,23,935,10486,"2008",0.0891665077245852,"Common Carp",179110,"High","Warm"
"7070","Common Carp",2008,20,452,10486,"2008",0.0431050925042914,"Common Carp",179110,"High","Warm"
"7071","Common Carp",2008,33,62,10486,"2008",0.00591264543200458,"Common Carp",179110,"High","Warm"
"7072","Common Carp",2008,21,741,10486,"2008",0.070665649437345,"Common Carp",179110,"High","Warm"
"7073","Common Carp",2008,35,37,10486,"2008",0.00352851420942209,"Common Carp",179110,"High","Warm"
"7074","Common Carp",2008,27,243,10486,"2008",0.0231737554835018,"Common Carp",179110,"High","Warm"
"7075","Common Carp",2008,26,308,10486,"2008",0.0293724966622163,"Common Carp",179110,"High","Warm"
"7076","Common Carp",2008,31,84,10486,"2008",0.00801068090787717,"Common Carp",179110,"High","Warm"
"7077","Common Carp",2008,28,313,10486,"2008",0.0298493229067328,"Common Carp",179110,"High","Warm"
"7078","Common Carp",2008,29,125,10486,"2008",0.0119206561129125,"Common Carp",179110,"High","Warm"
"7079","Common Carp",2008,34,23,10486,"2008",0.00219340072477589,"Common Carp",179110,"High","Warm"
"7080","Common Carp",2008,30,242,10486,"2008",0.0230783902345985,"Common Carp",179110,"High","Warm"
"7081","Common Carp",2009,14,49,6017,"2009",0.00814359315273392,"Common Carp",179110,"High","Warm"
"7082","Common Carp",2009,22,300,6017,"2009",0.0498587335881669,"Common Carp",179110,"High","Warm"
"7083","Common Carp",2009,23,558,6017,"2009",0.0927372444739904,"Common Carp",179110,"High","Warm"
"7084","Common Carp",2009,20,489,6017,"2009",0.081269735748712,"Common Carp",179110,"High","Warm"
"7085","Common Carp",2009,13,17,6017,"2009",0.00282532823666279,"Common Carp",179110,"High","Warm"
"7086","Common Carp",2009,12,36,6017,"2009",0.00598304803058002,"Common Carp",179110,"High","Warm"
"7087","Common Carp",2009,11,3,6017,"2009",0.000498587335881669,"Common Carp",179110,"High","Warm"
"7088","Common Carp",2009,18,276,6017,"2009",0.0458700349011135,"Common Carp",179110,"High","Warm"
"7089","Common Carp",2009,27,149,6017,"2009",0.0247631710154562,"Common Carp",179110,"High","Warm"
"7090","Common Carp",2009,15,11,6017,"2009",0.00182815356489945,"Common Carp",179110,"High","Warm"
"7091","Common Carp",2009,19,318,6017,"2009",0.0528502576034569,"Common Carp",179110,"High","Warm"
"7092","Common Carp",2009,21,1527,6017,"2009",0.253780953963769,"Common Carp",179110,"High","Warm"
"7093","Common Carp",2009,25,804,6017,"2009",0.133621406016287,"Common Carp",179110,"High","Warm"
"7094","Common Carp",2009,16,30,6017,"2009",0.00498587335881669,"Common Carp",179110,"High","Warm"
"7095","Common Carp",2009,24,232,6017,"2009",0.0385574206415157,"Common Carp",179110,"High","Warm"
"7096","Common Carp",2009,31,24,6017,"2009",0.00398869868705335,"Common Carp",179110,"High","Warm"
"7097","Common Carp",2009,33,13,6017,"2009",0.0021605451221539,"Common Carp",179110,"High","Warm"
"7098","Common Carp",2009,26,604,6017,"2009",0.100382250290843,"Common Carp",179110,"High","Warm"
"7099","Common Carp",2009,34,16,6017,"2009",0.00265913245803557,"Common Carp",179110,"High","Warm"
"7100","Common Carp",2009,17,357,6017,"2009",0.0593318929699186,"Common Carp",179110,"High","Warm"
"7101","Common Carp",2009,29,31,6017,"2009",0.00515206913744391,"Common Carp",179110,"High","Warm"
"7102","Common Carp",2009,35,11,6017,"2009",0.00182815356489945,"Common Carp",179110,"High","Warm"
"7103","Common Carp",2009,28,77,6017,"2009",0.0127970749542962,"Common Carp",179110,"High","Warm"
"7104","Common Carp",2009,32,24,6017,"2009",0.00398869868705335,"Common Carp",179110,"High","Warm"
"7105","Common Carp",2009,30,61,6017,"2009",0.0101379424962606,"Common Carp",179110,"High","Warm"
"7106","Common Carp",2010,32,9,2981,"2010",0.00301912110030191,"Common Carp",179110,"High","Warm"
"7107","Common Carp",2010,28,71,2981,"2010",0.0238175109023818,"Common Carp",179110,"High","Warm"
"7108","Common Carp",2010,18,353,2981,"2010",0.118416638711842,"Common Carp",179110,"High","Warm"
"7109","Common Carp",2010,23,218,2981,"2010",0.073129822207313,"Common Carp",179110,"High","Warm"
"7110","Common Carp",2010,27,10,2981,"2010",0.00335457900033546,"Common Carp",179110,"High","Warm"
"7111","Common Carp",2010,17,79,2981,"2010",0.0265011741026501,"Common Carp",179110,"High","Warm"
"7112","Common Carp",2010,34,8,2981,"2010",0.00268366320026837,"Common Carp",179110,"High","Warm"
"7113","Common Carp",2010,24,37,2981,"2010",0.0124119423012412,"Common Carp",179110,"High","Warm"
"7114","Common Carp",2010,19,223,2981,"2010",0.0748071117074807,"Common Carp",179110,"High","Warm"
"7115","Common Carp",2010,14,91,2981,"2010",0.0305266689030527,"Common Carp",179110,"High","Warm"
"7116","Common Carp",2010,25,56,2981,"2010",0.0187856424018786,"Common Carp",179110,"High","Warm"
"7117","Common Carp",2010,35,1,2981,"2010",0.000335457900033546,"Common Carp",179110,"High","Warm"
"7118","Common Carp",2010,13,9,2981,"2010",0.00301912110030191,"Common Carp",179110,"High","Warm"
"7119","Common Carp",2010,29,35,2981,"2010",0.0117410265011741,"Common Carp",179110,"High","Warm"
"7120","Common Carp",2010,16,49,2981,"2010",0.0164374371016437,"Common Carp",179110,"High","Warm"
"7121","Common Carp",2010,33,11,2981,"2010",0.003690036900369,"Common Carp",179110,"High","Warm"
"7122","Common Carp",2010,12,19,2981,"2010",0.00637370010063737,"Common Carp",179110,"High","Warm"
"7123","Common Carp",2010,30,21,2981,"2010",0.00704461590070446,"Common Carp",179110,"High","Warm"
"7124","Common Carp",2010,31,9,2981,"2010",0.00301912110030191,"Common Carp",179110,"High","Warm"
"7125","Common Carp",2010,26,67,2981,"2010",0.0224756793022476,"Common Carp",179110,"High","Warm"
"7126","Common Carp",2010,11,3,2981,"2010",0.00100637370010064,"Common Carp",179110,"High","Warm"
"7127","Common Carp",2010,15,56,2981,"2010",0.0187856424018786,"Common Carp",179110,"High","Warm"
"7128","Common Carp",2010,22,740,2981,"2010",0.248238846024824,"Common Carp",179110,"High","Warm"
"7129","Common Carp",2010,20,322,2981,"2010",0.108017443810802,"Common Carp",179110,"High","Warm"
"7130","Common Carp",2010,21,484,2981,"2010",0.162361623616236,"Common Carp",179110,"High","Warm"
"7131","Common Carp",2011,14,56,5649,"2011",0.00991325898389095,"Common Carp",179110,"High","Warm"
"7132","Common Carp",2011,13,5,5649,"2011",0.000885112409275978,"Common Carp",179110,"High","Warm"
"7133","Common Carp",2011,17,164,5649,"2011",0.0290316870242521,"Common Carp",179110,"High","Warm"
"7134","Common Carp",2011,12,11,5649,"2011",0.00194724730040715,"Common Carp",179110,"High","Warm"
"7135","Common Carp",2011,28,36,5649,"2011",0.00637280934678704,"Common Carp",179110,"High","Warm"
"7136","Common Carp",2011,19,188,5649,"2011",0.0332802265887768,"Common Carp",179110,"High","Warm"
"7137","Common Carp",2011,16,3,5649,"2011",0.000531067445565587,"Common Carp",179110,"High","Warm"
"7138","Common Carp",2011,20,259,5649,"2011",0.0458488228004957,"Common Carp",179110,"High","Warm"
"7139","Common Carp",2011,15,71,5649,"2011",0.0125685962117189,"Common Carp",179110,"High","Warm"
"7140","Common Carp",2011,29,18,5649,"2011",0.00318640467339352,"Common Carp",179110,"High","Warm"
"7141","Common Carp",2011,11,2,5649,"2011",0.000354044963710391,"Common Carp",179110,"High","Warm"
"7142","Common Carp",2011,34,10,5649,"2011",0.00177022481855196,"Common Carp",179110,"High","Warm"
"7143","Common Carp",2011,18,80,5649,"2011",0.0141617985484156,"Common Carp",179110,"High","Warm"
"7144","Common Carp",2011,35,13,5649,"2011",0.00230129226411754,"Common Carp",179110,"High","Warm"
"7145","Common Carp",2011,30,20,5649,"2011",0.00354044963710391,"Common Carp",179110,"High","Warm"
"7146","Common Carp",2011,27,44,5649,"2011",0.00778898920162861,"Common Carp",179110,"High","Warm"
"7147","Common Carp",2011,32,25,5649,"2011",0.00442556204637989,"Common Carp",179110,"High","Warm"
"7148","Common Carp",2011,24,549,5649,"2011",0.0971853425385024,"Common Carp",179110,"High","Warm"
"7149","Common Carp",2011,26,208,5649,"2011",0.0368206762258807,"Common Carp",179110,"High","Warm"
"7150","Common Carp",2011,22,1504,5649,"2011",0.266241812710214,"Common Carp",179110,"High","Warm"
"7151","Common Carp",2011,33,12,5649,"2011",0.00212426978226235,"Common Carp",179110,"High","Warm"
"7152","Common Carp",2011,31,5,5649,"2011",0.000885112409275978,"Common Carp",179110,"High","Warm"
"7153","Common Carp",2011,21,595,5649,"2011",0.105328376703841,"Common Carp",179110,"High","Warm"
"7154","Common Carp",2011,25,659,5649,"2011",0.116657815542574,"Common Carp",179110,"High","Warm"
"7155","Common Carp",2011,23,1112,5649,"2011",0.196848999822978,"Common Carp",179110,"High","Warm"
"7156","Common Carp",2012,31,12,1705,"2012",0.00703812316715543,"Common Carp",179110,"High","Warm"
"7157","Common Carp",2012,16,102,1705,"2012",0.0598240469208211,"Common Carp",179110,"High","Warm"
"7158","Common Carp",2012,25,109,1705,"2012",0.0639296187683285,"Common Carp",179110,"High","Warm"
"7159","Common Carp",2012,27,18,1705,"2012",0.0105571847507331,"Common Carp",179110,"High","Warm"
"7160","Common Carp",2012,26,35,1705,"2012",0.0205278592375367,"Common Carp",179110,"High","Warm"
"7161","Common Carp",2012,32,13,1705,"2012",0.00762463343108504,"Common Carp",179110,"High","Warm"
"7162","Common Carp",2012,17,32,1705,"2012",0.0187683284457478,"Common Carp",179110,"High","Warm"
"7163","Common Carp",2012,15,31,1705,"2012",0.0181818181818182,"Common Carp",179110,"High","Warm"
"7164","Common Carp",2012,14,39,1705,"2012",0.0228739002932551,"Common Carp",179110,"High","Warm"
"7165","Common Carp",2012,23,101,1705,"2012",0.0592375366568915,"Common Carp",179110,"High","Warm"
"7166","Common Carp",2012,35,5,1705,"2012",0.00293255131964809,"Common Carp",179110,"High","Warm"
"7167","Common Carp",2012,24,112,1705,"2012",0.0656891495601173,"Common Carp",179110,"High","Warm"
"7168","Common Carp",2012,22,183,1705,"2012",0.10733137829912,"Common Carp",179110,"High","Warm"
"7169","Common Carp",2012,10,0,1705,"2012",0,"Common Carp",179110,"High","Warm"
"7170","Common Carp",2012,13,11,1705,"2012",0.00645161290322581,"Common Carp",179110,"High","Warm"
"7171","Common Carp",2012,34,7,1705,"2012",0.00410557184750733,"Common Carp",179110,"High","Warm"
"7172","Common Carp",2012,11,35,1705,"2012",0.0205278592375367,"Common Carp",179110,"High","Warm"
"7173","Common Carp",2012,33,16,1705,"2012",0.0093841642228739,"Common Carp",179110,"High","Warm"
"7174","Common Carp",2012,12,60,1705,"2012",0.0351906158357771,"Common Carp",179110,"High","Warm"
"7175","Common Carp",2012,30,19,1705,"2012",0.0111436950146628,"Common Carp",179110,"High","Warm"
"7176","Common Carp",2012,21,164,1705,"2012",0.0961876832844575,"Common Carp",179110,"High","Warm"
"7177","Common Carp",2012,18,118,1705,"2012",0.069208211143695,"Common Carp",179110,"High","Warm"
"7178","Common Carp",2012,28,12,1705,"2012",0.00703812316715543,"Common Carp",179110,"High","Warm"
"7179","Common Carp",2012,20,346,1705,"2012",0.202932551319648,"Common Carp",179110,"High","Warm"
"7180","Common Carp",2012,29,30,1705,"2012",0.0175953079178886,"Common Carp",179110,"High","Warm"
"7181","Common Carp",2012,19,95,1705,"2012",0.0557184750733138,"Common Carp",179110,"High","Warm"
"7182","Common Carp",2013,12,0,8570,"2013",0,"Common Carp",179110,"High","Warm"
"7183","Common Carp",2013,19,764,8570,"2013",0.0891481913652275,"Common Carp",179110,"High","Warm"
"7184","Common Carp",2013,34,35,8570,"2013",0.00408401400233372,"Common Carp",179110,"High","Warm"
"7185","Common Carp",2013,11,0,8570,"2013",0,"Common Carp",179110,"High","Warm"
"7186","Common Carp",2013,33,11,8570,"2013",0.00128354725787631,"Common Carp",179110,"High","Warm"
"7187","Common Carp",2013,18,288,8570,"2013",0.0336056009334889,"Common Carp",179110,"High","Warm"
"7188","Common Carp",2013,13,3,8570,"2013",0.000350058343057176,"Common Carp",179110,"High","Warm"
"7189","Common Carp",2013,29,77,8570,"2013",0.00898483080513419,"Common Carp",179110,"High","Warm"
"7190","Common Carp",2013,15,60,8570,"2013",0.00700116686114352,"Common Carp",179110,"High","Warm"
"7191","Common Carp",2013,30,13,8570,"2013",0.0015169194865811,"Common Carp",179110,"High","Warm"
"7192","Common Carp",2013,16,129,8570,"2013",0.0150525087514586,"Common Carp",179110,"High","Warm"
"7193","Common Carp",2013,35,24,8570,"2013",0.00280046674445741,"Common Carp",179110,"High","Warm"
"7194","Common Carp",2013,32,1,8570,"2013",0.000116686114352392,"Common Carp",179110,"High","Warm"
"7195","Common Carp",2013,24,697,8570,"2013",0.0813302217036173,"Common Carp",179110,"High","Warm"
"7196","Common Carp",2013,31,4,8570,"2013",0.000466744457409568,"Common Carp",179110,"High","Warm"
"7197","Common Carp",2013,20,694,8570,"2013",0.0809801633605601,"Common Carp",179110,"High","Warm"
"7198","Common Carp",2013,17,90,8570,"2013",0.0105017502917153,"Common Carp",179110,"High","Warm"
"7199","Common Carp",2013,14,10,8570,"2013",0.00116686114352392,"Common Carp",179110,"High","Warm"
"7200","Common Carp",2013,21,1725,8570,"2013",0.201283547257876,"Common Carp",179110,"High","Warm"
"7201","Common Carp",2013,28,196,8570,"2013",0.0228704784130688,"Common Carp",179110,"High","Warm"
"7202","Common Carp",2013,25,785,8570,"2013",0.0915985997666278,"Common Carp",179110,"High","Warm"
"7203","Common Carp",2013,26,1084,8570,"2013",0.126487747957993,"Common Carp",179110,"High","Warm"
"7204","Common Carp",2013,27,155,8570,"2013",0.0180863477246208,"Common Carp",179110,"High","Warm"
"7205","Common Carp",2013,23,903,8570,"2013",0.10536756126021,"Common Carp",179110,"High","Warm"
"7206","Common Carp",2013,22,822,8570,"2013",0.0959159859976663,"Common Carp",179110,"High","Warm"
"7207","Common Carp",2014,28,13,7171,"2014",0.00181285734207224,"Common Carp",179110,"High","Warm"
"7208","Common Carp",2014,22,1304,7171,"2014",0.181843536466323,"Common Carp",179110,"High","Warm"
"7209","Common Carp",2014,30,29,7171,"2014",0.00404406637846883,"Common Carp",179110,"High","Warm"
"7210","Common Carp",2014,18,284,7171,"2014",0.0396039603960396,"Common Carp",179110,"High","Warm"
"7211","Common Carp",2014,21,1638,7171,"2014",0.228420025101102,"Common Carp",179110,"High","Warm"
"7212","Common Carp",2014,29,3,7171,"2014",0.000418351694324362,"Common Carp",179110,"High","Warm"
"7213","Common Carp",2014,27,87,7171,"2014",0.0121321991354065,"Common Carp",179110,"High","Warm"
"7214","Common Carp",2014,15,87,7171,"2014",0.0121321991354065,"Common Carp",179110,"High","Warm"
"7215","Common Carp",2014,14,10,7171,"2014",0.00139450564774787,"Common Carp",179110,"High","Warm"
"7216","Common Carp",2014,19,486,7171,"2014",0.0677729744805466,"Common Carp",179110,"High","Warm"
"7217","Common Carp",2014,31,4,7171,"2014",0.000557802259099149,"Common Carp",179110,"High","Warm"
"7218","Common Carp",2014,20,682,7171,"2014",0.095105285176405,"Common Carp",179110,"High","Warm"
"7219","Common Carp",2014,23,1085,7171,"2014",0.151303862780644,"Common Carp",179110,"High","Warm"
"7220","Common Carp",2014,17,112,7171,"2014",0.0156184632547762,"Common Carp",179110,"High","Warm"
"7221","Common Carp",2014,16,17,7171,"2014",0.00237065960117138,"Common Carp",179110,"High","Warm"
"7222","Common Carp",2014,25,397,7171,"2014",0.0553618742155906,"Common Carp",179110,"High","Warm"
"7223","Common Carp",2014,33,12,7171,"2014",0.00167340677729745,"Common Carp",179110,"High","Warm"
"7224","Common Carp",2014,26,345,7171,"2014",0.0481104448473016,"Common Carp",179110,"High","Warm"
"7225","Common Carp",2014,32,9,7171,"2014",0.00125505508297309,"Common Carp",179110,"High","Warm"
"7226","Common Carp",2014,13,0,7171,"2014",0,"Common Carp",179110,"High","Warm"
"7227","Common Carp",2014,24,553,7171,"2014",0.0771161623204574,"Common Carp",179110,"High","Warm"
"7228","Common Carp",2014,34,7,7171,"2014",0.000976153953423511,"Common Carp",179110,"High","Warm"
"7229","Common Carp",2014,35,7,7171,"2014",0.000976153953423511,"Common Carp",179110,"High","Warm"
"7230","Common Carp",2015,18,325,4079,"2015",0.0796763912723707,"Common Carp",179110,"High","Warm"
"7231","Common Carp",2015,19,694,4079,"2015",0.170139740132385,"Common Carp",179110,"High","Warm"
"7232","Common Carp",2015,28,31,4079,"2015",0.0075999019367492,"Common Carp",179110,"High","Warm"
"7233","Common Carp",2015,17,48,4079,"2015",0.0117675900956117,"Common Carp",179110,"High","Warm"
"7234","Common Carp",2015,23,205,4079,"2015",0.0502574160333415,"Common Carp",179110,"High","Warm"
"7235","Common Carp",2015,27,15,4079,"2015",0.00367737190487865,"Common Carp",179110,"High","Warm"
"7236","Common Carp",2015,20,455,4079,"2015",0.111546947781319,"Common Carp",179110,"High","Warm"
"7237","Common Carp",2015,16,28,4079,"2015",0.00686442755577347,"Common Carp",179110,"High","Warm"
"7238","Common Carp",2015,26,250,4079,"2015",0.0612895317479774,"Common Carp",179110,"High","Warm"
"7239","Common Carp",2015,22,548,4079,"2015",0.134346653591567,"Common Carp",179110,"High","Warm"
"7240","Common Carp",2015,29,15,4079,"2015",0.00367737190487865,"Common Carp",179110,"High","Warm"
"7241","Common Carp",2015,14,0,4079,"2015",0,"Common Carp",179110,"High","Warm"
"7242","Common Carp",2015,25,282,4079,"2015",0.0691345918117186,"Common Carp",179110,"High","Warm"
"7243","Common Carp",2015,21,648,4079,"2015",0.158862466290758,"Common Carp",179110,"High","Warm"
"7244","Common Carp",2015,30,8,4079,"2015",0.00196126501593528,"Common Carp",179110,"High","Warm"
"7245","Common Carp",2015,13,0,4079,"2015",0,"Common Carp",179110,"High","Warm"
"7246","Common Carp",2015,15,53,4079,"2015",0.0129933807305712,"Common Carp",179110,"High","Warm"
"7247","Common Carp",2015,24,445,4079,"2015",0.1090953665114,"Common Carp",179110,"High","Warm"
"7248","Common Carp",2015,34,5,4079,"2015",0.00122579063495955,"Common Carp",179110,"High","Warm"
"7249","Common Carp",2015,31,6,4079,"2015",0.00147094876195146,"Common Carp",179110,"High","Warm"
"7250","Common Carp",2015,33,8,4079,"2015",0.00196126501593528,"Common Carp",179110,"High","Warm"
"7251","Common Carp",2015,32,6,4079,"2015",0.00147094876195146,"Common Carp",179110,"High","Warm"
"7252","Common Carp",2015,35,4,4079,"2015",0.000980632507967639,"Common Carp",179110,"High","Warm"
"7253","Common Carp",2016,11,6,2695,"2016",0.00222634508348794,"Common Carp",179110,"High","Warm"
"7254","Common Carp",2016,23,276,2695,"2016",0.102411873840445,"Common Carp",179110,"High","Warm"
"7255","Common Carp",2016,13,1,2695,"2016",0.000371057513914657,"Common Carp",179110,"High","Warm"
"7256","Common Carp",2016,10,0,2695,"2016",0,"Common Carp",179110,"High","Warm"
"7257","Common Carp",2016,17,28,2695,"2016",0.0103896103896104,"Common Carp",179110,"High","Warm"
"7258","Common Carp",2016,18,85,2695,"2016",0.0315398886827458,"Common Carp",179110,"High","Warm"
"7259","Common Carp",2016,34,14,2695,"2016",0.00519480519480519,"Common Carp",179110,"High","Warm"
"7260","Common Carp",2016,26,150,2695,"2016",0.0556586270871985,"Common Carp",179110,"High","Warm"
"7261","Common Carp",2016,22,739,2695,"2016",0.274211502782931,"Common Carp",179110,"High","Warm"
"7262","Common Carp",2016,33,15,2695,"2016",0.00556586270871985,"Common Carp",179110,"High","Warm"
"7263","Common Carp",2016,28,27,2695,"2016",0.0100185528756957,"Common Carp",179110,"High","Warm"
"7264","Common Carp",2016,31,2,2695,"2016",0.000742115027829314,"Common Carp",179110,"High","Warm"
"7265","Common Carp",2016,16,14,2695,"2016",0.00519480519480519,"Common Carp",179110,"High","Warm"
"7266","Common Carp",2016,27,43,2695,"2016",0.0159554730983302,"Common Carp",179110,"High","Warm"
"7267","Common Carp",2016,30,4,2695,"2016",0.00148423005565863,"Common Carp",179110,"High","Warm"
"7268","Common Carp",2016,24,239,2695,"2016",0.088682745825603,"Common Carp",179110,"High","Warm"
"7269","Common Carp",2016,14,23,2695,"2016",0.00853432282003711,"Common Carp",179110,"High","Warm"
"7270","Common Carp",2016,32,0,2695,"2016",0,"Common Carp",179110,"High","Warm"
"7271","Common Carp",2016,21,284,2695,"2016",0.105380333951763,"Common Carp",179110,"High","Warm"
"7272","Common Carp",2016,12,1,2695,"2016",0.000371057513914657,"Common Carp",179110,"High","Warm"
"7273","Common Carp",2016,20,382,2695,"2016",0.141743970315399,"Common Carp",179110,"High","Warm"
"7274","Common Carp",2016,25,160,2695,"2016",0.0593692022263451,"Common Carp",179110,"High","Warm"
"7275","Common Carp",2016,29,20,2695,"2016",0.00742115027829314,"Common Carp",179110,"High","Warm"
"7276","Common Carp",2016,35,14,2695,"2016",0.00519480519480519,"Common Carp",179110,"High","Warm"
"7277","Common Carp",2016,15,0,2695,"2016",0,"Common Carp",179110,"High","Warm"
"7278","Common Carp",2016,19,168,2695,"2016",0.0623376623376623,"Common Carp",179110,"High","Warm"
"7279","Common Carp",2017,20,1360,9438,"2017",0.144098325916508,"Common Carp",179110,"High","Warm"
"7280","Common Carp",2017,15,158,9438,"2017",0.0167408349226531,"Common Carp",179110,"High","Warm"
"7281","Common Carp",2017,10,4,9438,"2017",0.000423818605636787,"Common Carp",179110,"High","Warm"
"7282","Common Carp",2017,13,23,9438,"2017",0.00243695698241153,"Common Carp",179110,"High","Warm"
"7283","Common Carp",2017,12,16,9438,"2017",0.00169527442254715,"Common Carp",179110,"High","Warm"
"7284","Common Carp",2017,14,26,9438,"2017",0.00275482093663912,"Common Carp",179110,"High","Warm"
"7285","Common Carp",2017,21,515,9438,"2017",0.0545666454757364,"Common Carp",179110,"High","Warm"
"7286","Common Carp",2017,17,199,9438,"2017",0.0210849756304302,"Common Carp",179110,"High","Warm"
"7287","Common Carp",2017,19,342,9438,"2017",0.0362364907819453,"Common Carp",179110,"High","Warm"
"7288","Common Carp",2017,26,247,9438,"2017",0.0261707988980716,"Common Carp",179110,"High","Warm"
"7289","Common Carp",2017,30,31,9438,"2017",0.0032845941936851,"Common Carp",179110,"High","Warm"
"7290","Common Carp",2017,18,453,9438,"2017",0.0479974570883662,"Common Carp",179110,"High","Warm"
"7291","Common Carp",2017,32,20,9438,"2017",0.00211909302818394,"Common Carp",179110,"High","Warm"
"7292","Common Carp",2017,16,352,9438,"2017",0.0372960372960373,"Common Carp",179110,"High","Warm"
"7293","Common Carp",2017,24,1425,9438,"2017",0.150985378258106,"Common Carp",179110,"High","Warm"
"7294","Common Carp",2017,27,402,9438,"2017",0.0425937698664971,"Common Carp",179110,"High","Warm"
"7295","Common Carp",2017,22,1458,9438,"2017",0.154481881754609,"Common Carp",179110,"High","Warm"
"7296","Common Carp",2017,23,1304,9438,"2017",0.138164865437593,"Common Carp",179110,"High","Warm"
"7297","Common Carp",2017,33,33,9438,"2017",0.0034965034965035,"Common Carp",179110,"High","Warm"
"7298","Common Carp",2017,34,13,9438,"2017",0.00137741046831956,"Common Carp",179110,"High","Warm"
"7299","Common Carp",2017,31,18,9438,"2017",0.00190718372536554,"Common Carp",179110,"High","Warm"
"7300","Common Carp",2017,35,9,9438,"2017",0.000953591862682772,"Common Carp",179110,"High","Warm"
"7301","Common Carp",2017,28,126,9438,"2017",0.0133502860775588,"Common Carp",179110,"High","Warm"
"7302","Common Carp",2017,25,856,9438,"2017",0.0906971816062725,"Common Carp",179110,"High","Warm"
"7303","Common Carp",2017,29,48,9438,"2017",0.00508582326764145,"Common Carp",179110,"High","Warm"
"7304","Common Carp",2018,15,4,1977,"2018",0.00202326757713708,"Common Carp",179110,"High","Warm"
"7305","Common Carp",2018,13,0,1977,"2018",0,"Common Carp",179110,"High","Warm"
"7306","Common Carp",2018,31,30,1977,"2018",0.0151745068285281,"Common Carp",179110,"High","Warm"
"7307","Common Carp",2018,30,27,1977,"2018",0.0136570561456753,"Common Carp",179110,"High","Warm"
"7308","Common Carp",2018,29,40,1977,"2018",0.0202326757713708,"Common Carp",179110,"High","Warm"
"7309","Common Carp",2018,9,0,1977,"2018",0,"Common Carp",179110,"High","Warm"
"7310","Common Carp",2018,24,19,1977,"2018",0.00961052099140111,"Common Carp",179110,"High","Warm"
"7311","Common Carp",2018,16,2,1977,"2018",0.00101163378856854,"Common Carp",179110,"High","Warm"
"7312","Common Carp",2018,25,40,1977,"2018",0.0202326757713708,"Common Carp",179110,"High","Warm"
"7313","Common Carp",2018,22,562,1977,"2018",0.284269094587759,"Common Carp",179110,"High","Warm"
"7314","Common Carp",2018,26,81,1977,"2018",0.0409711684370258,"Common Carp",179110,"High","Warm"
"7315","Common Carp",2018,21,307,1977,"2018",0.155285786545271,"Common Carp",179110,"High","Warm"
"7316","Common Carp",2018,27,18,1977,"2018",0.00910470409711684,"Common Carp",179110,"High","Warm"
"7317","Common Carp",2018,35,15,1977,"2018",0.00758725341426404,"Common Carp",179110,"High","Warm"
"7318","Common Carp",2018,14,2,1977,"2018",0.00101163378856854,"Common Carp",179110,"High","Warm"
"7319","Common Carp",2018,23,103,1977,"2018",0.0520991401112797,"Common Carp",179110,"High","Warm"
"7320","Common Carp",2018,19,301,1977,"2018",0.152250885179565,"Common Carp",179110,"High","Warm"
"7321","Common Carp",2018,20,271,1977,"2018",0.137076378351037,"Common Carp",179110,"High","Warm"
"7322","Common Carp",2018,17,38,1977,"2018",0.0192210419828022,"Common Carp",179110,"High","Warm"
"7323","Common Carp",2018,10,0,1977,"2018",0,"Common Carp",179110,"High","Warm"
"7324","Common Carp",2018,18,57,1977,"2018",0.0288315629742033,"Common Carp",179110,"High","Warm"
"7325","Common Carp",2018,12,0,1977,"2018",0,"Common Carp",179110,"High","Warm"
"7326","Common Carp",2018,28,25,1977,"2018",0.0126454223571067,"Common Carp",179110,"High","Warm"
"7327","Common Carp",2018,33,7,1977,"2018",0.00354071825998988,"Common Carp",179110,"High","Warm"
"7328","Common Carp",2018,32,19,1977,"2018",0.00961052099140111,"Common Carp",179110,"High","Warm"
"7329","Common Carp",2018,34,9,1977,"2018",0.00455235204855842,"Common Carp",179110,"High","Warm"
"7330","Common Carp",2019,24,280,4754,"2019",0.0588977702986958,"Common Carp",179110,"High","Warm"
"7331","Common Carp",2019,23,849,4754,"2019",0.178586453512831,"Common Carp",179110,"High","Warm"
"7332","Common Carp",2019,16,21,4754,"2019",0.00441733277240219,"Common Carp",179110,"High","Warm"
"7333","Common Carp",2019,25,450,4754,"2019",0.0946571308371897,"Common Carp",179110,"High","Warm"
"7334","Common Carp",2019,21,481,4754,"2019",0.101177955405974,"Common Carp",179110,"High","Warm"
"7335","Common Carp",2019,11,0,4754,"2019",0,"Common Carp",179110,"High","Warm"
"7336","Common Carp",2019,27,85,4754,"2019",0.0178796802692469,"Common Carp",179110,"High","Warm"
"7337","Common Carp",2019,17,76,4754,"2019",0.0159865376525032,"Common Carp",179110,"High","Warm"
"7338","Common Carp",2019,13,2,4754,"2019",0.000420698359276399,"Common Carp",179110,"High","Warm"
"7339","Common Carp",2019,22,755,4754,"2019",0.158813630626841,"Common Carp",179110,"High","Warm"
"7340","Common Carp",2019,26,260,4754,"2019",0.0546907867059318,"Common Carp",179110,"High","Warm"
"7341","Common Carp",2019,12,0,4754,"2019",0,"Common Carp",179110,"High","Warm"
"7342","Common Carp",2019,19,428,4754,"2019",0.0900294488851494,"Common Carp",179110,"High","Warm"
"7343","Common Carp",2019,14,2,4754,"2019",0.000420698359276399,"Common Carp",179110,"High","Warm"
"7344","Common Carp",2019,34,17,4754,"2019",0.00357593605384939,"Common Carp",179110,"High","Warm"
"7345","Common Carp",2019,15,7,4754,"2019",0.0014724442574674,"Common Carp",179110,"High","Warm"
"7346","Common Carp",2019,32,49,4754,"2019",0.0103071098022718,"Common Carp",179110,"High","Warm"
"7347","Common Carp",2019,20,583,4754,"2019",0.12263357172907,"Common Carp",179110,"High","Warm"
"7348","Common Carp",2019,28,86,4754,"2019",0.0180900294488851,"Common Carp",179110,"High","Warm"
"7349","Common Carp",2019,29,78,4754,"2019",0.0164072360117796,"Common Carp",179110,"High","Warm"
"7350","Common Carp",2019,18,131,4754,"2019",0.0275557425326041,"Common Carp",179110,"High","Warm"
"7351","Common Carp",2019,33,27,4754,"2019",0.00567942785023138,"Common Carp",179110,"High","Warm"
"7352","Common Carp",2019,35,1,4754,"2019",0.000210349179638199,"Common Carp",179110,"High","Warm"
"7353","Common Carp",2019,31,34,4754,"2019",0.00715187210769878,"Common Carp",179110,"High","Warm"
"7354","Common Carp",2019,30,52,4754,"2019",0.0109381573411864,"Common Carp",179110,"High","Warm"
"7355","Common Carp",2020,26,61,2279,"2020",0.0267661254936376,"Common Carp",179110,"High","Warm"
"7356","Common Carp",2020,14,6,2279,"2020",0.00263273365511189,"Common Carp",179110,"High","Warm"
"7357","Common Carp",2020,12,4,2279,"2020",0.00175515577007459,"Common Carp",179110,"High","Warm"
"7358","Common Carp",2020,13,3,2279,"2020",0.00131636682755595,"Common Carp",179110,"High","Warm"
"7359","Common Carp",2020,11,3,2279,"2020",0.00131636682755595,"Common Carp",179110,"High","Warm"
"7360","Common Carp",2020,25,32,2279,"2020",0.0140412461605968,"Common Carp",179110,"High","Warm"
"7361","Common Carp",2020,31,17,2279,"2020",0.00745941202281702,"Common Carp",179110,"High","Warm"
"7362","Common Carp",2020,35,1,2279,"2020",0.000438788942518649,"Common Carp",179110,"High","Warm"
"7363","Common Carp",2020,19,75,2279,"2020",0.0329091706888986,"Common Carp",179110,"High","Warm"
"7364","Common Carp",2020,20,87,2279,"2020",0.0381746379991224,"Common Carp",179110,"High","Warm"
"7365","Common Carp",2020,30,14,2279,"2020",0.00614304519526108,"Common Carp",179110,"High","Warm"
"7366","Common Carp",2020,21,338,2279,"2020",0.148310662571303,"Common Carp",179110,"High","Warm"
"7367","Common Carp",2020,18,66,2279,"2020",0.0289600702062308,"Common Carp",179110,"High","Warm"
"7368","Common Carp",2020,23,561,2279,"2020",0.246160596752962,"Common Carp",179110,"High","Warm"
"7369","Common Carp",2020,17,18,2279,"2020",0.00789820096533567,"Common Carp",179110,"High","Warm"
"7370","Common Carp",2020,29,20,2279,"2020",0.00877577885037297,"Common Carp",179110,"High","Warm"
"7371","Common Carp",2020,34,7,2279,"2020",0.00307152259763054,"Common Carp",179110,"High","Warm"
"7372","Common Carp",2020,27,31,2279,"2020",0.0136024572180781,"Common Carp",179110,"High","Warm"
"7373","Common Carp",2020,24,254,2279,"2020",0.111452391399737,"Common Carp",179110,"High","Warm"
"7374","Common Carp",2020,28,16,2279,"2020",0.00702062308029838,"Common Carp",179110,"High","Warm"
"7375","Common Carp",2020,16,0,2279,"2020",0,"Common Carp",179110,"High","Warm"
"7376","Common Carp",2020,22,625,2279,"2020",0.274243089074155,"Common Carp",179110,"High","Warm"
"7377","Common Carp",2020,32,12,2279,"2020",0.00526546731022378,"Common Carp",179110,"High","Warm"
"7378","Common Carp",2020,15,21,2279,"2020",0.00921456779289162,"Common Carp",179110,"High","Warm"
"7379","Common Carp",2020,33,7,2279,"2020",0.00307152259763054,"Common Carp",179110,"High","Warm"
"7380","Common Carp",2021,20,123,1070,"2021",0.114953271028037,"Common Carp",179110,"High","Warm"
"7381","Common Carp",2021,16,25,1070,"2021",0.0233644859813084,"Common Carp",179110,"High","Warm"
"7382","Common Carp",2021,21,189,1070,"2021",0.176635514018692,"Common Carp",179110,"High","Warm"
"7383","Common Carp",2021,15,23,1070,"2021",0.0214953271028037,"Common Carp",179110,"High","Warm"
"7384","Common Carp",2021,19,63,1070,"2021",0.0588785046728972,"Common Carp",179110,"High","Warm"
"7385","Common Carp",2021,25,43,1070,"2021",0.0401869158878505,"Common Carp",179110,"High","Warm"
"7386","Common Carp",2021,29,26,1070,"2021",0.0242990654205607,"Common Carp",179110,"High","Warm"
"7387","Common Carp",2021,26,41,1070,"2021",0.0383177570093458,"Common Carp",179110,"High","Warm"
"7388","Common Carp",2021,17,39,1070,"2021",0.0364485981308411,"Common Carp",179110,"High","Warm"
"7389","Common Carp",2021,24,53,1070,"2021",0.0495327102803738,"Common Carp",179110,"High","Warm"
"7390","Common Carp",2021,28,30,1070,"2021",0.0280373831775701,"Common Carp",179110,"High","Warm"
"7391","Common Carp",2021,33,14,1070,"2021",0.0130841121495327,"Common Carp",179110,"High","Warm"
"7392","Common Carp",2021,30,23,1070,"2021",0.0214953271028037,"Common Carp",179110,"High","Warm"
"7393","Common Carp",2021,23,86,1070,"2021",0.0803738317757009,"Common Carp",179110,"High","Warm"
"7394","Common Carp",2021,32,27,1070,"2021",0.0252336448598131,"Common Carp",179110,"High","Warm"
"7395","Common Carp",2021,14,3,1070,"2021",0.00280373831775701,"Common Carp",179110,"High","Warm"
"7396","Common Carp",2021,13,0,1070,"2021",0,"Common Carp",179110,"High","Warm"
"7397","Common Carp",2021,22,122,1070,"2021",0.114018691588785,"Common Carp",179110,"High","Warm"
"7398","Common Carp",2021,18,67,1070,"2021",0.0626168224299065,"Common Carp",179110,"High","Warm"
"7399","Common Carp",2021,27,41,1070,"2021",0.0383177570093458,"Common Carp",179110,"High","Warm"
"7400","Common Carp",2021,35,15,1070,"2021",0.014018691588785,"Common Carp",179110,"High","Warm"
"7401","Common Carp",2021,34,10,1070,"2021",0.00934579439252336,"Common Carp",179110,"High","Warm"
"7402","Common Carp",2021,31,5,1070,"2021",0.00467289719626168,"Common Carp",179110,"High","Warm"
"7403","Common Carp",2021,12,2,1070,"2021",0.00186915887850467,"Common Carp",179110,"High","Warm"
"7404","Common Carp",2021,11,0,1070,"2021",0,"Common Carp",179110,"High","Warm"
"7405","Common Carp",2022,31,10,1231,"2022",0.00812347684809098,"Common Carp",179110,"High","Warm"
"7406","Common Carp",2022,23,91,1231,"2022",0.073923639317628,"Common Carp",179110,"High","Warm"
"7407","Common Carp",2022,22,125,1231,"2022",0.101543460601137,"Common Carp",179110,"High","Warm"
"7408","Common Carp",2022,21,241,1231,"2022",0.195775792038993,"Common Carp",179110,"High","Warm"
"7409","Common Carp",2022,25,64,1231,"2022",0.0519902518277823,"Common Carp",179110,"High","Warm"
"7410","Common Carp",2022,32,3,1231,"2022",0.00243704305442729,"Common Carp",179110,"High","Warm"
"7411","Common Carp",2022,30,21,1231,"2022",0.0170593013809911,"Common Carp",179110,"High","Warm"
"7412","Common Carp",2022,20,266,1231,"2022",0.21608448415922,"Common Carp",179110,"High","Warm"
"7413","Common Carp",2022,33,4,1231,"2022",0.00324939073923639,"Common Carp",179110,"High","Warm"
"7414","Common Carp",2022,26,31,1231,"2022",0.025182778229082,"Common Carp",179110,"High","Warm"
"7415","Common Carp",2022,34,3,1231,"2022",0.00243704305442729,"Common Carp",179110,"High","Warm"
"7416","Common Carp",2022,19,83,1231,"2022",0.0674248578391552,"Common Carp",179110,"High","Warm"
"7417","Common Carp",2022,24,162,1231,"2022",0.131600324939074,"Common Carp",179110,"High","Warm"
"7418","Common Carp",2022,29,29,1231,"2022",0.0235580828594639,"Common Carp",179110,"High","Warm"
"7419","Common Carp",2022,13,0,1231,"2022",0,"Common Carp",179110,"High","Warm"
"7420","Common Carp",2022,14,1,1231,"2022",0.000812347684809098,"Common Carp",179110,"High","Warm"
"7421","Common Carp",2022,15,9,1231,"2022",0.00731112916328188,"Common Carp",179110,"High","Warm"
"7422","Common Carp",2022,28,5,1231,"2022",0.00406173842404549,"Common Carp",179110,"High","Warm"
"7423","Common Carp",2022,12,6,1231,"2022",0.00487408610885459,"Common Carp",179110,"High","Warm"
"7424","Common Carp",2022,17,44,1231,"2022",0.0357432981316003,"Common Carp",179110,"High","Warm"
"7425","Common Carp",2022,27,6,1231,"2022",0.00487408610885459,"Common Carp",179110,"High","Warm"
"7426","Common Carp",2022,16,4,1231,"2022",0.00324939073923639,"Common Carp",179110,"High","Warm"
"7427","Common Carp",2022,35,4,1231,"2022",0.00324939073923639,"Common Carp",179110,"High","Warm"
"7428","Common Carp",2022,18,19,1231,"2022",0.0154346060113729,"Common Carp",179110,"High","Warm"
"7429","Common Carp x Goldfish",1997,25,3,119,"1997",0.0252100840336134,"Common Carp x Goldfish",4345,"High","Warm"
"7430","Common Carp x Goldfish",1997,22,21,119,"1997",0.176470588235294,"Common Carp x Goldfish",4345,"High","Warm"
"7431","Common Carp x Goldfish",1997,16,6,119,"1997",0.0504201680672269,"Common Carp x Goldfish",4345,"High","Warm"
"7432","Common Carp x Goldfish",1997,12,1,119,"1997",0.00840336134453781,"Common Carp x Goldfish",4345,"High","Warm"
"7433","Common Carp x Goldfish",1997,29,0,119,"1997",0,"Common Carp x Goldfish",4345,"High","Warm"
"7434","Common Carp x Goldfish",1997,30,9,119,"1997",0.0756302521008403,"Common Carp x Goldfish",4345,"High","Warm"
"7435","Common Carp x Goldfish",1997,24,3,119,"1997",0.0252100840336134,"Common Carp x Goldfish",4345,"High","Warm"
"7436","Common Carp x Goldfish",1997,20,14,119,"1997",0.117647058823529,"Common Carp x Goldfish",4345,"High","Warm"
"7437","Common Carp x Goldfish",1997,15,2,119,"1997",0.0168067226890756,"Common Carp x Goldfish",4345,"High","Warm"
"7438","Common Carp x Goldfish",1997,26,10,119,"1997",0.0840336134453782,"Common Carp x Goldfish",4345,"High","Warm"
"7439","Common Carp x Goldfish",1997,23,1,119,"1997",0.00840336134453781,"Common Carp x Goldfish",4345,"High","Warm"
"7440","Common Carp x Goldfish",1997,19,5,119,"1997",0.0420168067226891,"Common Carp x Goldfish",4345,"High","Warm"
"7441","Common Carp x Goldfish",1997,17,1,119,"1997",0.00840336134453781,"Common Carp x Goldfish",4345,"High","Warm"
"7442","Common Carp x Goldfish",1997,21,20,119,"1997",0.168067226890756,"Common Carp x Goldfish",4345,"High","Warm"
"7443","Common Carp x Goldfish",1997,33,1,119,"1997",0.00840336134453781,"Common Carp x Goldfish",4345,"High","Warm"
"7444","Common Carp x Goldfish",1997,34,3,119,"1997",0.0252100840336134,"Common Carp x Goldfish",4345,"High","Warm"
"7445","Common Carp x Goldfish",1997,35,0,119,"1997",0,"Common Carp x Goldfish",4345,"High","Warm"
"7446","Common Carp x Goldfish",1997,27,1,119,"1997",0.00840336134453781,"Common Carp x Goldfish",4345,"High","Warm"
"7447","Common Carp x Goldfish",1997,13,6,119,"1997",0.0504201680672269,"Common Carp x Goldfish",4345,"High","Warm"
"7448","Common Carp x Goldfish",1997,31,0,119,"1997",0,"Common Carp x Goldfish",4345,"High","Warm"
"7449","Common Carp x Goldfish",1997,14,4,119,"1997",0.0336134453781513,"Common Carp x Goldfish",4345,"High","Warm"
"7450","Common Carp x Goldfish",1997,32,0,119,"1997",0,"Common Carp x Goldfish",4345,"High","Warm"
"7451","Common Carp x Goldfish",1997,28,2,119,"1997",0.0168067226890756,"Common Carp x Goldfish",4345,"High","Warm"
"7452","Common Carp x Goldfish",1997,18,6,119,"1997",0.0504201680672269,"Common Carp x Goldfish",4345,"High","Warm"
"7530","Common Carp x Goldfish",2002,26,0,10,"2002",0,"Common Carp x Goldfish",4345,"High","Warm"
"7531","Common Carp x Goldfish",2002,15,0,10,"2002",0,"Common Carp x Goldfish",4345,"High","Warm"
"7532","Common Carp x Goldfish",2002,23,1,10,"2002",0.1,"Common Carp x Goldfish",4345,"High","Warm"
"7533","Common Carp x Goldfish",2002,13,0,10,"2002",0,"Common Carp x Goldfish",4345,"High","Warm"
"7534","Common Carp x Goldfish",2002,10,0,10,"2002",0,"Common Carp x Goldfish",4345,"High","Warm"
"7535","Common Carp x Goldfish",2002,24,0,10,"2002",0,"Common Carp x Goldfish",4345,"High","Warm"
"7536","Common Carp x Goldfish",2002,27,0,10,"2002",0,"Common Carp x Goldfish",4345,"High","Warm"
"7537","Common Carp x Goldfish",2002,11,0,10,"2002",0,"Common Carp x Goldfish",4345,"High","Warm"
"7538","Common Carp x Goldfish",2002,12,0,10,"2002",0,"Common Carp x Goldfish",4345,"High","Warm"
"7539","Common Carp x Goldfish",2002,14,0,10,"2002",0,"Common Carp x Goldfish",4345,"High","Warm"
"7540","Common Carp x Goldfish",2002,16,0,10,"2002",0,"Common Carp x Goldfish",4345,"High","Warm"
"7541","Common Carp x Goldfish",2002,25,1,10,"2002",0.1,"Common Carp x Goldfish",4345,"High","Warm"
"7542","Common Carp x Goldfish",2002,28,0,10,"2002",0,"Common Carp x Goldfish",4345,"High","Warm"
"7543","Common Carp x Goldfish",2002,29,0,10,"2002",0,"Common Carp x Goldfish",4345,"High","Warm"
"7544","Common Carp x Goldfish",2002,20,0,10,"2002",0,"Common Carp x Goldfish",4345,"High","Warm"
"7545","Common Carp x Goldfish",2002,22,0,10,"2002",0,"Common Carp x Goldfish",4345,"High","Warm"
"7546","Common Carp x Goldfish",2002,17,0,10,"2002",0,"Common Carp x Goldfish",4345,"High","Warm"
"7547","Common Carp x Goldfish",2002,31,0,10,"2002",0,"Common Carp x Goldfish",4345,"High","Warm"
"7548","Common Carp x Goldfish",2002,33,0,10,"2002",0,"Common Carp x Goldfish",4345,"High","Warm"
"7549","Common Carp x Goldfish",2002,30,1,10,"2002",0.1,"Common Carp x Goldfish",4345,"High","Warm"
"7550","Common Carp x Goldfish",2002,21,1,10,"2002",0.1,"Common Carp x Goldfish",4345,"High","Warm"
"7551","Common Carp x Goldfish",2002,34,1,10,"2002",0.1,"Common Carp x Goldfish",4345,"High","Warm"
"7552","Common Carp x Goldfish",2002,32,2,10,"2002",0.2,"Common Carp x Goldfish",4345,"High","Warm"
"7553","Common Carp x Goldfish",2002,19,2,10,"2002",0.2,"Common Carp x Goldfish",4345,"High","Warm"
"7554","Common Carp x Goldfish",2002,18,0,10,"2002",0,"Common Carp x Goldfish",4345,"High","Warm"
"7555","Common Carp x Goldfish",2002,35,1,10,"2002",0.1,"Common Carp x Goldfish",4345,"High","Warm"
"7556","Common Carp x Goldfish",2003,22,2,16,"2003",0.125,"Common Carp x Goldfish",4345,"High","Warm"
"7557","Common Carp x Goldfish",2003,12,0,16,"2003",0,"Common Carp x Goldfish",4345,"High","Warm"
"7558","Common Carp x Goldfish",2003,26,0,16,"2003",0,"Common Carp x Goldfish",4345,"High","Warm"
"7559","Common Carp x Goldfish",2003,30,0,16,"2003",0,"Common Carp x Goldfish",4345,"High","Warm"
"7560","Common Carp x Goldfish",2003,21,0,16,"2003",0,"Common Carp x Goldfish",4345,"High","Warm"
"7561","Common Carp x Goldfish",2003,35,0,16,"2003",0,"Common Carp x Goldfish",4345,"High","Warm"
"7562","Common Carp x Goldfish",2003,19,1,16,"2003",0.0625,"Common Carp x Goldfish",4345,"High","Warm"
"7563","Common Carp x Goldfish",2003,14,0,16,"2003",0,"Common Carp x Goldfish",4345,"High","Warm"
"7564","Common Carp x Goldfish",2003,20,0,16,"2003",0,"Common Carp x Goldfish",4345,"High","Warm"
"7565","Common Carp x Goldfish",2003,24,1,16,"2003",0.0625,"Common Carp x Goldfish",4345,"High","Warm"
"7566","Common Carp x Goldfish",2003,23,1,16,"2003",0.0625,"Common Carp x Goldfish",4345,"High","Warm"
"7567","Common Carp x Goldfish",2003,27,0,16,"2003",0,"Common Carp x Goldfish",4345,"High","Warm"
"7568","Common Carp x Goldfish",2003,31,0,16,"2003",0,"Common Carp x Goldfish",4345,"High","Warm"
"7569","Common Carp x Goldfish",2003,13,0,16,"2003",0,"Common Carp x Goldfish",4345,"High","Warm"
"7570","Common Carp x Goldfish",2003,34,0,16,"2003",0,"Common Carp x Goldfish",4345,"High","Warm"
"7571","Common Carp x Goldfish",2003,18,2,16,"2003",0.125,"Common Carp x Goldfish",4345,"High","Warm"
"7572","Common Carp x Goldfish",2003,28,0,16,"2003",0,"Common Carp x Goldfish",4345,"High","Warm"
"7573","Common Carp x Goldfish",2003,17,3,16,"2003",0.1875,"Common Carp x Goldfish",4345,"High","Warm"
"7574","Common Carp x Goldfish",2003,29,0,16,"2003",0,"Common Carp x Goldfish",4345,"High","Warm"
"7575","Common Carp x Goldfish",2003,25,1,16,"2003",0.0625,"Common Carp x Goldfish",4345,"High","Warm"
"7576","Common Carp x Goldfish",2003,16,0,16,"2003",0,"Common Carp x Goldfish",4345,"High","Warm"
"7577","Common Carp x Goldfish",2003,33,5,16,"2003",0.3125,"Common Carp x Goldfish",4345,"High","Warm"
"7578","Common Carp x Goldfish",2003,15,0,16,"2003",0,"Common Carp x Goldfish",4345,"High","Warm"
"7579","Common Carp x Goldfish",2003,32,0,16,"2003",0,"Common Carp x Goldfish",4345,"High","Warm"
"7580","Common Carp x Goldfish",2004,30,0,19,"2004",0,"Common Carp x Goldfish",4345,"High","Warm"
"7581","Common Carp x Goldfish",2004,26,0,19,"2004",0,"Common Carp x Goldfish",4345,"High","Warm"
"7582","Common Carp x Goldfish",2004,25,1,19,"2004",0.0526315789473684,"Common Carp x Goldfish",4345,"High","Warm"
"7583","Common Carp x Goldfish",2004,31,1,19,"2004",0.0526315789473684,"Common Carp x Goldfish",4345,"High","Warm"
"7584","Common Carp x Goldfish",2004,33,1,19,"2004",0.0526315789473684,"Common Carp x Goldfish",4345,"High","Warm"
"7585","Common Carp x Goldfish",2004,24,2,19,"2004",0.105263157894737,"Common Carp x Goldfish",4345,"High","Warm"
"7586","Common Carp x Goldfish",2004,19,1,19,"2004",0.0526315789473684,"Common Carp x Goldfish",4345,"High","Warm"
"7587","Common Carp x Goldfish",2004,15,0,19,"2004",0,"Common Carp x Goldfish",4345,"High","Warm"
"7588","Common Carp x Goldfish",2004,32,0,19,"2004",0,"Common Carp x Goldfish",4345,"High","Warm"
"7589","Common Carp x Goldfish",2004,35,0,19,"2004",0,"Common Carp x Goldfish",4345,"High","Warm"
"7590","Common Carp x Goldfish",2004,14,1,19,"2004",0.0526315789473684,"Common Carp x Goldfish",4345,"High","Warm"
"7591","Common Carp x Goldfish",2004,20,0,19,"2004",0,"Common Carp x Goldfish",4345,"High","Warm"
"7592","Common Carp x Goldfish",2004,22,0,19,"2004",0,"Common Carp x Goldfish",4345,"High","Warm"
"7593","Common Carp x Goldfish",2004,27,1,19,"2004",0.0526315789473684,"Common Carp x Goldfish",4345,"High","Warm"
"7594","Common Carp x Goldfish",2004,12,0,19,"2004",0,"Common Carp x Goldfish",4345,"High","Warm"
"7595","Common Carp x Goldfish",2004,13,1,19,"2004",0.0526315789473684,"Common Carp x Goldfish",4345,"High","Warm"
"7596","Common Carp x Goldfish",2004,34,0,19,"2004",0,"Common Carp x Goldfish",4345,"High","Warm"
"7597","Common Carp x Goldfish",2004,29,0,19,"2004",0,"Common Carp x Goldfish",4345,"High","Warm"
"7598","Common Carp x Goldfish",2004,17,0,19,"2004",0,"Common Carp x Goldfish",4345,"High","Warm"
"7599","Common Carp x Goldfish",2004,28,0,19,"2004",0,"Common Carp x Goldfish",4345,"High","Warm"
"7600","Common Carp x Goldfish",2004,21,10,19,"2004",0.526315789473684,"Common Carp x Goldfish",4345,"High","Warm"
"7601","Common Carp x Goldfish",2004,16,0,19,"2004",0,"Common Carp x Goldfish",4345,"High","Warm"
"7602","Common Carp x Goldfish",2004,18,0,19,"2004",0,"Common Carp x Goldfish",4345,"High","Warm"
"7603","Common Carp x Goldfish",2004,23,0,19,"2004",0,"Common Carp x Goldfish",4345,"High","Warm"
"7604","Common Carp x Goldfish",2005,34,1,125,"2005",0.008,"Common Carp x Goldfish",4345,"High","Warm"
"7605","Common Carp x Goldfish",2005,27,0,125,"2005",0,"Common Carp x Goldfish",4345,"High","Warm"
"7606","Common Carp x Goldfish",2005,22,5,125,"2005",0.04,"Common Carp x Goldfish",4345,"High","Warm"
"7607","Common Carp x Goldfish",2005,24,0,125,"2005",0,"Common Carp x Goldfish",4345,"High","Warm"
"7608","Common Carp x Goldfish",2005,28,4,125,"2005",0.032,"Common Carp x Goldfish",4345,"High","Warm"
"7609","Common Carp x Goldfish",2005,20,3,125,"2005",0.024,"Common Carp x Goldfish",4345,"High","Warm"
"7610","Common Carp x Goldfish",2005,16,9,125,"2005",0.072,"Common Carp x Goldfish",4345,"High","Warm"
"7611","Common Carp x Goldfish",2005,18,2,125,"2005",0.016,"Common Carp x Goldfish",4345,"High","Warm"
"7612","Common Carp x Goldfish",2005,30,0,125,"2005",0,"Common Carp x Goldfish",4345,"High","Warm"
"7613","Common Carp x Goldfish",2005,23,0,125,"2005",0,"Common Carp x Goldfish",4345,"High","Warm"
"7614","Common Carp x Goldfish",2005,25,1,125,"2005",0.008,"Common Carp x Goldfish",4345,"High","Warm"
"7615","Common Carp x Goldfish",2005,35,0,125,"2005",0,"Common Carp x Goldfish",4345,"High","Warm"
"7616","Common Carp x Goldfish",2005,29,0,125,"2005",0,"Common Carp x Goldfish",4345,"High","Warm"
"7617","Common Carp x Goldfish",2005,19,10,125,"2005",0.08,"Common Carp x Goldfish",4345,"High","Warm"
"7618","Common Carp x Goldfish",2005,14,41,125,"2005",0.328,"Common Carp x Goldfish",4345,"High","Warm"
"7619","Common Carp x Goldfish",2005,33,0,125,"2005",0,"Common Carp x Goldfish",4345,"High","Warm"
"7620","Common Carp x Goldfish",2005,32,3,125,"2005",0.024,"Common Carp x Goldfish",4345,"High","Warm"
"7621","Common Carp x Goldfish",2005,15,2,125,"2005",0.016,"Common Carp x Goldfish",4345,"High","Warm"
"7622","Common Carp x Goldfish",2005,13,12,125,"2005",0.096,"Common Carp x Goldfish",4345,"High","Warm"
"7623","Common Carp x Goldfish",2005,21,24,125,"2005",0.192,"Common Carp x Goldfish",4345,"High","Warm"
"7624","Common Carp x Goldfish",2005,31,3,125,"2005",0.024,"Common Carp x Goldfish",4345,"High","Warm"
"7625","Common Carp x Goldfish",2005,12,0,125,"2005",0,"Common Carp x Goldfish",4345,"High","Warm"
"7626","Common Carp x Goldfish",2005,17,1,125,"2005",0.008,"Common Carp x Goldfish",4345,"High","Warm"
"7627","Common Carp x Goldfish",2005,26,4,125,"2005",0.032,"Common Carp x Goldfish",4345,"High","Warm"
"7628","Common Carp x Goldfish",2006,31,2,105,"2006",0.019047619047619,"Common Carp x Goldfish",4345,"High","Warm"
"7629","Common Carp x Goldfish",2006,23,7,105,"2006",0.0666666666666667,"Common Carp x Goldfish",4345,"High","Warm"
"7630","Common Carp x Goldfish",2006,21,6,105,"2006",0.0571428571428571,"Common Carp x Goldfish",4345,"High","Warm"
"7631","Common Carp x Goldfish",2006,30,0,105,"2006",0,"Common Carp x Goldfish",4345,"High","Warm"
"7632","Common Carp x Goldfish",2006,12,0,105,"2006",0,"Common Carp x Goldfish",4345,"High","Warm"
"7633","Common Carp x Goldfish",2006,22,29,105,"2006",0.276190476190476,"Common Carp x Goldfish",4345,"High","Warm"
"7634","Common Carp x Goldfish",2006,32,4,105,"2006",0.0380952380952381,"Common Carp x Goldfish",4345,"High","Warm"
"7635","Common Carp x Goldfish",2006,26,2,105,"2006",0.019047619047619,"Common Carp x Goldfish",4345,"High","Warm"
"7636","Common Carp x Goldfish",2006,29,1,105,"2006",0.00952380952380952,"Common Carp x Goldfish",4345,"High","Warm"
"7637","Common Carp x Goldfish",2006,33,2,105,"2006",0.019047619047619,"Common Carp x Goldfish",4345,"High","Warm"
"7638","Common Carp x Goldfish",2006,20,24,105,"2006",0.228571428571429,"Common Carp x Goldfish",4345,"High","Warm"
"7639","Common Carp x Goldfish",2006,34,1,105,"2006",0.00952380952380952,"Common Carp x Goldfish",4345,"High","Warm"
"7640","Common Carp x Goldfish",2006,35,1,105,"2006",0.00952380952380952,"Common Carp x Goldfish",4345,"High","Warm"
"7641","Common Carp x Goldfish",2006,11,0,105,"2006",0,"Common Carp x Goldfish",4345,"High","Warm"
"7642","Common Carp x Goldfish",2006,28,8,105,"2006",0.0761904761904762,"Common Carp x Goldfish",4345,"High","Warm"
"7643","Common Carp x Goldfish",2006,17,0,105,"2006",0,"Common Carp x Goldfish",4345,"High","Warm"
"7644","Common Carp x Goldfish",2006,27,1,105,"2006",0.00952380952380952,"Common Carp x Goldfish",4345,"High","Warm"
"7645","Common Carp x Goldfish",2006,25,3,105,"2006",0.0285714285714286,"Common Carp x Goldfish",4345,"High","Warm"
"7646","Common Carp x Goldfish",2006,15,0,105,"2006",0,"Common Carp x Goldfish",4345,"High","Warm"
"7647","Common Carp x Goldfish",2006,16,0,105,"2006",0,"Common Carp x Goldfish",4345,"High","Warm"
"7648","Common Carp x Goldfish",2006,24,5,105,"2006",0.0476190476190476,"Common Carp x Goldfish",4345,"High","Warm"
"7649","Common Carp x Goldfish",2006,14,0,105,"2006",0,"Common Carp x Goldfish",4345,"High","Warm"
"7650","Common Carp x Goldfish",2006,19,1,105,"2006",0.00952380952380952,"Common Carp x Goldfish",4345,"High","Warm"
"7651","Common Carp x Goldfish",2006,13,0,105,"2006",0,"Common Carp x Goldfish",4345,"High","Warm"
"7652","Common Carp x Goldfish",2006,18,8,105,"2006",0.0761904761904762,"Common Carp x Goldfish",4345,"High","Warm"
"7653","Common Carp x Goldfish",2007,15,0,139,"2007",0,"Common Carp x Goldfish",4345,"High","Warm"
"7654","Common Carp x Goldfish",2007,20,28,139,"2007",0.201438848920863,"Common Carp x Goldfish",4345,"High","Warm"
"7655","Common Carp x Goldfish",2007,24,4,139,"2007",0.0287769784172662,"Common Carp x Goldfish",4345,"High","Warm"
"7656","Common Carp x Goldfish",2007,16,2,139,"2007",0.0143884892086331,"Common Carp x Goldfish",4345,"High","Warm"
"7657","Common Carp x Goldfish",2007,18,10,139,"2007",0.0719424460431655,"Common Carp x Goldfish",4345,"High","Warm"
"7658","Common Carp x Goldfish",2007,26,9,139,"2007",0.0647482014388489,"Common Carp x Goldfish",4345,"High","Warm"
"7659","Common Carp x Goldfish",2007,13,0,139,"2007",0,"Common Carp x Goldfish",4345,"High","Warm"
"7660","Common Carp x Goldfish",2007,28,4,139,"2007",0.0287769784172662,"Common Carp x Goldfish",4345,"High","Warm"
"7661","Common Carp x Goldfish",2007,23,4,139,"2007",0.0287769784172662,"Common Carp x Goldfish",4345,"High","Warm"
"7662","Common Carp x Goldfish",2007,19,11,139,"2007",0.079136690647482,"Common Carp x Goldfish",4345,"High","Warm"
"7663","Common Carp x Goldfish",2007,12,0,139,"2007",0,"Common Carp x Goldfish",4345,"High","Warm"
"7664","Common Carp x Goldfish",2007,27,1,139,"2007",0.00719424460431655,"Common Carp x Goldfish",4345,"High","Warm"
"7665","Common Carp x Goldfish",2007,35,3,139,"2007",0.0215827338129496,"Common Carp x Goldfish",4345,"High","Warm"
"7666","Common Carp x Goldfish",2007,22,23,139,"2007",0.165467625899281,"Common Carp x Goldfish",4345,"High","Warm"
"7667","Common Carp x Goldfish",2007,21,12,139,"2007",0.0863309352517986,"Common Carp x Goldfish",4345,"High","Warm"
"7668","Common Carp x Goldfish",2007,32,6,139,"2007",0.0431654676258993,"Common Carp x Goldfish",4345,"High","Warm"
"7669","Common Carp x Goldfish",2007,34,0,139,"2007",0,"Common Carp x Goldfish",4345,"High","Warm"
"7670","Common Carp x Goldfish",2007,17,7,139,"2007",0.0503597122302158,"Common Carp x Goldfish",4345,"High","Warm"
"7671","Common Carp x Goldfish",2007,25,0,139,"2007",0,"Common Carp x Goldfish",4345,"High","Warm"
"7672","Common Carp x Goldfish",2007,33,3,139,"2007",0.0215827338129496,"Common Carp x Goldfish",4345,"High","Warm"
"7673","Common Carp x Goldfish",2007,30,6,139,"2007",0.0431654676258993,"Common Carp x Goldfish",4345,"High","Warm"
"7674","Common Carp x Goldfish",2007,31,1,139,"2007",0.00719424460431655,"Common Carp x Goldfish",4345,"High","Warm"
"7675","Common Carp x Goldfish",2007,14,2,139,"2007",0.0143884892086331,"Common Carp x Goldfish",4345,"High","Warm"
"7676","Common Carp x Goldfish",2007,29,3,139,"2007",0.0215827338129496,"Common Carp x Goldfish",4345,"High","Warm"
"7677","Common Carp x Goldfish",2008,33,0,312,"2008",0,"Common Carp x Goldfish",4345,"High","Warm"
"7678","Common Carp x Goldfish",2008,20,20,312,"2008",0.0641025641025641,"Common Carp x Goldfish",4345,"High","Warm"
"7679","Common Carp x Goldfish",2008,13,1,312,"2008",0.00320512820512821,"Common Carp x Goldfish",4345,"High","Warm"
"7680","Common Carp x Goldfish",2008,34,2,312,"2008",0.00641025641025641,"Common Carp x Goldfish",4345,"High","Warm"
"7681","Common Carp x Goldfish",2008,15,11,312,"2008",0.0352564102564103,"Common Carp x Goldfish",4345,"High","Warm"
"7682","Common Carp x Goldfish",2008,14,5,312,"2008",0.016025641025641,"Common Carp x Goldfish",4345,"High","Warm"
"7683","Common Carp x Goldfish",2008,26,7,312,"2008",0.0224358974358974,"Common Carp x Goldfish",4345,"High","Warm"
"7684","Common Carp x Goldfish",2008,27,0,312,"2008",0,"Common Carp x Goldfish",4345,"High","Warm"
"7685","Common Carp x Goldfish",2008,31,0,312,"2008",0,"Common Carp x Goldfish",4345,"High","Warm"
"7686","Common Carp x Goldfish",2008,21,46,312,"2008",0.147435897435897,"Common Carp x Goldfish",4345,"High","Warm"
"7687","Common Carp x Goldfish",2008,16,1,312,"2008",0.00320512820512821,"Common Carp x Goldfish",4345,"High","Warm"
"7688","Common Carp x Goldfish",2008,28,2,312,"2008",0.00641025641025641,"Common Carp x Goldfish",4345,"High","Warm"
"7689","Common Carp x Goldfish",2008,19,92,312,"2008",0.294871794871795,"Common Carp x Goldfish",4345,"High","Warm"
"7690","Common Carp x Goldfish",2008,22,17,312,"2008",0.0544871794871795,"Common Carp x Goldfish",4345,"High","Warm"
"7691","Common Carp x Goldfish",2008,35,2,312,"2008",0.00641025641025641,"Common Carp x Goldfish",4345,"High","Warm"
"7692","Common Carp x Goldfish",2008,32,2,312,"2008",0.00641025641025641,"Common Carp x Goldfish",4345,"High","Warm"
"7693","Common Carp x Goldfish",2008,17,2,312,"2008",0.00641025641025641,"Common Carp x Goldfish",4345,"High","Warm"
"7694","Common Carp x Goldfish",2008,25,12,312,"2008",0.0384615384615385,"Common Carp x Goldfish",4345,"High","Warm"
"7695","Common Carp x Goldfish",2008,29,0,312,"2008",0,"Common Carp x Goldfish",4345,"High","Warm"
"7696","Common Carp x Goldfish",2008,18,8,312,"2008",0.0256410256410256,"Common Carp x Goldfish",4345,"High","Warm"
"7697","Common Carp x Goldfish",2008,30,0,312,"2008",0,"Common Carp x Goldfish",4345,"High","Warm"
"7698","Common Carp x Goldfish",2008,24,46,312,"2008",0.147435897435897,"Common Carp x Goldfish",4345,"High","Warm"
"7699","Common Carp x Goldfish",2008,23,36,312,"2008",0.115384615384615,"Common Carp x Goldfish",4345,"High","Warm"
"7700","Common Carp x Goldfish",2009,33,4,428,"2009",0.00934579439252336,"Common Carp x Goldfish",4345,"High","Warm"
"7701","Common Carp x Goldfish",2009,17,44,428,"2009",0.102803738317757,"Common Carp x Goldfish",4345,"High","Warm"
"7702","Common Carp x Goldfish",2009,21,85,428,"2009",0.198598130841121,"Common Carp x Goldfish",4345,"High","Warm"
"7703","Common Carp x Goldfish",2009,32,3,428,"2009",0.00700934579439252,"Common Carp x Goldfish",4345,"High","Warm"
"7704","Common Carp x Goldfish",2009,35,7,428,"2009",0.0163551401869159,"Common Carp x Goldfish",4345,"High","Warm"
"7705","Common Carp x Goldfish",2009,12,5,428,"2009",0.0116822429906542,"Common Carp x Goldfish",4345,"High","Warm"
"7706","Common Carp x Goldfish",2009,31,2,428,"2009",0.00467289719626168,"Common Carp x Goldfish",4345,"High","Warm"
"7707","Common Carp x Goldfish",2009,13,1,428,"2009",0.00233644859813084,"Common Carp x Goldfish",4345,"High","Warm"
"7708","Common Carp x Goldfish",2009,18,44,428,"2009",0.102803738317757,"Common Carp x Goldfish",4345,"High","Warm"
"7709","Common Carp x Goldfish",2009,11,1,428,"2009",0.00233644859813084,"Common Carp x Goldfish",4345,"High","Warm"
"7710","Common Carp x Goldfish",2009,22,22,428,"2009",0.0514018691588785,"Common Carp x Goldfish",4345,"High","Warm"
"7711","Common Carp x Goldfish",2009,30,7,428,"2009",0.0163551401869159,"Common Carp x Goldfish",4345,"High","Warm"
"7712","Common Carp x Goldfish",2009,34,6,428,"2009",0.014018691588785,"Common Carp x Goldfish",4345,"High","Warm"
"7713","Common Carp x Goldfish",2009,16,5,428,"2009",0.0116822429906542,"Common Carp x Goldfish",4345,"High","Warm"
"7714","Common Carp x Goldfish",2009,20,19,428,"2009",0.044392523364486,"Common Carp x Goldfish",4345,"High","Warm"
"7715","Common Carp x Goldfish",2009,19,63,428,"2009",0.147196261682243,"Common Carp x Goldfish",4345,"High","Warm"
"7716","Common Carp x Goldfish",2009,24,27,428,"2009",0.0630841121495327,"Common Carp x Goldfish",4345,"High","Warm"
"7717","Common Carp x Goldfish",2009,14,1,428,"2009",0.00233644859813084,"Common Carp x Goldfish",4345,"High","Warm"
"7718","Common Carp x Goldfish",2009,28,7,428,"2009",0.0163551401869159,"Common Carp x Goldfish",4345,"High","Warm"
"7719","Common Carp x Goldfish",2009,25,19,428,"2009",0.044392523364486,"Common Carp x Goldfish",4345,"High","Warm"
"7720","Common Carp x Goldfish",2009,27,5,428,"2009",0.0116822429906542,"Common Carp x Goldfish",4345,"High","Warm"
"7721","Common Carp x Goldfish",2009,23,32,428,"2009",0.0747663551401869,"Common Carp x Goldfish",4345,"High","Warm"
"7722","Common Carp x Goldfish",2009,26,11,428,"2009",0.0257009345794393,"Common Carp x Goldfish",4345,"High","Warm"
"7723","Common Carp x Goldfish",2009,15,3,428,"2009",0.00700934579439252,"Common Carp x Goldfish",4345,"High","Warm"
"7724","Common Carp x Goldfish",2009,29,5,428,"2009",0.0116822429906542,"Common Carp x Goldfish",4345,"High","Warm"
"7725","Common Carp x Goldfish",2010,19,2,70,"2010",0.0285714285714286,"Common Carp x Goldfish",4345,"High","Warm"
"7726","Common Carp x Goldfish",2010,24,0,70,"2010",0,"Common Carp x Goldfish",4345,"High","Warm"
"7727","Common Carp x Goldfish",2010,27,0,70,"2010",0,"Common Carp x Goldfish",4345,"High","Warm"
"7728","Common Carp x Goldfish",2010,23,5,70,"2010",0.0714285714285714,"Common Carp x Goldfish",4345,"High","Warm"
"7729","Common Carp x Goldfish",2010,12,2,70,"2010",0.0285714285714286,"Common Carp x Goldfish",4345,"High","Warm"
"7730","Common Carp x Goldfish",2010,22,11,70,"2010",0.157142857142857,"Common Carp x Goldfish",4345,"High","Warm"
"7731","Common Carp x Goldfish",2010,18,7,70,"2010",0.1,"Common Carp x Goldfish",4345,"High","Warm"
"7732","Common Carp x Goldfish",2010,13,0,70,"2010",0,"Common Carp x Goldfish",4345,"High","Warm"
"7733","Common Carp x Goldfish",2010,21,3,70,"2010",0.0428571428571429,"Common Carp x Goldfish",4345,"High","Warm"
"7734","Common Carp x Goldfish",2010,29,1,70,"2010",0.0142857142857143,"Common Carp x Goldfish",4345,"High","Warm"
"7735","Common Carp x Goldfish",2010,15,5,70,"2010",0.0714285714285714,"Common Carp x Goldfish",4345,"High","Warm"
"7736","Common Carp x Goldfish",2010,28,1,70,"2010",0.0142857142857143,"Common Carp x Goldfish",4345,"High","Warm"
"7737","Common Carp x Goldfish",2010,11,0,70,"2010",0,"Common Carp x Goldfish",4345,"High","Warm"
"7738","Common Carp x Goldfish",2010,17,0,70,"2010",0,"Common Carp x Goldfish",4345,"High","Warm"
"7739","Common Carp x Goldfish",2010,31,2,70,"2010",0.0285714285714286,"Common Carp x Goldfish",4345,"High","Warm"
"7740","Common Carp x Goldfish",2010,34,1,70,"2010",0.0142857142857143,"Common Carp x Goldfish",4345,"High","Warm"
"7741","Common Carp x Goldfish",2010,20,23,70,"2010",0.328571428571429,"Common Carp x Goldfish",4345,"High","Warm"
"7742","Common Carp x Goldfish",2010,30,2,70,"2010",0.0285714285714286,"Common Carp x Goldfish",4345,"High","Warm"
"7743","Common Carp x Goldfish",2010,26,1,70,"2010",0.0142857142857143,"Common Carp x Goldfish",4345,"High","Warm"
"7744","Common Carp x Goldfish",2010,33,0,70,"2010",0,"Common Carp x Goldfish",4345,"High","Warm"
"7745","Common Carp x Goldfish",2010,14,3,70,"2010",0.0428571428571429,"Common Carp x Goldfish",4345,"High","Warm"
"7746","Common Carp x Goldfish",2010,25,0,70,"2010",0,"Common Carp x Goldfish",4345,"High","Warm"
"7747","Common Carp x Goldfish",2010,32,1,70,"2010",0.0142857142857143,"Common Carp x Goldfish",4345,"High","Warm"
"7748","Common Carp x Goldfish",2010,16,0,70,"2010",0,"Common Carp x Goldfish",4345,"High","Warm"
"7749","Common Carp x Goldfish",2010,35,0,70,"2010",0,"Common Carp x Goldfish",4345,"High","Warm"
"7750","Common Carp x Goldfish",2011,15,9,108,"2011",0.0833333333333333,"Common Carp x Goldfish",4345,"High","Warm"
"7751","Common Carp x Goldfish",2011,12,0,108,"2011",0,"Common Carp x Goldfish",4345,"High","Warm"
"7752","Common Carp x Goldfish",2011,14,0,108,"2011",0,"Common Carp x Goldfish",4345,"High","Warm"
"7753","Common Carp x Goldfish",2011,31,0,108,"2011",0,"Common Carp x Goldfish",4345,"High","Warm"
"7754","Common Carp x Goldfish",2011,19,6,108,"2011",0.0555555555555556,"Common Carp x Goldfish",4345,"High","Warm"
"7755","Common Carp x Goldfish",2011,11,0,108,"2011",0,"Common Carp x Goldfish",4345,"High","Warm"
"7756","Common Carp x Goldfish",2011,30,0,108,"2011",0,"Common Carp x Goldfish",4345,"High","Warm"
"7757","Common Carp x Goldfish",2011,35,2,108,"2011",0.0185185185185185,"Common Carp x Goldfish",4345,"High","Warm"
"7758","Common Carp x Goldfish",2011,16,0,108,"2011",0,"Common Carp x Goldfish",4345,"High","Warm"
"7759","Common Carp x Goldfish",2011,34,3,108,"2011",0.0277777777777778,"Common Carp x Goldfish",4345,"High","Warm"
"7760","Common Carp x Goldfish",2011,17,8,108,"2011",0.0740740740740741,"Common Carp x Goldfish",4345,"High","Warm"
"7761","Common Carp x Goldfish",2011,21,23,108,"2011",0.212962962962963,"Common Carp x Goldfish",4345,"High","Warm"
"7762","Common Carp x Goldfish",2011,32,1,108,"2011",0.00925925925925926,"Common Carp x Goldfish",4345,"High","Warm"
"7763","Common Carp x Goldfish",2011,33,1,108,"2011",0.00925925925925926,"Common Carp x Goldfish",4345,"High","Warm"
"7764","Common Carp x Goldfish",2011,25,1,108,"2011",0.00925925925925926,"Common Carp x Goldfish",4345,"High","Warm"
"7765","Common Carp x Goldfish",2011,18,1,108,"2011",0.00925925925925926,"Common Carp x Goldfish",4345,"High","Warm"
"7766","Common Carp x Goldfish",2011,26,0,108,"2011",0,"Common Carp x Goldfish",4345,"High","Warm"
"7767","Common Carp x Goldfish",2011,13,0,108,"2011",0,"Common Carp x Goldfish",4345,"High","Warm"
"7768","Common Carp x Goldfish",2011,20,14,108,"2011",0.12962962962963,"Common Carp x Goldfish",4345,"High","Warm"
"7769","Common Carp x Goldfish",2011,27,0,108,"2011",0,"Common Carp x Goldfish",4345,"High","Warm"
"7770","Common Carp x Goldfish",2011,28,0,108,"2011",0,"Common Carp x Goldfish",4345,"High","Warm"
"7771","Common Carp x Goldfish",2011,23,7,108,"2011",0.0648148148148148,"Common Carp x Goldfish",4345,"High","Warm"
"7772","Common Carp x Goldfish",2011,24,3,108,"2011",0.0277777777777778,"Common Carp x Goldfish",4345,"High","Warm"
"7773","Common Carp x Goldfish",2011,29,0,108,"2011",0,"Common Carp x Goldfish",4345,"High","Warm"
"7774","Common Carp x Goldfish",2011,22,29,108,"2011",0.268518518518519,"Common Carp x Goldfish",4345,"High","Warm"
"7775","Common Carp x Goldfish",2012,32,1,31,"2012",0.032258064516129,"Common Carp x Goldfish",4345,"High","Warm"
"7776","Common Carp x Goldfish",2012,25,1,31,"2012",0.032258064516129,"Common Carp x Goldfish",4345,"High","Warm"
"7777","Common Carp x Goldfish",2012,33,4,31,"2012",0.129032258064516,"Common Carp x Goldfish",4345,"High","Warm"
"7778","Common Carp x Goldfish",2012,16,0,31,"2012",0,"Common Carp x Goldfish",4345,"High","Warm"
"7779","Common Carp x Goldfish",2012,26,1,31,"2012",0.032258064516129,"Common Carp x Goldfish",4345,"High","Warm"
"7780","Common Carp x Goldfish",2012,24,0,31,"2012",0,"Common Carp x Goldfish",4345,"High","Warm"
"7781","Common Carp x Goldfish",2012,31,1,31,"2012",0.032258064516129,"Common Carp x Goldfish",4345,"High","Warm"
"7782","Common Carp x Goldfish",2012,23,6,31,"2012",0.193548387096774,"Common Carp x Goldfish",4345,"High","Warm"
"7783","Common Carp x Goldfish",2012,17,0,31,"2012",0,"Common Carp x Goldfish",4345,"High","Warm"
"7784","Common Carp x Goldfish",2012,22,0,31,"2012",0,"Common Carp x Goldfish",4345,"High","Warm"
"7785","Common Carp x Goldfish",2012,29,0,31,"2012",0,"Common Carp x Goldfish",4345,"High","Warm"
"7786","Common Carp x Goldfish",2012,19,2,31,"2012",0.0645161290322581,"Common Carp x Goldfish",4345,"High","Warm"
"7787","Common Carp x Goldfish",2012,11,1,31,"2012",0.032258064516129,"Common Carp x Goldfish",4345,"High","Warm"
"7788","Common Carp x Goldfish",2012,12,2,31,"2012",0.0645161290322581,"Common Carp x Goldfish",4345,"High","Warm"
"7789","Common Carp x Goldfish",2012,18,2,31,"2012",0.0645161290322581,"Common Carp x Goldfish",4345,"High","Warm"
"7790","Common Carp x Goldfish",2012,10,0,31,"2012",0,"Common Carp x Goldfish",4345,"High","Warm"
"7791","Common Carp x Goldfish",2012,30,1,31,"2012",0.032258064516129,"Common Carp x Goldfish",4345,"High","Warm"
"7792","Common Carp x Goldfish",2012,15,0,31,"2012",0,"Common Carp x Goldfish",4345,"High","Warm"
"7793","Common Carp x Goldfish",2012,28,0,31,"2012",0,"Common Carp x Goldfish",4345,"High","Warm"
"7794","Common Carp x Goldfish",2012,13,0,31,"2012",0,"Common Carp x Goldfish",4345,"High","Warm"
"7795","Common Carp x Goldfish",2012,14,0,31,"2012",0,"Common Carp x Goldfish",4345,"High","Warm"
"7796","Common Carp x Goldfish",2012,34,1,31,"2012",0.032258064516129,"Common Carp x Goldfish",4345,"High","Warm"
"7797","Common Carp x Goldfish",2012,20,6,31,"2012",0.193548387096774,"Common Carp x Goldfish",4345,"High","Warm"
"7798","Common Carp x Goldfish",2012,35,1,31,"2012",0.032258064516129,"Common Carp x Goldfish",4345,"High","Warm"
"7799","Common Carp x Goldfish",2012,27,0,31,"2012",0,"Common Carp x Goldfish",4345,"High","Warm"
"7800","Common Carp x Goldfish",2012,21,1,31,"2012",0.032258064516129,"Common Carp x Goldfish",4345,"High","Warm"
"7801","Common Carp x Goldfish",2013,16,13,162,"2013",0.0802469135802469,"Common Carp x Goldfish",4345,"High","Warm"
"7802","Common Carp x Goldfish",2013,15,1,162,"2013",0.00617283950617284,"Common Carp x Goldfish",4345,"High","Warm"
"7803","Common Carp x Goldfish",2013,25,5,162,"2013",0.0308641975308642,"Common Carp x Goldfish",4345,"High","Warm"
"7804","Common Carp x Goldfish",2013,29,0,162,"2013",0,"Common Carp x Goldfish",4345,"High","Warm"
"7805","Common Carp x Goldfish",2013,26,1,162,"2013",0.00617283950617284,"Common Carp x Goldfish",4345,"High","Warm"
"7806","Common Carp x Goldfish",2013,11,0,162,"2013",0,"Common Carp x Goldfish",4345,"High","Warm"
"7807","Common Carp x Goldfish",2013,31,0,162,"2013",0,"Common Carp x Goldfish",4345,"High","Warm"
"7808","Common Carp x Goldfish",2013,33,2,162,"2013",0.0123456790123457,"Common Carp x Goldfish",4345,"High","Warm"
"7809","Common Carp x Goldfish",2013,17,5,162,"2013",0.0308641975308642,"Common Carp x Goldfish",4345,"High","Warm"
"7810","Common Carp x Goldfish",2013,27,0,162,"2013",0,"Common Carp x Goldfish",4345,"High","Warm"
"7811","Common Carp x Goldfish",2013,35,1,162,"2013",0.00617283950617284,"Common Carp x Goldfish",4345,"High","Warm"
"7812","Common Carp x Goldfish",2013,13,1,162,"2013",0.00617283950617284,"Common Carp x Goldfish",4345,"High","Warm"
"7813","Common Carp x Goldfish",2013,23,6,162,"2013",0.037037037037037,"Common Carp x Goldfish",4345,"High","Warm"
"7814","Common Carp x Goldfish",2013,34,0,162,"2013",0,"Common Carp x Goldfish",4345,"High","Warm"
"7815","Common Carp x Goldfish",2013,24,4,162,"2013",0.0246913580246914,"Common Carp x Goldfish",4345,"High","Warm"
"7816","Common Carp x Goldfish",2013,30,1,162,"2013",0.00617283950617284,"Common Carp x Goldfish",4345,"High","Warm"
"7817","Common Carp x Goldfish",2013,12,0,162,"2013",0,"Common Carp x Goldfish",4345,"High","Warm"
"7818","Common Carp x Goldfish",2013,20,14,162,"2013",0.0864197530864197,"Common Carp x Goldfish",4345,"High","Warm"
"7819","Common Carp x Goldfish",2013,14,1,162,"2013",0.00617283950617284,"Common Carp x Goldfish",4345,"High","Warm"
"7820","Common Carp x Goldfish",2013,22,23,162,"2013",0.141975308641975,"Common Carp x Goldfish",4345,"High","Warm"
"7821","Common Carp x Goldfish",2013,18,7,162,"2013",0.0432098765432099,"Common Carp x Goldfish",4345,"High","Warm"
"7822","Common Carp x Goldfish",2013,19,31,162,"2013",0.191358024691358,"Common Carp x Goldfish",4345,"High","Warm"
"7823","Common Carp x Goldfish",2013,32,0,162,"2013",0,"Common Carp x Goldfish",4345,"High","Warm"
"7824","Common Carp x Goldfish",2013,21,45,162,"2013",0.277777777777778,"Common Carp x Goldfish",4345,"High","Warm"
"7825","Common Carp x Goldfish",2013,28,1,162,"2013",0.00617283950617284,"Common Carp x Goldfish",4345,"High","Warm"
"7826","Common Carp x Goldfish",2014,14,2,60,"2014",0.0333333333333333,"Common Carp x Goldfish",4345,"High","Warm"
"7827","Common Carp x Goldfish",2014,20,26,60,"2014",0.433333333333333,"Common Carp x Goldfish",4345,"High","Warm"
"7828","Common Carp x Goldfish",2014,13,0,60,"2014",0,"Common Carp x Goldfish",4345,"High","Warm"
"7829","Common Carp x Goldfish",2014,25,2,60,"2014",0.0333333333333333,"Common Carp x Goldfish",4345,"High","Warm"
"7830","Common Carp x Goldfish",2014,22,1,60,"2014",0.0166666666666667,"Common Carp x Goldfish",4345,"High","Warm"
"7831","Common Carp x Goldfish",2014,17,2,60,"2014",0.0333333333333333,"Common Carp x Goldfish",4345,"High","Warm"
"7832","Common Carp x Goldfish",2014,18,12,60,"2014",0.2,"Common Carp x Goldfish",4345,"High","Warm"
"7833","Common Carp x Goldfish",2014,24,2,60,"2014",0.0333333333333333,"Common Carp x Goldfish",4345,"High","Warm"
"7834","Common Carp x Goldfish",2014,21,1,60,"2014",0.0166666666666667,"Common Carp x Goldfish",4345,"High","Warm"
"7835","Common Carp x Goldfish",2014,16,0,60,"2014",0,"Common Carp x Goldfish",4345,"High","Warm"
"7836","Common Carp x Goldfish",2014,15,8,60,"2014",0.133333333333333,"Common Carp x Goldfish",4345,"High","Warm"
"7837","Common Carp x Goldfish",2014,31,0,60,"2014",0,"Common Carp x Goldfish",4345,"High","Warm"
"7838","Common Carp x Goldfish",2014,23,0,60,"2014",0,"Common Carp x Goldfish",4345,"High","Warm"
"7839","Common Carp x Goldfish",2014,34,0,60,"2014",0,"Common Carp x Goldfish",4345,"High","Warm"
"7840","Common Carp x Goldfish",2014,30,0,60,"2014",0,"Common Carp x Goldfish",4345,"High","Warm"
"7841","Common Carp x Goldfish",2014,29,1,60,"2014",0.0166666666666667,"Common Carp x Goldfish",4345,"High","Warm"
"7842","Common Carp x Goldfish",2014,33,0,60,"2014",0,"Common Carp x Goldfish",4345,"High","Warm"
"7843","Common Carp x Goldfish",2014,27,0,60,"2014",0,"Common Carp x Goldfish",4345,"High","Warm"
"7844","Common Carp x Goldfish",2014,19,2,60,"2014",0.0333333333333333,"Common Carp x Goldfish",4345,"High","Warm"
"7845","Common Carp x Goldfish",2014,32,1,60,"2014",0.0166666666666667,"Common Carp x Goldfish",4345,"High","Warm"
"7846","Common Carp x Goldfish",2014,26,0,60,"2014",0,"Common Carp x Goldfish",4345,"High","Warm"
"7847","Common Carp x Goldfish",2014,35,0,60,"2014",0,"Common Carp x Goldfish",4345,"High","Warm"
"7848","Common Carp x Goldfish",2014,28,0,60,"2014",0,"Common Carp x Goldfish",4345,"High","Warm"
"7849","Common Carp x Goldfish",2015,17,0,123,"2015",0,"Common Carp x Goldfish",4345,"High","Warm"
"7850","Common Carp x Goldfish",2015,18,16,123,"2015",0.130081300813008,"Common Carp x Goldfish",4345,"High","Warm"
"7851","Common Carp x Goldfish",2015,19,25,123,"2015",0.203252032520325,"Common Carp x Goldfish",4345,"High","Warm"
"7852","Common Carp x Goldfish",2015,30,0,123,"2015",0,"Common Carp x Goldfish",4345,"High","Warm"
"7853","Common Carp x Goldfish",2015,21,10,123,"2015",0.0813008130081301,"Common Carp x Goldfish",4345,"High","Warm"
"7854","Common Carp x Goldfish",2015,22,15,123,"2015",0.121951219512195,"Common Carp x Goldfish",4345,"High","Warm"
"7855","Common Carp x Goldfish",2015,33,0,123,"2015",0,"Common Carp x Goldfish",4345,"High","Warm"
"7856","Common Carp x Goldfish",2015,13,0,123,"2015",0,"Common Carp x Goldfish",4345,"High","Warm"
"7857","Common Carp x Goldfish",2015,32,0,123,"2015",0,"Common Carp x Goldfish",4345,"High","Warm"
"7858","Common Carp x Goldfish",2015,23,21,123,"2015",0.170731707317073,"Common Carp x Goldfish",4345,"High","Warm"
"7859","Common Carp x Goldfish",2015,24,18,123,"2015",0.146341463414634,"Common Carp x Goldfish",4345,"High","Warm"
"7860","Common Carp x Goldfish",2015,34,0,123,"2015",0,"Common Carp x Goldfish",4345,"High","Warm"
"7861","Common Carp x Goldfish",2015,16,0,123,"2015",0,"Common Carp x Goldfish",4345,"High","Warm"
"7862","Common Carp x Goldfish",2015,29,0,123,"2015",0,"Common Carp x Goldfish",4345,"High","Warm"
"7863","Common Carp x Goldfish",2015,35,0,123,"2015",0,"Common Carp x Goldfish",4345,"High","Warm"
"7864","Common Carp x Goldfish",2015,28,1,123,"2015",0.00813008130081301,"Common Carp x Goldfish",4345,"High","Warm"
"7865","Common Carp x Goldfish",2015,20,10,123,"2015",0.0813008130081301,"Common Carp x Goldfish",4345,"High","Warm"
"7866","Common Carp x Goldfish",2015,31,0,123,"2015",0,"Common Carp x Goldfish",4345,"High","Warm"
"7867","Common Carp x Goldfish",2015,15,1,123,"2015",0.00813008130081301,"Common Carp x Goldfish",4345,"High","Warm"
"7868","Common Carp x Goldfish",2015,14,0,123,"2015",0,"Common Carp x Goldfish",4345,"High","Warm"
"7869","Common Carp x Goldfish",2015,27,0,123,"2015",0,"Common Carp x Goldfish",4345,"High","Warm"
"7870","Common Carp x Goldfish",2015,26,0,123,"2015",0,"Common Carp x Goldfish",4345,"High","Warm"
"7871","Common Carp x Goldfish",2015,25,6,123,"2015",0.0487804878048781,"Common Carp x Goldfish",4345,"High","Warm"
"7872","Common Carp x Goldfish",2016,13,2,134,"2016",0.0149253731343284,"Common Carp x Goldfish",4345,"High","Warm"
"7873","Common Carp x Goldfish",2016,23,1,134,"2016",0.00746268656716418,"Common Carp x Goldfish",4345,"High","Warm"
"7874","Common Carp x Goldfish",2016,18,11,134,"2016",0.082089552238806,"Common Carp x Goldfish",4345,"High","Warm"
"7875","Common Carp x Goldfish",2016,28,0,134,"2016",0,"Common Carp x Goldfish",4345,"High","Warm"
"7876","Common Carp x Goldfish",2016,11,5,134,"2016",0.0373134328358209,"Common Carp x Goldfish",4345,"High","Warm"
"7877","Common Carp x Goldfish",2016,30,0,134,"2016",0,"Common Carp x Goldfish",4345,"High","Warm"
"7878","Common Carp x Goldfish",2016,27,2,134,"2016",0.0149253731343284,"Common Carp x Goldfish",4345,"High","Warm"
"7879","Common Carp x Goldfish",2016,10,0,134,"2016",0,"Common Carp x Goldfish",4345,"High","Warm"
"7880","Common Carp x Goldfish",2016,22,13,134,"2016",0.0970149253731343,"Common Carp x Goldfish",4345,"High","Warm"
"7881","Common Carp x Goldfish",2016,35,1,134,"2016",0.00746268656716418,"Common Carp x Goldfish",4345,"High","Warm"
"7882","Common Carp x Goldfish",2016,21,23,134,"2016",0.171641791044776,"Common Carp x Goldfish",4345,"High","Warm"
"7883","Common Carp x Goldfish",2016,19,17,134,"2016",0.126865671641791,"Common Carp x Goldfish",4345,"High","Warm"
"7884","Common Carp x Goldfish",2016,16,12,134,"2016",0.0895522388059701,"Common Carp x Goldfish",4345,"High","Warm"
"7885","Common Carp x Goldfish",2016,17,6,134,"2016",0.0447761194029851,"Common Carp x Goldfish",4345,"High","Warm"
"7886","Common Carp x Goldfish",2016,33,0,134,"2016",0,"Common Carp x Goldfish",4345,"High","Warm"
"7887","Common Carp x Goldfish",2016,31,0,134,"2016",0,"Common Carp x Goldfish",4345,"High","Warm"
"7888","Common Carp x Goldfish",2016,14,1,134,"2016",0.00746268656716418,"Common Carp x Goldfish",4345,"High","Warm"
"7889","Common Carp x Goldfish",2016,29,1,134,"2016",0.00746268656716418,"Common Carp x Goldfish",4345,"High","Warm"
"7890","Common Carp x Goldfish",2016,20,27,134,"2016",0.201492537313433,"Common Carp x Goldfish",4345,"High","Warm"
"7891","Common Carp x Goldfish",2016,34,3,134,"2016",0.0223880597014925,"Common Carp x Goldfish",4345,"High","Warm"
"7892","Common Carp x Goldfish",2016,12,0,134,"2016",0,"Common Carp x Goldfish",4345,"High","Warm"
"7893","Common Carp x Goldfish",2016,15,0,134,"2016",0,"Common Carp x Goldfish",4345,"High","Warm"
"7894","Common Carp x Goldfish",2016,26,0,134,"2016",0,"Common Carp x Goldfish",4345,"High","Warm"
"7895","Common Carp x Goldfish",2016,25,4,134,"2016",0.0298507462686567,"Common Carp x Goldfish",4345,"High","Warm"
"7896","Common Carp x Goldfish",2016,32,0,134,"2016",0,"Common Carp x Goldfish",4345,"High","Warm"
"7897","Common Carp x Goldfish",2016,24,5,134,"2016",0.0373134328358209,"Common Carp x Goldfish",4345,"High","Warm"
"7898","Common Carp x Goldfish",2017,17,17,305,"2017",0.0557377049180328,"Common Carp x Goldfish",4345,"High","Warm"
"7899","Common Carp x Goldfish",2017,19,34,305,"2017",0.111475409836066,"Common Carp x Goldfish",4345,"High","Warm"
"7900","Common Carp x Goldfish",2017,22,18,305,"2017",0.059016393442623,"Common Carp x Goldfish",4345,"High","Warm"
"7901","Common Carp x Goldfish",2017,14,6,305,"2017",0.019672131147541,"Common Carp x Goldfish",4345,"High","Warm"
"7902","Common Carp x Goldfish",2017,18,62,305,"2017",0.20327868852459,"Common Carp x Goldfish",4345,"High","Warm"
"7903","Common Carp x Goldfish",2017,10,1,305,"2017",0.00327868852459016,"Common Carp x Goldfish",4345,"High","Warm"
"7904","Common Carp x Goldfish",2017,20,49,305,"2017",0.160655737704918,"Common Carp x Goldfish",4345,"High","Warm"
"7905","Common Carp x Goldfish",2017,30,7,305,"2017",0.0229508196721311,"Common Carp x Goldfish",4345,"High","Warm"
"7906","Common Carp x Goldfish",2017,33,0,305,"2017",0,"Common Carp x Goldfish",4345,"High","Warm"
"7907","Common Carp x Goldfish",2017,21,34,305,"2017",0.111475409836066,"Common Carp x Goldfish",4345,"High","Warm"
"7908","Common Carp x Goldfish",2017,12,1,305,"2017",0.00327868852459016,"Common Carp x Goldfish",4345,"High","Warm"
"7909","Common Carp x Goldfish",2017,13,9,305,"2017",0.0295081967213115,"Common Carp x Goldfish",4345,"High","Warm"
"7910","Common Carp x Goldfish",2017,16,32,305,"2017",0.104918032786885,"Common Carp x Goldfish",4345,"High","Warm"
"7911","Common Carp x Goldfish",2017,24,2,305,"2017",0.00655737704918033,"Common Carp x Goldfish",4345,"High","Warm"
"7912","Common Carp x Goldfish",2017,27,4,305,"2017",0.0131147540983607,"Common Carp x Goldfish",4345,"High","Warm"
"7913","Common Carp x Goldfish",2017,29,2,305,"2017",0.00655737704918033,"Common Carp x Goldfish",4345,"High","Warm"
"7914","Common Carp x Goldfish",2017,32,3,305,"2017",0.00983606557377049,"Common Carp x Goldfish",4345,"High","Warm"
"7915","Common Carp x Goldfish",2017,25,0,305,"2017",0,"Common Carp x Goldfish",4345,"High","Warm"
"7916","Common Carp x Goldfish",2017,26,0,305,"2017",0,"Common Carp x Goldfish",4345,"High","Warm"
"7917","Common Carp x Goldfish",2017,28,1,305,"2017",0.00327868852459016,"Common Carp x Goldfish",4345,"High","Warm"
"7918","Common Carp x Goldfish",2017,15,13,305,"2017",0.0426229508196721,"Common Carp x Goldfish",4345,"High","Warm"
"7919","Common Carp x Goldfish",2017,23,6,305,"2017",0.019672131147541,"Common Carp x Goldfish",4345,"High","Warm"
"7920","Common Carp x Goldfish",2017,34,2,305,"2017",0.00655737704918033,"Common Carp x Goldfish",4345,"High","Warm"
"7921","Common Carp x Goldfish",2017,31,0,305,"2017",0,"Common Carp x Goldfish",4345,"High","Warm"
"7922","Common Carp x Goldfish",2017,35,2,305,"2017",0.00655737704918033,"Common Carp x Goldfish",4345,"High","Warm"
"7923","Common Carp x Goldfish",2018,21,37,290,"2018",0.127586206896552,"Common Carp x Goldfish",4345,"High","Warm"
"7924","Common Carp x Goldfish",2018,18,13,290,"2018",0.0448275862068966,"Common Carp x Goldfish",4345,"High","Warm"
"7925","Common Carp x Goldfish",2018,9,0,290,"2018",0,"Common Carp x Goldfish",4345,"High","Warm"
"7926","Common Carp x Goldfish",2018,23,1,290,"2018",0.00344827586206897,"Common Carp x Goldfish",4345,"High","Warm"
"7927","Common Carp x Goldfish",2018,12,0,290,"2018",0,"Common Carp x Goldfish",4345,"High","Warm"
"7928","Common Carp x Goldfish",2018,35,0,290,"2018",0,"Common Carp x Goldfish",4345,"High","Warm"
"7929","Common Carp x Goldfish",2018,13,0,290,"2018",0,"Common Carp x Goldfish",4345,"High","Warm"
"7930","Common Carp x Goldfish",2018,14,1,290,"2018",0.00344827586206897,"Common Carp x Goldfish",4345,"High","Warm"
"7931","Common Carp x Goldfish",2018,10,0,290,"2018",0,"Common Carp x Goldfish",4345,"High","Warm"
"7932","Common Carp x Goldfish",2018,16,3,290,"2018",0.0103448275862069,"Common Carp x Goldfish",4345,"High","Warm"
"7933","Common Carp x Goldfish",2018,24,2,290,"2018",0.00689655172413793,"Common Carp x Goldfish",4345,"High","Warm"
"7934","Common Carp x Goldfish",2018,22,17,290,"2018",0.0586206896551724,"Common Carp x Goldfish",4345,"High","Warm"
"7935","Common Carp x Goldfish",2018,26,1,290,"2018",0.00344827586206897,"Common Carp x Goldfish",4345,"High","Warm"
"7936","Common Carp x Goldfish",2018,29,1,290,"2018",0.00344827586206897,"Common Carp x Goldfish",4345,"High","Warm"
"7937","Common Carp x Goldfish",2018,25,6,290,"2018",0.0206896551724138,"Common Carp x Goldfish",4345,"High","Warm"
"7938","Common Carp x Goldfish",2018,30,0,290,"2018",0,"Common Carp x Goldfish",4345,"High","Warm"
"7939","Common Carp x Goldfish",2018,28,3,290,"2018",0.0103448275862069,"Common Carp x Goldfish",4345,"High","Warm"
"7940","Common Carp x Goldfish",2018,15,0,290,"2018",0,"Common Carp x Goldfish",4345,"High","Warm"
"7941","Common Carp x Goldfish",2018,27,2,290,"2018",0.00689655172413793,"Common Carp x Goldfish",4345,"High","Warm"
"7942","Common Carp x Goldfish",2018,20,79,290,"2018",0.272413793103448,"Common Carp x Goldfish",4345,"High","Warm"
"7943","Common Carp x Goldfish",2018,17,35,290,"2018",0.120689655172414,"Common Carp x Goldfish",4345,"High","Warm"
"7944","Common Carp x Goldfish",2018,19,80,290,"2018",0.275862068965517,"Common Carp x Goldfish",4345,"High","Warm"
"7945","Common Carp x Goldfish",2018,33,2,290,"2018",0.00689655172413793,"Common Carp x Goldfish",4345,"High","Warm"
"7946","Common Carp x Goldfish",2018,34,1,290,"2018",0.00344827586206897,"Common Carp x Goldfish",4345,"High","Warm"
"7947","Common Carp x Goldfish",2018,31,6,290,"2018",0.0206896551724138,"Common Carp x Goldfish",4345,"High","Warm"
"7948","Common Carp x Goldfish",2018,32,0,290,"2018",0,"Common Carp x Goldfish",4345,"High","Warm"
"7949","Common Carp x Goldfish",2019,22,203,1344,"2019",0.151041666666667,"Common Carp x Goldfish",4345,"High","Warm"
"7950","Common Carp x Goldfish",2019,26,10,1344,"2019",0.00744047619047619,"Common Carp x Goldfish",4345,"High","Warm"
"7951","Common Carp x Goldfish",2019,21,87,1344,"2019",0.0647321428571429,"Common Carp x Goldfish",4345,"High","Warm"
"7952","Common Carp x Goldfish",2019,25,19,1344,"2019",0.0141369047619048,"Common Carp x Goldfish",4345,"High","Warm"
"7953","Common Carp x Goldfish",2019,23,155,1344,"2019",0.115327380952381,"Common Carp x Goldfish",4345,"High","Warm"
"7954","Common Carp x Goldfish",2019,12,1,1344,"2019",0.000744047619047619,"Common Carp x Goldfish",4345,"High","Warm"
"7955","Common Carp x Goldfish",2019,29,4,1344,"2019",0.00297619047619048,"Common Carp x Goldfish",4345,"High","Warm"
"7956","Common Carp x Goldfish",2019,34,7,1344,"2019",0.00520833333333333,"Common Carp x Goldfish",4345,"High","Warm"
"7957","Common Carp x Goldfish",2019,27,4,1344,"2019",0.00297619047619048,"Common Carp x Goldfish",4345,"High","Warm"
"7958","Common Carp x Goldfish",2019,11,0,1344,"2019",0,"Common Carp x Goldfish",4345,"High","Warm"
"7959","Common Carp x Goldfish",2019,18,33,1344,"2019",0.0245535714285714,"Common Carp x Goldfish",4345,"High","Warm"
"7960","Common Carp x Goldfish",2019,28,1,1344,"2019",0.000744047619047619,"Common Carp x Goldfish",4345,"High","Warm"
"7961","Common Carp x Goldfish",2019,20,330,1344,"2019",0.245535714285714,"Common Carp x Goldfish",4345,"High","Warm"
"7962","Common Carp x Goldfish",2019,16,3,1344,"2019",0.00223214285714286,"Common Carp x Goldfish",4345,"High","Warm"
"7963","Common Carp x Goldfish",2019,24,43,1344,"2019",0.0319940476190476,"Common Carp x Goldfish",4345,"High","Warm"
"7964","Common Carp x Goldfish",2019,13,6,1344,"2019",0.00446428571428571,"Common Carp x Goldfish",4345,"High","Warm"
"7965","Common Carp x Goldfish",2019,30,2,1344,"2019",0.00148809523809524,"Common Carp x Goldfish",4345,"High","Warm"
"7966","Common Carp x Goldfish",2019,19,410,1344,"2019",0.305059523809524,"Common Carp x Goldfish",4345,"High","Warm"
"7967","Common Carp x Goldfish",2019,17,13,1344,"2019",0.00967261904761905,"Common Carp x Goldfish",4345,"High","Warm"
"7968","Common Carp x Goldfish",2019,33,5,1344,"2019",0.0037202380952381,"Common Carp x Goldfish",4345,"High","Warm"
"7969","Common Carp x Goldfish",2019,14,1,1344,"2019",0.000744047619047619,"Common Carp x Goldfish",4345,"High","Warm"
"7970","Common Carp x Goldfish",2019,35,0,1344,"2019",0,"Common Carp x Goldfish",4345,"High","Warm"
"7971","Common Carp x Goldfish",2019,31,3,1344,"2019",0.00223214285714286,"Common Carp x Goldfish",4345,"High","Warm"
"7972","Common Carp x Goldfish",2019,32,2,1344,"2019",0.00148809523809524,"Common Carp x Goldfish",4345,"High","Warm"
"7973","Common Carp x Goldfish",2019,15,2,1344,"2019",0.00148809523809524,"Common Carp x Goldfish",4345,"High","Warm"
"7974","Common Carp x Goldfish",2020,27,1,321,"2020",0.00311526479750779,"Common Carp x Goldfish",4345,"High","Warm"
"7975","Common Carp x Goldfish",2020,19,36,321,"2020",0.11214953271028,"Common Carp x Goldfish",4345,"High","Warm"
"7976","Common Carp x Goldfish",2020,20,61,321,"2020",0.190031152647975,"Common Carp x Goldfish",4345,"High","Warm"
"7977","Common Carp x Goldfish",2020,22,36,321,"2020",0.11214953271028,"Common Carp x Goldfish",4345,"High","Warm"
"7978","Common Carp x Goldfish",2020,34,2,321,"2020",0.00623052959501558,"Common Carp x Goldfish",4345,"High","Warm"
"7979","Common Carp x Goldfish",2020,15,3,321,"2020",0.00934579439252336,"Common Carp x Goldfish",4345,"High","Warm"
"7980","Common Carp x Goldfish",2020,17,0,321,"2020",0,"Common Carp x Goldfish",4345,"High","Warm"
"7981","Common Carp x Goldfish",2020,26,1,321,"2020",0.00311526479750779,"Common Carp x Goldfish",4345,"High","Warm"
"7982","Common Carp x Goldfish",2020,13,3,321,"2020",0.00934579439252336,"Common Carp x Goldfish",4345,"High","Warm"
"7983","Common Carp x Goldfish",2020,31,0,321,"2020",0,"Common Carp x Goldfish",4345,"High","Warm"
"7984","Common Carp x Goldfish",2020,18,69,321,"2020",0.214953271028037,"Common Carp x Goldfish",4345,"High","Warm"
"7985","Common Carp x Goldfish",2020,11,3,321,"2020",0.00934579439252336,"Common Carp x Goldfish",4345,"High","Warm"
"7986","Common Carp x Goldfish",2020,25,1,321,"2020",0.00311526479750779,"Common Carp x Goldfish",4345,"High","Warm"
"7987","Common Carp x Goldfish",2020,14,1,321,"2020",0.00311526479750779,"Common Carp x Goldfish",4345,"High","Warm"
"7988","Common Carp x Goldfish",2020,23,4,321,"2020",0.0124610591900312,"Common Carp x Goldfish",4345,"High","Warm"
"7989","Common Carp x Goldfish",2020,21,79,321,"2020",0.246105919003115,"Common Carp x Goldfish",4345,"High","Warm"
"7990","Common Carp x Goldfish",2020,12,0,321,"2020",0,"Common Carp x Goldfish",4345,"High","Warm"
"7991","Common Carp x Goldfish",2020,30,1,321,"2020",0.00311526479750779,"Common Carp x Goldfish",4345,"High","Warm"
"7992","Common Carp x Goldfish",2020,35,0,321,"2020",0,"Common Carp x Goldfish",4345,"High","Warm"
"7993","Common Carp x Goldfish",2020,16,0,321,"2020",0,"Common Carp x Goldfish",4345,"High","Warm"
"7994","Common Carp x Goldfish",2020,24,10,321,"2020",0.0311526479750779,"Common Carp x Goldfish",4345,"High","Warm"
"7995","Common Carp x Goldfish",2020,29,3,321,"2020",0.00934579439252336,"Common Carp x Goldfish",4345,"High","Warm"
"7996","Common Carp x Goldfish",2020,33,2,321,"2020",0.00623052959501558,"Common Carp x Goldfish",4345,"High","Warm"
"7997","Common Carp x Goldfish",2020,28,4,321,"2020",0.0124610591900312,"Common Carp x Goldfish",4345,"High","Warm"
"7998","Common Carp x Goldfish",2020,32,1,321,"2020",0.00311526479750779,"Common Carp x Goldfish",4345,"High","Warm"
"7999","Common Carp x Goldfish",2021,14,0,37,"2021",0,"Common Carp x Goldfish",4345,"High","Warm"
"8000","Common Carp x Goldfish",2021,20,2,37,"2021",0.0540540540540541,"Common Carp x Goldfish",4345,"High","Warm"
"8001","Common Carp x Goldfish",2021,19,1,37,"2021",0.027027027027027,"Common Carp x Goldfish",4345,"High","Warm"
"8002","Common Carp x Goldfish",2021,15,10,37,"2021",0.27027027027027,"Common Carp x Goldfish",4345,"High","Warm"
"8003","Common Carp x Goldfish",2021,23,2,37,"2021",0.0540540540540541,"Common Carp x Goldfish",4345,"High","Warm"
"8004","Common Carp x Goldfish",2021,16,0,37,"2021",0,"Common Carp x Goldfish",4345,"High","Warm"
"8005","Common Carp x Goldfish",2021,22,5,37,"2021",0.135135135135135,"Common Carp x Goldfish",4345,"High","Warm"
"8006","Common Carp x Goldfish",2021,18,1,37,"2021",0.027027027027027,"Common Carp x Goldfish",4345,"High","Warm"
"8007","Common Carp x Goldfish",2021,13,3,37,"2021",0.0810810810810811,"Common Carp x Goldfish",4345,"High","Warm"
"8008","Common Carp x Goldfish",2021,27,1,37,"2021",0.027027027027027,"Common Carp x Goldfish",4345,"High","Warm"
"8009","Common Carp x Goldfish",2021,21,2,37,"2021",0.0540540540540541,"Common Carp x Goldfish",4345,"High","Warm"
"8010","Common Carp x Goldfish",2021,30,0,37,"2021",0,"Common Carp x Goldfish",4345,"High","Warm"
"8011","Common Carp x Goldfish",2021,34,0,37,"2021",0,"Common Carp x Goldfish",4345,"High","Warm"
"8012","Common Carp x Goldfish",2021,26,2,37,"2021",0.0540540540540541,"Common Carp x Goldfish",4345,"High","Warm"
"8013","Common Carp x Goldfish",2021,24,2,37,"2021",0.0540540540540541,"Common Carp x Goldfish",4345,"High","Warm"
"8014","Common Carp x Goldfish",2021,33,0,37,"2021",0,"Common Carp x Goldfish",4345,"High","Warm"
"8015","Common Carp x Goldfish",2021,12,0,37,"2021",0,"Common Carp x Goldfish",4345,"High","Warm"
"8016","Common Carp x Goldfish",2021,25,0,37,"2021",0,"Common Carp x Goldfish",4345,"High","Warm"
"8017","Common Carp x Goldfish",2021,31,1,37,"2021",0.027027027027027,"Common Carp x Goldfish",4345,"High","Warm"
"8018","Common Carp x Goldfish",2021,11,2,37,"2021",0.0540540540540541,"Common Carp x Goldfish",4345,"High","Warm"
"8019","Common Carp x Goldfish",2021,17,0,37,"2021",0,"Common Carp x Goldfish",4345,"High","Warm"
"8020","Common Carp x Goldfish",2021,29,2,37,"2021",0.0540540540540541,"Common Carp x Goldfish",4345,"High","Warm"
"8021","Common Carp x Goldfish",2021,28,0,37,"2021",0,"Common Carp x Goldfish",4345,"High","Warm"
"8022","Common Carp x Goldfish",2021,32,1,37,"2021",0.027027027027027,"Common Carp x Goldfish",4345,"High","Warm"
"8023","Common Carp x Goldfish",2021,35,0,37,"2021",0,"Common Carp x Goldfish",4345,"High","Warm"
"8024","Common Carp x Goldfish",2022,17,3,86,"2022",0.0348837209302326,"Common Carp x Goldfish",4345,"High","Warm"
"8025","Common Carp x Goldfish",2022,26,1,86,"2022",0.0116279069767442,"Common Carp x Goldfish",4345,"High","Warm"
"8026","Common Carp x Goldfish",2022,28,1,86,"2022",0.0116279069767442,"Common Carp x Goldfish",4345,"High","Warm"
"8027","Common Carp x Goldfish",2022,25,5,86,"2022",0.0581395348837209,"Common Carp x Goldfish",4345,"High","Warm"
"8028","Common Carp x Goldfish",2022,27,0,86,"2022",0,"Common Carp x Goldfish",4345,"High","Warm"
"8029","Common Carp x Goldfish",2022,35,1,86,"2022",0.0116279069767442,"Common Carp x Goldfish",4345,"High","Warm"
"8030","Common Carp x Goldfish",2022,15,1,86,"2022",0.0116279069767442,"Common Carp x Goldfish",4345,"High","Warm"
"8031","Common Carp x Goldfish",2022,30,0,86,"2022",0,"Common Carp x Goldfish",4345,"High","Warm"
"8032","Common Carp x Goldfish",2022,31,1,86,"2022",0.0116279069767442,"Common Carp x Goldfish",4345,"High","Warm"
"8033","Common Carp x Goldfish",2022,13,0,86,"2022",0,"Common Carp x Goldfish",4345,"High","Warm"
"8034","Common Carp x Goldfish",2022,32,0,86,"2022",0,"Common Carp x Goldfish",4345,"High","Warm"
"8035","Common Carp x Goldfish",2022,16,0,86,"2022",0,"Common Carp x Goldfish",4345,"High","Warm"
"8036","Common Carp x Goldfish",2022,20,4,86,"2022",0.0465116279069767,"Common Carp x Goldfish",4345,"High","Warm"
"8037","Common Carp x Goldfish",2022,34,8,86,"2022",0.0930232558139535,"Common Carp x Goldfish",4345,"High","Warm"
"8038","Common Carp x Goldfish",2022,14,0,86,"2022",0,"Common Carp x Goldfish",4345,"High","Warm"
"8039","Common Carp x Goldfish",2022,29,0,86,"2022",0,"Common Carp x Goldfish",4345,"High","Warm"
"8040","Common Carp x Goldfish",2022,33,2,86,"2022",0.0232558139534884,"Common Carp x Goldfish",4345,"High","Warm"
"8041","Common Carp x Goldfish",2022,12,2,86,"2022",0.0232558139534884,"Common Carp x Goldfish",4345,"High","Warm"
"8042","Common Carp x Goldfish",2022,21,5,86,"2022",0.0581395348837209,"Common Carp x Goldfish",4345,"High","Warm"
"8043","Common Carp x Goldfish",2022,19,23,86,"2022",0.267441860465116,"Common Carp x Goldfish",4345,"High","Warm"
"8044","Common Carp x Goldfish",2022,23,12,86,"2022",0.13953488372093,"Common Carp x Goldfish",4345,"High","Warm"
"8045","Common Carp x Goldfish",2022,24,2,86,"2022",0.0232558139534884,"Common Carp x Goldfish",4345,"High","Warm"
"8046","Common Carp x Goldfish",2022,18,11,86,"2022",0.127906976744186,"Common Carp x Goldfish",4345,"High","Warm"
"8047","Common Carp x Goldfish",2022,22,4,86,"2022",0.0465116279069767,"Common Carp x Goldfish",4345,"High","Warm"
"8048","Freshwater Drum",1997,20,9,950,"1997",0.00947368421052632,"Freshwater Drum",14394,"High","Warm"
"8049","Freshwater Drum",1997,14,0,950,"1997",0,"Freshwater Drum",14394,"High","Warm"
"8050","Freshwater Drum",1997,24,26,950,"1997",0.0273684210526316,"Freshwater Drum",14394,"High","Warm"
"8051","Freshwater Drum",1997,32,70,950,"1997",0.0736842105263158,"Freshwater Drum",14394,"High","Warm"
"8052","Freshwater Drum",1997,30,77,950,"1997",0.0810526315789474,"Freshwater Drum",14394,"High","Warm"
"8053","Freshwater Drum",1997,19,22,950,"1997",0.0231578947368421,"Freshwater Drum",14394,"High","Warm"
"8054","Freshwater Drum",1997,35,8,950,"1997",0.00842105263157895,"Freshwater Drum",14394,"High","Warm"
"8055","Freshwater Drum",1997,21,7,950,"1997",0.00736842105263158,"Freshwater Drum",14394,"High","Warm"
"8056","Freshwater Drum",1997,17,0,950,"1997",0,"Freshwater Drum",14394,"High","Warm"
"8057","Freshwater Drum",1997,31,27,950,"1997",0.0284210526315789,"Freshwater Drum",14394,"High","Warm"
"8058","Freshwater Drum",1997,34,54,950,"1997",0.0568421052631579,"Freshwater Drum",14394,"High","Warm"
"8059","Freshwater Drum",1997,28,22,950,"1997",0.0231578947368421,"Freshwater Drum",14394,"High","Warm"
"8060","Freshwater Drum",1997,29,14,950,"1997",0.0147368421052632,"Freshwater Drum",14394,"High","Warm"
"8061","Freshwater Drum",1997,18,31,950,"1997",0.0326315789473684,"Freshwater Drum",14394,"High","Warm"
"8062","Freshwater Drum",1997,22,9,950,"1997",0.00947368421052632,"Freshwater Drum",14394,"High","Warm"
"8063","Freshwater Drum",1997,27,9,950,"1997",0.00947368421052632,"Freshwater Drum",14394,"High","Warm"
"8064","Freshwater Drum",1997,15,0,950,"1997",0,"Freshwater Drum",14394,"High","Warm"
"8065","Freshwater Drum",1997,25,243,950,"1997",0.255789473684211,"Freshwater Drum",14394,"High","Warm"
"8066","Freshwater Drum",1997,26,64,950,"1997",0.0673684210526316,"Freshwater Drum",14394,"High","Warm"
"8067","Freshwater Drum",1997,12,0,950,"1997",0,"Freshwater Drum",14394,"High","Warm"
"8068","Freshwater Drum",1997,13,0,950,"1997",0,"Freshwater Drum",14394,"High","Warm"
"8069","Freshwater Drum",1997,16,1,950,"1997",0.00105263157894737,"Freshwater Drum",14394,"High","Warm"
"8070","Freshwater Drum",1997,33,147,950,"1997",0.154736842105263,"Freshwater Drum",14394,"High","Warm"
"8071","Freshwater Drum",1997,23,110,950,"1997",0.115789473684211,"Freshwater Drum",14394,"High","Warm"
"8072","Freshwater Drum",1998,13,0,1489,"1998",0,"Freshwater Drum",14394,"High","Warm"
"8073","Freshwater Drum",1998,35,5,1489,"1998",0.00335795836131632,"Freshwater Drum",14394,"High","Warm"
"8074","Freshwater Drum",1998,33,31,1489,"1998",0.0208193418401612,"Freshwater Drum",14394,"High","Warm"
"8075","Freshwater Drum",1998,16,4,1489,"1998",0.00268636668905306,"Freshwater Drum",14394,"High","Warm"
"8076","Freshwater Drum",1998,17,13,1489,"1998",0.00873069173942243,"Freshwater Drum",14394,"High","Warm"
"8077","Freshwater Drum",1998,12,0,1489,"1998",0,"Freshwater Drum",14394,"High","Warm"
"8078","Freshwater Drum",1998,18,46,1489,"1998",0.0308932169241101,"Freshwater Drum",14394,"High","Warm"
"8079","Freshwater Drum",1998,34,13,1489,"1998",0.00873069173942243,"Freshwater Drum",14394,"High","Warm"
"8080","Freshwater Drum",1998,10,0,1489,"1998",0,"Freshwater Drum",14394,"High","Warm"
"8081","Freshwater Drum",1998,26,39,1489,"1998",0.0261920752182673,"Freshwater Drum",14394,"High","Warm"
"8082","Freshwater Drum",1998,15,0,1489,"1998",0,"Freshwater Drum",14394,"High","Warm"
"8083","Freshwater Drum",1998,19,66,1489,"1998",0.0443250503693754,"Freshwater Drum",14394,"High","Warm"
"8084","Freshwater Drum",1998,24,177,1489,"1998",0.118871725990598,"Freshwater Drum",14394,"High","Warm"
"8085","Freshwater Drum",1998,25,107,1489,"1998",0.0718603089321692,"Freshwater Drum",14394,"High","Warm"
"8086","Freshwater Drum",1998,30,16,1489,"1998",0.0107454667562122,"Freshwater Drum",14394,"High","Warm"
"8087","Freshwater Drum",1998,23,79,1489,"1998",0.0530557421087978,"Freshwater Drum",14394,"High","Warm"
"8088","Freshwater Drum",1998,32,45,1489,"1998",0.0302216252518469,"Freshwater Drum",14394,"High","Warm"
"8089","Freshwater Drum",1998,28,25,1489,"1998",0.0167897918065816,"Freshwater Drum",14394,"High","Warm"
"8090","Freshwater Drum",1998,14,1,1489,"1998",0.000671591672263264,"Freshwater Drum",14394,"High","Warm"
"8091","Freshwater Drum",1998,31,50,1489,"1998",0.0335795836131632,"Freshwater Drum",14394,"High","Warm"
"8092","Freshwater Drum",1998,27,131,1489,"1998",0.0879785090664876,"Freshwater Drum",14394,"High","Warm"
"8093","Freshwater Drum",1998,21,315,1489,"1998",0.211551376762928,"Freshwater Drum",14394,"High","Warm"
"8094","Freshwater Drum",1998,20,151,1489,"1998",0.101410342511753,"Freshwater Drum",14394,"High","Warm"
"8095","Freshwater Drum",1998,22,156,1489,"1998",0.104768300873069,"Freshwater Drum",14394,"High","Warm"
"8096","Freshwater Drum",1998,29,19,1489,"1998",0.012760241773002,"Freshwater Drum",14394,"High","Warm"
"8097","Freshwater Drum",2000,33,17,1140,"2000",0.0149122807017544,"Freshwater Drum",14394,"High","Warm"
"8098","Freshwater Drum",2000,21,32,1140,"2000",0.0280701754385965,"Freshwater Drum",14394,"High","Warm"
"8099","Freshwater Drum",2000,9,0,1140,"2000",0,"Freshwater Drum",14394,"High","Warm"
"8100","Freshwater Drum",2000,13,1,1140,"2000",0.00087719298245614,"Freshwater Drum",14394,"High","Warm"
"8101","Freshwater Drum",2000,12,0,1140,"2000",0,"Freshwater Drum",14394,"High","Warm"
"8102","Freshwater Drum",2000,27,160,1140,"2000",0.140350877192982,"Freshwater Drum",14394,"High","Warm"
"8103","Freshwater Drum",2000,34,59,1140,"2000",0.0517543859649123,"Freshwater Drum",14394,"High","Warm"
"8104","Freshwater Drum",2000,11,0,1140,"2000",0,"Freshwater Drum",14394,"High","Warm"
"8105","Freshwater Drum",2000,35,50,1140,"2000",0.043859649122807,"Freshwater Drum",14394,"High","Warm"
"8106","Freshwater Drum",2000,10,0,1140,"2000",0,"Freshwater Drum",14394,"High","Warm"
"8107","Freshwater Drum",2000,31,33,1140,"2000",0.0289473684210526,"Freshwater Drum",14394,"High","Warm"
"8108","Freshwater Drum",2000,32,35,1140,"2000",0.0307017543859649,"Freshwater Drum",14394,"High","Warm"
"8109","Freshwater Drum",2000,23,158,1140,"2000",0.13859649122807,"Freshwater Drum",14394,"High","Warm"
"8110","Freshwater Drum",2000,26,52,1140,"2000",0.0456140350877193,"Freshwater Drum",14394,"High","Warm"
"8111","Freshwater Drum",2000,16,2,1140,"2000",0.00175438596491228,"Freshwater Drum",14394,"High","Warm"
"8112","Freshwater Drum",2000,22,82,1140,"2000",0.0719298245614035,"Freshwater Drum",14394,"High","Warm"
"8113","Freshwater Drum",2000,30,27,1140,"2000",0.0236842105263158,"Freshwater Drum",14394,"High","Warm"
"8114","Freshwater Drum",2000,24,124,1140,"2000",0.108771929824561,"Freshwater Drum",14394,"High","Warm"
"8115","Freshwater Drum",2000,28,105,1140,"2000",0.0921052631578947,"Freshwater Drum",14394,"High","Warm"
"8116","Freshwater Drum",2000,19,44,1140,"2000",0.0385964912280702,"Freshwater Drum",14394,"High","Warm"
"8117","Freshwater Drum",2000,25,35,1140,"2000",0.0307017543859649,"Freshwater Drum",14394,"High","Warm"
"8118","Freshwater Drum",2000,15,1,1140,"2000",0.00087719298245614,"Freshwater Drum",14394,"High","Warm"
"8119","Freshwater Drum",2000,20,34,1140,"2000",0.0298245614035088,"Freshwater Drum",14394,"High","Warm"
"8120","Freshwater Drum",2000,17,3,1140,"2000",0.00263157894736842,"Freshwater Drum",14394,"High","Warm"
"8121","Freshwater Drum",2000,18,23,1140,"2000",0.0201754385964912,"Freshwater Drum",14394,"High","Warm"
"8122","Freshwater Drum",2000,29,62,1140,"2000",0.0543859649122807,"Freshwater Drum",14394,"High","Warm"
"8123","Freshwater Drum",2000,14,1,1140,"2000",0.00087719298245614,"Freshwater Drum",14394,"High","Warm"
"8124","Freshwater Drum",2001,13,0,1633,"2001",0,"Freshwater Drum",14394,"High","Warm"
"8125","Freshwater Drum",2001,23,23,1633,"2001",0.0140845070422535,"Freshwater Drum",14394,"High","Warm"
"8126","Freshwater Drum",2001,15,0,1633,"2001",0,"Freshwater Drum",14394,"High","Warm"
"8127","Freshwater Drum",2001,11,0,1633,"2001",0,"Freshwater Drum",14394,"High","Warm"
"8128","Freshwater Drum",2001,20,129,1633,"2001",0.0789957134109002,"Freshwater Drum",14394,"High","Warm"
"8129","Freshwater Drum",2001,14,0,1633,"2001",0,"Freshwater Drum",14394,"High","Warm"
"8130","Freshwater Drum",2001,26,119,1633,"2001",0.0728720146968769,"Freshwater Drum",14394,"High","Warm"
"8131","Freshwater Drum",2001,22,63,1633,"2001",0.0385793018983466,"Freshwater Drum",14394,"High","Warm"
"8132","Freshwater Drum",2001,17,12,1633,"2001",0.00734843845682792,"Freshwater Drum",14394,"High","Warm"
"8133","Freshwater Drum",2001,21,12,1633,"2001",0.00734843845682792,"Freshwater Drum",14394,"High","Warm"
"8134","Freshwater Drum",2001,33,151,1633,"2001",0.0924678505817514,"Freshwater Drum",14394,"High","Warm"
"8135","Freshwater Drum",2001,19,20,1633,"2001",0.0122473974280465,"Freshwater Drum",14394,"High","Warm"
"8136","Freshwater Drum",2001,16,1,1633,"2001",0.000612369871402327,"Freshwater Drum",14394,"High","Warm"
"8137","Freshwater Drum",2001,32,49,1633,"2001",0.030006123698714,"Freshwater Drum",14394,"High","Warm"
"8138","Freshwater Drum",2001,18,28,1633,"2001",0.0171463563992652,"Freshwater Drum",14394,"High","Warm"
"8139","Freshwater Drum",2001,27,26,1633,"2001",0.0159216166564605,"Freshwater Drum",14394,"High","Warm"
"8140","Freshwater Drum",2001,31,89,1633,"2001",0.0545009185548071,"Freshwater Drum",14394,"High","Warm"
"8141","Freshwater Drum",2001,24,292,1633,"2001",0.178812002449479,"Freshwater Drum",14394,"High","Warm"
"8142","Freshwater Drum",2001,30,71,1633,"2001",0.0434782608695652,"Freshwater Drum",14394,"High","Warm"
"8143","Freshwater Drum",2001,35,82,1633,"2001",0.0502143294549908,"Freshwater Drum",14394,"High","Warm"
"8144","Freshwater Drum",2001,34,121,1633,"2001",0.0740967544396816,"Freshwater Drum",14394,"High","Warm"
"8145","Freshwater Drum",2001,12,0,1633,"2001",0,"Freshwater Drum",14394,"High","Warm"
"8146","Freshwater Drum",2001,29,118,1633,"2001",0.0722596448254746,"Freshwater Drum",14394,"High","Warm"
"8147","Freshwater Drum",2001,25,120,1633,"2001",0.0734843845682792,"Freshwater Drum",14394,"High","Warm"
"8148","Freshwater Drum",2001,28,107,1633,"2001",0.065523576240049,"Freshwater Drum",14394,"High","Warm"
"8149","Freshwater Drum",2002,16,6,1320,"2002",0.00454545454545455,"Freshwater Drum",14394,"High","Warm"
"8150","Freshwater Drum",2002,18,3,1320,"2002",0.00227272727272727,"Freshwater Drum",14394,"High","Warm"
"8151","Freshwater Drum",2002,20,11,1320,"2002",0.00833333333333333,"Freshwater Drum",14394,"High","Warm"
"8152","Freshwater Drum",2002,24,157,1320,"2002",0.118939393939394,"Freshwater Drum",14394,"High","Warm"
"8153","Freshwater Drum",2002,23,104,1320,"2002",0.0787878787878788,"Freshwater Drum",14394,"High","Warm"
"8154","Freshwater Drum",2002,10,0,1320,"2002",0,"Freshwater Drum",14394,"High","Warm"
"8155","Freshwater Drum",2002,21,26,1320,"2002",0.0196969696969697,"Freshwater Drum",14394,"High","Warm"
"8156","Freshwater Drum",2002,31,12,1320,"2002",0.00909090909090909,"Freshwater Drum",14394,"High","Warm"
"8157","Freshwater Drum",2002,22,56,1320,"2002",0.0424242424242424,"Freshwater Drum",14394,"High","Warm"
"8158","Freshwater Drum",2002,14,0,1320,"2002",0,"Freshwater Drum",14394,"High","Warm"
"8159","Freshwater Drum",2002,29,119,1320,"2002",0.0901515151515151,"Freshwater Drum",14394,"High","Warm"
"8160","Freshwater Drum",2002,19,51,1320,"2002",0.0386363636363636,"Freshwater Drum",14394,"High","Warm"
"8161","Freshwater Drum",2002,17,8,1320,"2002",0.00606060606060606,"Freshwater Drum",14394,"High","Warm"
"8162","Freshwater Drum",2002,12,0,1320,"2002",0,"Freshwater Drum",14394,"High","Warm"
"8163","Freshwater Drum",2002,26,45,1320,"2002",0.0340909090909091,"Freshwater Drum",14394,"High","Warm"
"8164","Freshwater Drum",2002,30,215,1320,"2002",0.162878787878788,"Freshwater Drum",14394,"High","Warm"
"8165","Freshwater Drum",2002,35,35,1320,"2002",0.0265151515151515,"Freshwater Drum",14394,"High","Warm"
"8166","Freshwater Drum",2002,25,104,1320,"2002",0.0787878787878788,"Freshwater Drum",14394,"High","Warm"
"8167","Freshwater Drum",2002,27,61,1320,"2002",0.0462121212121212,"Freshwater Drum",14394,"High","Warm"
"8168","Freshwater Drum",2002,28,77,1320,"2002",0.0583333333333333,"Freshwater Drum",14394,"High","Warm"
"8169","Freshwater Drum",2002,11,0,1320,"2002",0,"Freshwater Drum",14394,"High","Warm"
"8170","Freshwater Drum",2002,15,0,1320,"2002",0,"Freshwater Drum",14394,"High","Warm"
"8171","Freshwater Drum",2002,32,118,1320,"2002",0.0893939393939394,"Freshwater Drum",14394,"High","Warm"
"8172","Freshwater Drum",2002,13,0,1320,"2002",0,"Freshwater Drum",14394,"High","Warm"
"8173","Freshwater Drum",2002,34,104,1320,"2002",0.0787878787878788,"Freshwater Drum",14394,"High","Warm"
"8174","Freshwater Drum",2002,33,8,1320,"2002",0.00606060606060606,"Freshwater Drum",14394,"High","Warm"
"8175","Freshwater Drum",2003,13,0,1478,"2003",0,"Freshwater Drum",14394,"High","Warm"
"8176","Freshwater Drum",2003,12,0,1478,"2003",0,"Freshwater Drum",14394,"High","Warm"
"8177","Freshwater Drum",2003,22,61,1478,"2003",0.0412719891745602,"Freshwater Drum",14394,"High","Warm"
"8178","Freshwater Drum",2003,26,43,1478,"2003",0.0290933694181326,"Freshwater Drum",14394,"High","Warm"
"8179","Freshwater Drum",2003,33,96,1478,"2003",0.0649526387009472,"Freshwater Drum",14394,"High","Warm"
"8180","Freshwater Drum",2003,21,12,1478,"2003",0.0081190798376184,"Freshwater Drum",14394,"High","Warm"
"8181","Freshwater Drum",2003,16,0,1478,"2003",0,"Freshwater Drum",14394,"High","Warm"
"8182","Freshwater Drum",2003,19,1,1478,"2003",0.0006765899864682,"Freshwater Drum",14394,"High","Warm"
"8183","Freshwater Drum",2003,27,94,1478,"2003",0.0635994587280108,"Freshwater Drum",14394,"High","Warm"
"8184","Freshwater Drum",2003,34,71,1478,"2003",0.0480378890392422,"Freshwater Drum",14394,"High","Warm"
"8185","Freshwater Drum",2003,32,103,1478,"2003",0.0696887686062246,"Freshwater Drum",14394,"High","Warm"
"8186","Freshwater Drum",2003,14,0,1478,"2003",0,"Freshwater Drum",14394,"High","Warm"
"8187","Freshwater Drum",2003,23,55,1478,"2003",0.037212449255751,"Freshwater Drum",14394,"High","Warm"
"8188","Freshwater Drum",2003,15,0,1478,"2003",0,"Freshwater Drum",14394,"High","Warm"
"8189","Freshwater Drum",2003,18,15,1478,"2003",0.010148849797023,"Freshwater Drum",14394,"High","Warm"
"8190","Freshwater Drum",2003,29,158,1478,"2003",0.106901217861976,"Freshwater Drum",14394,"High","Warm"
"8191","Freshwater Drum",2003,30,153,1478,"2003",0.103518267929635,"Freshwater Drum",14394,"High","Warm"
"8192","Freshwater Drum",2003,25,139,1478,"2003",0.0940460081190798,"Freshwater Drum",14394,"High","Warm"
"8193","Freshwater Drum",2003,20,13,1478,"2003",0.0087956698240866,"Freshwater Drum",14394,"High","Warm"
"8194","Freshwater Drum",2003,17,1,1478,"2003",0.0006765899864682,"Freshwater Drum",14394,"High","Warm"
"8195","Freshwater Drum",2003,31,170,1478,"2003",0.115020297699594,"Freshwater Drum",14394,"High","Warm"
"8196","Freshwater Drum",2003,28,114,1478,"2003",0.0771312584573748,"Freshwater Drum",14394,"High","Warm"
"8197","Freshwater Drum",2003,24,141,1478,"2003",0.0953991880920162,"Freshwater Drum",14394,"High","Warm"
"8198","Freshwater Drum",2003,35,38,1478,"2003",0.0257104194857916,"Freshwater Drum",14394,"High","Warm"
"8199","Freshwater Drum",2004,13,0,1314,"2004",0,"Freshwater Drum",14394,"High","Warm"
"8200","Freshwater Drum",2004,18,16,1314,"2004",0.0121765601217656,"Freshwater Drum",14394,"High","Warm"
"8201","Freshwater Drum",2004,14,0,1314,"2004",0,"Freshwater Drum",14394,"High","Warm"
"8202","Freshwater Drum",2004,23,121,1314,"2004",0.0920852359208524,"Freshwater Drum",14394,"High","Warm"
"8203","Freshwater Drum",2004,25,101,1314,"2004",0.0768645357686454,"Freshwater Drum",14394,"High","Warm"
"8204","Freshwater Drum",2004,16,2,1314,"2004",0.0015220700152207,"Freshwater Drum",14394,"High","Warm"
"8205","Freshwater Drum",2004,20,37,1314,"2004",0.028158295281583,"Freshwater Drum",14394,"High","Warm"
"8206","Freshwater Drum",2004,15,0,1314,"2004",0,"Freshwater Drum",14394,"High","Warm"
"8207","Freshwater Drum",2004,22,32,1314,"2004",0.0243531202435312,"Freshwater Drum",14394,"High","Warm"
"8208","Freshwater Drum",2004,30,177,1314,"2004",0.134703196347032,"Freshwater Drum",14394,"High","Warm"
"8209","Freshwater Drum",2004,34,6,1314,"2004",0.0045662100456621,"Freshwater Drum",14394,"High","Warm"
"8210","Freshwater Drum",2004,19,9,1314,"2004",0.00684931506849315,"Freshwater Drum",14394,"High","Warm"
"8211","Freshwater Drum",2004,12,0,1314,"2004",0,"Freshwater Drum",14394,"High","Warm"
"8212","Freshwater Drum",2004,24,244,1314,"2004",0.185692541856925,"Freshwater Drum",14394,"High","Warm"
"8213","Freshwater Drum",2004,31,44,1314,"2004",0.0334855403348554,"Freshwater Drum",14394,"High","Warm"
"8214","Freshwater Drum",2004,17,1,1314,"2004",0.00076103500761035,"Freshwater Drum",14394,"High","Warm"
"8215","Freshwater Drum",2004,35,13,1314,"2004",0.00989345509893455,"Freshwater Drum",14394,"High","Warm"
"8216","Freshwater Drum",2004,26,169,1314,"2004",0.128614916286149,"Freshwater Drum",14394,"High","Warm"
"8217","Freshwater Drum",2004,29,58,1314,"2004",0.0441400304414003,"Freshwater Drum",14394,"High","Warm"
"8218","Freshwater Drum",2004,33,8,1314,"2004",0.0060882800608828,"Freshwater Drum",14394,"High","Warm"
"8219","Freshwater Drum",2004,32,76,1314,"2004",0.0578386605783866,"Freshwater Drum",14394,"High","Warm"
"8220","Freshwater Drum",2004,28,114,1314,"2004",0.0867579908675799,"Freshwater Drum",14394,"High","Warm"
"8221","Freshwater Drum",2004,27,54,1314,"2004",0.0410958904109589,"Freshwater Drum",14394,"High","Warm"
"8222","Freshwater Drum",2004,21,32,1314,"2004",0.0243531202435312,"Freshwater Drum",14394,"High","Warm"
"8223","Freshwater Drum",2005,17,8,779,"2005",0.0102695763799743,"Freshwater Drum",14394,"High","Warm"
"8224","Freshwater Drum",2005,27,20,779,"2005",0.0256739409499358,"Freshwater Drum",14394,"High","Warm"
"8225","Freshwater Drum",2005,16,21,779,"2005",0.0269576379974326,"Freshwater Drum",14394,"High","Warm"
"8226","Freshwater Drum",2005,28,32,779,"2005",0.0410783055198973,"Freshwater Drum",14394,"High","Warm"
"8227","Freshwater Drum",2005,12,0,779,"2005",0,"Freshwater Drum",14394,"High","Warm"
"8228","Freshwater Drum",2005,23,166,779,"2005",0.213093709884467,"Freshwater Drum",14394,"High","Warm"
"8229","Freshwater Drum",2005,22,85,779,"2005",0.109114249037227,"Freshwater Drum",14394,"High","Warm"
"8230","Freshwater Drum",2005,15,0,779,"2005",0,"Freshwater Drum",14394,"High","Warm"
"8231","Freshwater Drum",2005,29,18,779,"2005",0.0231065468549422,"Freshwater Drum",14394,"High","Warm"
"8232","Freshwater Drum",2005,30,14,779,"2005",0.0179717586649551,"Freshwater Drum",14394,"High","Warm"
"8233","Freshwater Drum",2005,25,72,779,"2005",0.0924261874197689,"Freshwater Drum",14394,"High","Warm"
"8234","Freshwater Drum",2005,19,35,779,"2005",0.0449293966623877,"Freshwater Drum",14394,"High","Warm"
"8235","Freshwater Drum",2005,24,18,779,"2005",0.0231065468549422,"Freshwater Drum",14394,"High","Warm"
"8236","Freshwater Drum",2005,14,0,779,"2005",0,"Freshwater Drum",14394,"High","Warm"
"8237","Freshwater Drum",2005,34,57,779,"2005",0.0731707317073171,"Freshwater Drum",14394,"High","Warm"
"8238","Freshwater Drum",2005,26,89,779,"2005",0.114249037227214,"Freshwater Drum",14394,"High","Warm"
"8239","Freshwater Drum",2005,35,18,779,"2005",0.0231065468549422,"Freshwater Drum",14394,"High","Warm"
"8240","Freshwater Drum",2005,13,1,779,"2005",0.00128369704749679,"Freshwater Drum",14394,"High","Warm"
"8241","Freshwater Drum",2005,32,23,779,"2005",0.0295250320924262,"Freshwater Drum",14394,"High","Warm"
"8242","Freshwater Drum",2005,18,10,779,"2005",0.0128369704749679,"Freshwater Drum",14394,"High","Warm"
"8243","Freshwater Drum",2005,20,31,779,"2005",0.0397946084724005,"Freshwater Drum",14394,"High","Warm"
"8244","Freshwater Drum",2005,31,6,779,"2005",0.00770218228498074,"Freshwater Drum",14394,"High","Warm"
"8245","Freshwater Drum",2005,21,26,779,"2005",0.0333761232349166,"Freshwater Drum",14394,"High","Warm"
"8246","Freshwater Drum",2005,33,29,779,"2005",0.0372272143774069,"Freshwater Drum",14394,"High","Warm"
"8247","Freshwater Drum",2006,24,60,680,"2006",0.0882352941176471,"Freshwater Drum",14394,"High","Warm"
"8248","Freshwater Drum",2006,17,14,680,"2006",0.0205882352941176,"Freshwater Drum",14394,"High","Warm"
"8249","Freshwater Drum",2006,23,42,680,"2006",0.0617647058823529,"Freshwater Drum",14394,"High","Warm"
"8250","Freshwater Drum",2006,29,30,680,"2006",0.0441176470588235,"Freshwater Drum",14394,"High","Warm"
"8251","Freshwater Drum",2006,19,13,680,"2006",0.0191176470588235,"Freshwater Drum",14394,"High","Warm"
"8252","Freshwater Drum",2006,22,55,680,"2006",0.0808823529411765,"Freshwater Drum",14394,"High","Warm"
"8253","Freshwater Drum",2006,28,71,680,"2006",0.104411764705882,"Freshwater Drum",14394,"High","Warm"
"8254","Freshwater Drum",2006,14,0,680,"2006",0,"Freshwater Drum",14394,"High","Warm"
"8255","Freshwater Drum",2006,13,0,680,"2006",0,"Freshwater Drum",14394,"High","Warm"
"8256","Freshwater Drum",2006,25,103,680,"2006",0.151470588235294,"Freshwater Drum",14394,"High","Warm"
"8257","Freshwater Drum",2006,27,55,680,"2006",0.0808823529411765,"Freshwater Drum",14394,"High","Warm"
"8258","Freshwater Drum",2006,12,0,680,"2006",0,"Freshwater Drum",14394,"High","Warm"
"8259","Freshwater Drum",2006,15,3,680,"2006",0.00441176470588235,"Freshwater Drum",14394,"High","Warm"
"8260","Freshwater Drum",2006,20,11,680,"2006",0.0161764705882353,"Freshwater Drum",14394,"High","Warm"
"8261","Freshwater Drum",2006,33,6,680,"2006",0.00882352941176471,"Freshwater Drum",14394,"High","Warm"
"8262","Freshwater Drum",2006,26,75,680,"2006",0.110294117647059,"Freshwater Drum",14394,"High","Warm"
"8263","Freshwater Drum",2006,30,24,680,"2006",0.0352941176470588,"Freshwater Drum",14394,"High","Warm"
"8264","Freshwater Drum",2006,16,2,680,"2006",0.00294117647058824,"Freshwater Drum",14394,"High","Warm"
"8265","Freshwater Drum",2006,32,23,680,"2006",0.0338235294117647,"Freshwater Drum",14394,"High","Warm"
"8266","Freshwater Drum",2006,11,0,680,"2006",0,"Freshwater Drum",14394,"High","Warm"
"8267","Freshwater Drum",2006,21,50,680,"2006",0.0735294117647059,"Freshwater Drum",14394,"High","Warm"
"8268","Freshwater Drum",2006,31,31,680,"2006",0.0455882352941176,"Freshwater Drum",14394,"High","Warm"
"8269","Freshwater Drum",2006,35,0,680,"2006",0,"Freshwater Drum",14394,"High","Warm"
"8270","Freshwater Drum",2006,18,11,680,"2006",0.0161764705882353,"Freshwater Drum",14394,"High","Warm"
"8271","Freshwater Drum",2006,34,1,680,"2006",0.00147058823529412,"Freshwater Drum",14394,"High","Warm"
"8272","Freshwater Drum",2007,20,45,661,"2007",0.0680786686838124,"Freshwater Drum",14394,"High","Warm"
"8273","Freshwater Drum",2007,26,59,661,"2007",0.0892586989409985,"Freshwater Drum",14394,"High","Warm"
"8274","Freshwater Drum",2007,12,0,661,"2007",0,"Freshwater Drum",14394,"High","Warm"
"8275","Freshwater Drum",2007,13,0,661,"2007",0,"Freshwater Drum",14394,"High","Warm"
"8276","Freshwater Drum",2007,25,31,661,"2007",0.0468986384266263,"Freshwater Drum",14394,"High","Warm"
"8277","Freshwater Drum",2007,29,11,661,"2007",0.0166414523449319,"Freshwater Drum",14394,"High","Warm"
"8278","Freshwater Drum",2007,14,0,661,"2007",0,"Freshwater Drum",14394,"High","Warm"
"8279","Freshwater Drum",2007,19,27,661,"2007",0.0408472012102874,"Freshwater Drum",14394,"High","Warm"
"8280","Freshwater Drum",2007,16,0,661,"2007",0,"Freshwater Drum",14394,"High","Warm"
"8281","Freshwater Drum",2007,28,11,661,"2007",0.0166414523449319,"Freshwater Drum",14394,"High","Warm"
"8282","Freshwater Drum",2007,30,21,661,"2007",0.0317700453857791,"Freshwater Drum",14394,"High","Warm"
"8283","Freshwater Drum",2007,22,96,661,"2007",0.145234493192133,"Freshwater Drum",14394,"High","Warm"
"8284","Freshwater Drum",2007,21,14,661,"2007",0.0211800302571861,"Freshwater Drum",14394,"High","Warm"
"8285","Freshwater Drum",2007,17,2,661,"2007",0.00302571860816944,"Freshwater Drum",14394,"High","Warm"
"8286","Freshwater Drum",2007,33,11,661,"2007",0.0166414523449319,"Freshwater Drum",14394,"High","Warm"
"8287","Freshwater Drum",2007,27,76,661,"2007",0.114977307110439,"Freshwater Drum",14394,"High","Warm"
"8288","Freshwater Drum",2007,15,0,661,"2007",0,"Freshwater Drum",14394,"High","Warm"
"8289","Freshwater Drum",2007,32,73,661,"2007",0.110438729198185,"Freshwater Drum",14394,"High","Warm"
"8290","Freshwater Drum",2007,34,6,661,"2007",0.00907715582450832,"Freshwater Drum",14394,"High","Warm"
"8291","Freshwater Drum",2007,35,1,661,"2007",0.00151285930408472,"Freshwater Drum",14394,"High","Warm"
"8292","Freshwater Drum",2007,23,73,661,"2007",0.110438729198185,"Freshwater Drum",14394,"High","Warm"
"8293","Freshwater Drum",2007,18,19,661,"2007",0.0287443267776097,"Freshwater Drum",14394,"High","Warm"
"8294","Freshwater Drum",2007,31,13,661,"2007",0.0196671709531014,"Freshwater Drum",14394,"High","Warm"
"8295","Freshwater Drum",2007,24,72,661,"2007",0.1089258698941,"Freshwater Drum",14394,"High","Warm"
"8296","Freshwater Drum",2008,15,0,837,"2008",0,"Freshwater Drum",14394,"High","Warm"
"8297","Freshwater Drum",2008,13,0,837,"2008",0,"Freshwater Drum",14394,"High","Warm"
"8298","Freshwater Drum",2008,35,42,837,"2008",0.0501792114695341,"Freshwater Drum",14394,"High","Warm"
"8299","Freshwater Drum",2008,22,39,837,"2008",0.046594982078853,"Freshwater Drum",14394,"High","Warm"
"8300","Freshwater Drum",2008,33,72,837,"2008",0.0860215053763441,"Freshwater Drum",14394,"High","Warm"
"8301","Freshwater Drum",2008,19,42,837,"2008",0.0501792114695341,"Freshwater Drum",14394,"High","Warm"
"8302","Freshwater Drum",2008,30,44,837,"2008",0.0525686977299881,"Freshwater Drum",14394,"High","Warm"
"8303","Freshwater Drum",2008,26,52,837,"2008",0.0621266427718041,"Freshwater Drum",14394,"High","Warm"
"8304","Freshwater Drum",2008,20,8,837,"2008",0.00955794504181601,"Freshwater Drum",14394,"High","Warm"
"8305","Freshwater Drum",2008,25,32,837,"2008",0.038231780167264,"Freshwater Drum",14394,"High","Warm"
"8306","Freshwater Drum",2008,24,105,837,"2008",0.125448028673835,"Freshwater Drum",14394,"High","Warm"
"8307","Freshwater Drum",2008,34,79,837,"2008",0.0943847072879331,"Freshwater Drum",14394,"High","Warm"
"8308","Freshwater Drum",2008,14,0,837,"2008",0,"Freshwater Drum",14394,"High","Warm"
"8309","Freshwater Drum",2008,29,10,837,"2008",0.01194743130227,"Freshwater Drum",14394,"High","Warm"
"8310","Freshwater Drum",2008,27,27,837,"2008",0.032258064516129,"Freshwater Drum",14394,"High","Warm"
"8311","Freshwater Drum",2008,17,6,837,"2008",0.00716845878136201,"Freshwater Drum",14394,"High","Warm"
"8312","Freshwater Drum",2008,23,88,837,"2008",0.105137395459976,"Freshwater Drum",14394,"High","Warm"
"8313","Freshwater Drum",2008,21,11,837,"2008",0.013142174432497,"Freshwater Drum",14394,"High","Warm"
"8314","Freshwater Drum",2008,18,27,837,"2008",0.032258064516129,"Freshwater Drum",14394,"High","Warm"
"8315","Freshwater Drum",2008,16,0,837,"2008",0,"Freshwater Drum",14394,"High","Warm"
"8316","Freshwater Drum",2008,31,23,837,"2008",0.027479091995221,"Freshwater Drum",14394,"High","Warm"
"8317","Freshwater Drum",2008,32,73,837,"2008",0.0872162485065711,"Freshwater Drum",14394,"High","Warm"
"8318","Freshwater Drum",2008,28,57,837,"2008",0.0681003584229391,"Freshwater Drum",14394,"High","Warm"
"8319","Freshwater Drum",2009,29,12,485,"2009",0.0247422680412371,"Freshwater Drum",14394,"High","Warm"
"8320","Freshwater Drum",2009,18,3,485,"2009",0.00618556701030928,"Freshwater Drum",14394,"High","Warm"
"8321","Freshwater Drum",2009,28,32,485,"2009",0.065979381443299,"Freshwater Drum",14394,"High","Warm"
"8322","Freshwater Drum",2009,14,0,485,"2009",0,"Freshwater Drum",14394,"High","Warm"
"8323","Freshwater Drum",2009,13,0,485,"2009",0,"Freshwater Drum",14394,"High","Warm"
"8324","Freshwater Drum",2009,35,1,485,"2009",0.00206185567010309,"Freshwater Drum",14394,"High","Warm"
"8325","Freshwater Drum",2009,24,18,485,"2009",0.0371134020618557,"Freshwater Drum",14394,"High","Warm"
"8326","Freshwater Drum",2009,30,75,485,"2009",0.154639175257732,"Freshwater Drum",14394,"High","Warm"
"8327","Freshwater Drum",2009,17,11,485,"2009",0.022680412371134,"Freshwater Drum",14394,"High","Warm"
"8328","Freshwater Drum",2009,15,0,485,"2009",0,"Freshwater Drum",14394,"High","Warm"
"8329","Freshwater Drum",2009,11,0,485,"2009",0,"Freshwater Drum",14394,"High","Warm"
"8330","Freshwater Drum",2009,31,3,485,"2009",0.00618556701030928,"Freshwater Drum",14394,"High","Warm"
"8331","Freshwater Drum",2009,26,45,485,"2009",0.0927835051546392,"Freshwater Drum",14394,"High","Warm"
"8332","Freshwater Drum",2009,27,9,485,"2009",0.0185567010309278,"Freshwater Drum",14394,"High","Warm"
"8333","Freshwater Drum",2009,32,25,485,"2009",0.0515463917525773,"Freshwater Drum",14394,"High","Warm"
"8334","Freshwater Drum",2009,19,22,485,"2009",0.045360824742268,"Freshwater Drum",14394,"High","Warm"
"8335","Freshwater Drum",2009,34,6,485,"2009",0.0123711340206186,"Freshwater Drum",14394,"High","Warm"
"8336","Freshwater Drum",2009,12,0,485,"2009",0,"Freshwater Drum",14394,"High","Warm"
"8337","Freshwater Drum",2009,21,65,485,"2009",0.134020618556701,"Freshwater Drum",14394,"High","Warm"
"8338","Freshwater Drum",2009,25,24,485,"2009",0.0494845360824742,"Freshwater Drum",14394,"High","Warm"
"8339","Freshwater Drum",2009,16,1,485,"2009",0.00206185567010309,"Freshwater Drum",14394,"High","Warm"
"8340","Freshwater Drum",2009,23,50,485,"2009",0.103092783505155,"Freshwater Drum",14394,"High","Warm"
"8341","Freshwater Drum",2009,22,50,485,"2009",0.103092783505155,"Freshwater Drum",14394,"High","Warm"
"8342","Freshwater Drum",2009,20,31,485,"2009",0.0639175257731959,"Freshwater Drum",14394,"High","Warm"
"8343","Freshwater Drum",2009,33,2,485,"2009",0.00412371134020619,"Freshwater Drum",14394,"High","Warm"
"8344","Freshwater Drum",2010,30,9,638,"2010",0.0141065830721003,"Freshwater Drum",14394,"High","Warm"
"8345","Freshwater Drum",2010,11,0,638,"2010",0,"Freshwater Drum",14394,"High","Warm"
"8346","Freshwater Drum",2010,24,12,638,"2010",0.0188087774294671,"Freshwater Drum",14394,"High","Warm"
"8347","Freshwater Drum",2010,16,3,638,"2010",0.00470219435736677,"Freshwater Drum",14394,"High","Warm"
"8348","Freshwater Drum",2010,26,26,638,"2010",0.0407523510971787,"Freshwater Drum",14394,"High","Warm"
"8349","Freshwater Drum",2010,27,4,638,"2010",0.00626959247648903,"Freshwater Drum",14394,"High","Warm"
"8350","Freshwater Drum",2010,17,5,638,"2010",0.00783699059561128,"Freshwater Drum",14394,"High","Warm"
"8351","Freshwater Drum",2010,15,0,638,"2010",0,"Freshwater Drum",14394,"High","Warm"
"8352","Freshwater Drum",2010,14,3,638,"2010",0.00470219435736677,"Freshwater Drum",14394,"High","Warm"
"8353","Freshwater Drum",2010,13,0,638,"2010",0,"Freshwater Drum",14394,"High","Warm"
"8354","Freshwater Drum",2010,32,47,638,"2010",0.0736677115987461,"Freshwater Drum",14394,"High","Warm"
"8355","Freshwater Drum",2010,12,0,638,"2010",0,"Freshwater Drum",14394,"High","Warm"
"8356","Freshwater Drum",2010,28,57,638,"2010",0.0893416927899686,"Freshwater Drum",14394,"High","Warm"
"8357","Freshwater Drum",2010,23,17,638,"2010",0.0266457680250784,"Freshwater Drum",14394,"High","Warm"
"8358","Freshwater Drum",2010,22,71,638,"2010",0.11128526645768,"Freshwater Drum",14394,"High","Warm"
"8359","Freshwater Drum",2010,18,27,638,"2010",0.0423197492163009,"Freshwater Drum",14394,"High","Warm"
"8360","Freshwater Drum",2010,33,91,638,"2010",0.142633228840125,"Freshwater Drum",14394,"High","Warm"
"8361","Freshwater Drum",2010,31,61,638,"2010",0.0956112852664577,"Freshwater Drum",14394,"High","Warm"
"8362","Freshwater Drum",2010,21,51,638,"2010",0.0799373040752351,"Freshwater Drum",14394,"High","Warm"
"8363","Freshwater Drum",2010,29,37,638,"2010",0.0579937304075235,"Freshwater Drum",14394,"High","Warm"
"8364","Freshwater Drum",2010,19,14,638,"2010",0.0219435736677116,"Freshwater Drum",14394,"High","Warm"
"8365","Freshwater Drum",2010,25,36,638,"2010",0.0564263322884013,"Freshwater Drum",14394,"High","Warm"
"8366","Freshwater Drum",2010,35,1,638,"2010",0.00156739811912226,"Freshwater Drum",14394,"High","Warm"
"8367","Freshwater Drum",2010,20,35,638,"2010",0.054858934169279,"Freshwater Drum",14394,"High","Warm"
"8368","Freshwater Drum",2010,34,31,638,"2010",0.04858934169279,"Freshwater Drum",14394,"High","Warm"
"8369","Freshwater Drum",2011,32,8,159,"2011",0.050314465408805,"Freshwater Drum",14394,"High","Warm"
"8370","Freshwater Drum",2011,30,25,159,"2011",0.157232704402516,"Freshwater Drum",14394,"High","Warm"
"8371","Freshwater Drum",2011,26,17,159,"2011",0.106918238993711,"Freshwater Drum",14394,"High","Warm"
"8372","Freshwater Drum",2011,20,2,159,"2011",0.0125786163522013,"Freshwater Drum",14394,"High","Warm"
"8373","Freshwater Drum",2011,11,0,159,"2011",0,"Freshwater Drum",14394,"High","Warm"
"8374","Freshwater Drum",2011,12,0,159,"2011",0,"Freshwater Drum",14394,"High","Warm"
"8375","Freshwater Drum",2011,13,0,159,"2011",0,"Freshwater Drum",14394,"High","Warm"
"8376","Freshwater Drum",2011,18,3,159,"2011",0.0188679245283019,"Freshwater Drum",14394,"High","Warm"
"8377","Freshwater Drum",2011,15,0,159,"2011",0,"Freshwater Drum",14394,"High","Warm"
"8378","Freshwater Drum",2011,31,3,159,"2011",0.0188679245283019,"Freshwater Drum",14394,"High","Warm"
"8379","Freshwater Drum",2011,27,6,159,"2011",0.0377358490566038,"Freshwater Drum",14394,"High","Warm"
"8380","Freshwater Drum",2011,14,0,159,"2011",0,"Freshwater Drum",14394,"High","Warm"
"8381","Freshwater Drum",2011,28,7,159,"2011",0.0440251572327044,"Freshwater Drum",14394,"High","Warm"
"8382","Freshwater Drum",2011,29,8,159,"2011",0.050314465408805,"Freshwater Drum",14394,"High","Warm"
"8383","Freshwater Drum",2011,33,11,159,"2011",0.0691823899371069,"Freshwater Drum",14394,"High","Warm"
"8384","Freshwater Drum",2011,34,5,159,"2011",0.0314465408805031,"Freshwater Drum",14394,"High","Warm"
"8385","Freshwater Drum",2011,24,2,159,"2011",0.0125786163522013,"Freshwater Drum",14394,"High","Warm"
"8386","Freshwater Drum",2011,19,6,159,"2011",0.0377358490566038,"Freshwater Drum",14394,"High","Warm"
"8387","Freshwater Drum",2011,22,3,159,"2011",0.0188679245283019,"Freshwater Drum",14394,"High","Warm"
"8388","Freshwater Drum",2011,17,0,159,"2011",0,"Freshwater Drum",14394,"High","Warm"
"8389","Freshwater Drum",2011,35,2,159,"2011",0.0125786163522013,"Freshwater Drum",14394,"High","Warm"
"8390","Freshwater Drum",2011,21,1,159,"2011",0.00628930817610063,"Freshwater Drum",14394,"High","Warm"
"8391","Freshwater Drum",2011,16,0,159,"2011",0,"Freshwater Drum",14394,"High","Warm"
"8392","Freshwater Drum",2011,25,30,159,"2011",0.188679245283019,"Freshwater Drum",14394,"High","Warm"
"8393","Freshwater Drum",2011,23,20,159,"2011",0.125786163522013,"Freshwater Drum",14394,"High","Warm"
"8394","Freshwater Drum",2012,17,5,248,"2012",0.0201612903225806,"Freshwater Drum",14394,"High","Warm"
"8395","Freshwater Drum",2012,27,6,248,"2012",0.0241935483870968,"Freshwater Drum",14394,"High","Warm"
"8396","Freshwater Drum",2012,12,3,248,"2012",0.0120967741935484,"Freshwater Drum",14394,"High","Warm"
"8397","Freshwater Drum",2012,16,10,248,"2012",0.0403225806451613,"Freshwater Drum",14394,"High","Warm"
"8398","Freshwater Drum",2012,15,8,248,"2012",0.032258064516129,"Freshwater Drum",14394,"High","Warm"
"8399","Freshwater Drum",2012,10,0,248,"2012",0,"Freshwater Drum",14394,"High","Warm"
"8400","Freshwater Drum",2012,14,2,248,"2012",0.00806451612903226,"Freshwater Drum",14394,"High","Warm"
"8401","Freshwater Drum",2012,28,5,248,"2012",0.0201612903225806,"Freshwater Drum",14394,"High","Warm"
"8402","Freshwater Drum",2012,13,7,248,"2012",0.0282258064516129,"Freshwater Drum",14394,"High","Warm"
"8403","Freshwater Drum",2012,23,17,248,"2012",0.0685483870967742,"Freshwater Drum",14394,"High","Warm"
"8404","Freshwater Drum",2012,34,2,248,"2012",0.00806451612903226,"Freshwater Drum",14394,"High","Warm"
"8405","Freshwater Drum",2012,11,0,248,"2012",0,"Freshwater Drum",14394,"High","Warm"
"8406","Freshwater Drum",2012,18,28,248,"2012",0.112903225806452,"Freshwater Drum",14394,"High","Warm"
"8407","Freshwater Drum",2012,31,1,248,"2012",0.00403225806451613,"Freshwater Drum",14394,"High","Warm"
"8408","Freshwater Drum",2012,32,1,248,"2012",0.00403225806451613,"Freshwater Drum",14394,"High","Warm"
"8409","Freshwater Drum",2012,29,16,248,"2012",0.0645161290322581,"Freshwater Drum",14394,"High","Warm"
"8410","Freshwater Drum",2012,35,7,248,"2012",0.0282258064516129,"Freshwater Drum",14394,"High","Warm"
"8411","Freshwater Drum",2012,30,7,248,"2012",0.0282258064516129,"Freshwater Drum",14394,"High","Warm"
"8412","Freshwater Drum",2012,21,16,248,"2012",0.0645161290322581,"Freshwater Drum",14394,"High","Warm"
"8413","Freshwater Drum",2012,33,4,248,"2012",0.0161290322580645,"Freshwater Drum",14394,"High","Warm"
"8414","Freshwater Drum",2012,19,4,248,"2012",0.0161290322580645,"Freshwater Drum",14394,"High","Warm"
"8415","Freshwater Drum",2012,25,19,248,"2012",0.0766129032258065,"Freshwater Drum",14394,"High","Warm"
"8416","Freshwater Drum",2012,22,22,248,"2012",0.0887096774193548,"Freshwater Drum",14394,"High","Warm"
"8417","Freshwater Drum",2012,24,21,248,"2012",0.0846774193548387,"Freshwater Drum",14394,"High","Warm"
"8418","Freshwater Drum",2012,20,11,248,"2012",0.0443548387096774,"Freshwater Drum",14394,"High","Warm"
"8419","Freshwater Drum",2012,26,26,248,"2012",0.104838709677419,"Freshwater Drum",14394,"High","Warm"
"8420","Freshwater Drum",2013,28,1,93,"2013",0.010752688172043,"Freshwater Drum",14394,"High","Warm"
"8421","Freshwater Drum",2013,15,0,93,"2013",0,"Freshwater Drum",14394,"High","Warm"
"8422","Freshwater Drum",2013,31,0,93,"2013",0,"Freshwater Drum",14394,"High","Warm"
"8423","Freshwater Drum",2013,32,2,93,"2013",0.021505376344086,"Freshwater Drum",14394,"High","Warm"
"8424","Freshwater Drum",2013,22,14,93,"2013",0.150537634408602,"Freshwater Drum",14394,"High","Warm"
"8425","Freshwater Drum",2013,20,5,93,"2013",0.0537634408602151,"Freshwater Drum",14394,"High","Warm"
"8426","Freshwater Drum",2013,23,8,93,"2013",0.0860215053763441,"Freshwater Drum",14394,"High","Warm"
"8427","Freshwater Drum",2013,26,14,93,"2013",0.150537634408602,"Freshwater Drum",14394,"High","Warm"
"8428","Freshwater Drum",2013,27,4,93,"2013",0.043010752688172,"Freshwater Drum",14394,"High","Warm"
"8429","Freshwater Drum",2013,19,2,93,"2013",0.021505376344086,"Freshwater Drum",14394,"High","Warm"
"8430","Freshwater Drum",2013,17,0,93,"2013",0,"Freshwater Drum",14394,"High","Warm"
"8431","Freshwater Drum",2013,24,7,93,"2013",0.0752688172043011,"Freshwater Drum",14394,"High","Warm"
"8432","Freshwater Drum",2013,21,7,93,"2013",0.0752688172043011,"Freshwater Drum",14394,"High","Warm"
"8433","Freshwater Drum",2013,35,5,93,"2013",0.0537634408602151,"Freshwater Drum",14394,"High","Warm"
"8434","Freshwater Drum",2013,33,6,93,"2013",0.0645161290322581,"Freshwater Drum",14394,"High","Warm"
"8435","Freshwater Drum",2013,11,0,93,"2013",0,"Freshwater Drum",14394,"High","Warm"
"8436","Freshwater Drum",2013,34,7,93,"2013",0.0752688172043011,"Freshwater Drum",14394,"High","Warm"
"8437","Freshwater Drum",2013,14,0,93,"2013",0,"Freshwater Drum",14394,"High","Warm"
"8438","Freshwater Drum",2013,16,0,93,"2013",0,"Freshwater Drum",14394,"High","Warm"
"8439","Freshwater Drum",2013,29,1,93,"2013",0.010752688172043,"Freshwater Drum",14394,"High","Warm"
"8440","Freshwater Drum",2013,30,1,93,"2013",0.010752688172043,"Freshwater Drum",14394,"High","Warm"
"8441","Freshwater Drum",2013,25,9,93,"2013",0.0967741935483871,"Freshwater Drum",14394,"High","Warm"
"8442","Freshwater Drum",2013,12,0,93,"2013",0,"Freshwater Drum",14394,"High","Warm"
"8443","Freshwater Drum",2013,18,0,93,"2013",0,"Freshwater Drum",14394,"High","Warm"
"8444","Freshwater Drum",2013,13,0,93,"2013",0,"Freshwater Drum",14394,"High","Warm"
"8445","Freshwater Drum",2014,32,4,120,"2014",0.0333333333333333,"Freshwater Drum",14394,"High","Warm"
"8446","Freshwater Drum",2014,14,0,120,"2014",0,"Freshwater Drum",14394,"High","Warm"
"8447","Freshwater Drum",2014,27,12,120,"2014",0.1,"Freshwater Drum",14394,"High","Warm"
"8448","Freshwater Drum",2014,31,0,120,"2014",0,"Freshwater Drum",14394,"High","Warm"
"8449","Freshwater Drum",2014,13,0,120,"2014",0,"Freshwater Drum",14394,"High","Warm"
"8450","Freshwater Drum",2014,17,4,120,"2014",0.0333333333333333,"Freshwater Drum",14394,"High","Warm"
"8451","Freshwater Drum",2014,24,19,120,"2014",0.158333333333333,"Freshwater Drum",14394,"High","Warm"
"8452","Freshwater Drum",2014,22,16,120,"2014",0.133333333333333,"Freshwater Drum",14394,"High","Warm"
"8453","Freshwater Drum",2014,18,0,120,"2014",0,"Freshwater Drum",14394,"High","Warm"
"8454","Freshwater Drum",2014,26,13,120,"2014",0.108333333333333,"Freshwater Drum",14394,"High","Warm"
"8455","Freshwater Drum",2014,23,11,120,"2014",0.0916666666666667,"Freshwater Drum",14394,"High","Warm"
"8456","Freshwater Drum",2014,20,3,120,"2014",0.025,"Freshwater Drum",14394,"High","Warm"
"8457","Freshwater Drum",2014,16,0,120,"2014",0,"Freshwater Drum",14394,"High","Warm"
"8458","Freshwater Drum",2014,35,1,120,"2014",0.00833333333333333,"Freshwater Drum",14394,"High","Warm"
"8459","Freshwater Drum",2014,19,2,120,"2014",0.0166666666666667,"Freshwater Drum",14394,"High","Warm"
"8460","Freshwater Drum",2014,29,3,120,"2014",0.025,"Freshwater Drum",14394,"High","Warm"
"8461","Freshwater Drum",2014,30,2,120,"2014",0.0166666666666667,"Freshwater Drum",14394,"High","Warm"
"8462","Freshwater Drum",2014,15,0,120,"2014",0,"Freshwater Drum",14394,"High","Warm"
"8463","Freshwater Drum",2014,33,1,120,"2014",0.00833333333333333,"Freshwater Drum",14394,"High","Warm"
"8464","Freshwater Drum",2014,21,7,120,"2014",0.0583333333333333,"Freshwater Drum",14394,"High","Warm"
"8465","Freshwater Drum",2014,34,1,120,"2014",0.00833333333333333,"Freshwater Drum",14394,"High","Warm"
"8466","Freshwater Drum",2014,28,5,120,"2014",0.0416666666666667,"Freshwater Drum",14394,"High","Warm"
"8467","Freshwater Drum",2014,25,16,120,"2014",0.133333333333333,"Freshwater Drum",14394,"High","Warm"
"8468","Freshwater Drum",2015,13,0,75,"2015",0,"Freshwater Drum",14394,"High","Warm"
"8469","Freshwater Drum",2015,34,1,75,"2015",0.0133333333333333,"Freshwater Drum",14394,"High","Warm"
"8470","Freshwater Drum",2015,23,2,75,"2015",0.0266666666666667,"Freshwater Drum",14394,"High","Warm"
"8471","Freshwater Drum",2015,26,6,75,"2015",0.08,"Freshwater Drum",14394,"High","Warm"
"8472","Freshwater Drum",2015,33,0,75,"2015",0,"Freshwater Drum",14394,"High","Warm"
"8473","Freshwater Drum",2015,15,0,75,"2015",0,"Freshwater Drum",14394,"High","Warm"
"8474","Freshwater Drum",2015,14,0,75,"2015",0,"Freshwater Drum",14394,"High","Warm"
"8475","Freshwater Drum",2015,25,6,75,"2015",0.08,"Freshwater Drum",14394,"High","Warm"
"8476","Freshwater Drum",2015,28,2,75,"2015",0.0266666666666667,"Freshwater Drum",14394,"High","Warm"
"8477","Freshwater Drum",2015,18,3,75,"2015",0.04,"Freshwater Drum",14394,"High","Warm"
"8478","Freshwater Drum",2015,16,0,75,"2015",0,"Freshwater Drum",14394,"High","Warm"
"8479","Freshwater Drum",2015,17,0,75,"2015",0,"Freshwater Drum",14394,"High","Warm"
"8480","Freshwater Drum",2015,24,14,75,"2015",0.186666666666667,"Freshwater Drum",14394,"High","Warm"
"8481","Freshwater Drum",2015,32,0,75,"2015",0,"Freshwater Drum",14394,"High","Warm"
"8482","Freshwater Drum",2015,21,9,75,"2015",0.12,"Freshwater Drum",14394,"High","Warm"
"8483","Freshwater Drum",2015,27,1,75,"2015",0.0133333333333333,"Freshwater Drum",14394,"High","Warm"
"8484","Freshwater Drum",2015,20,6,75,"2015",0.08,"Freshwater Drum",14394,"High","Warm"
"8485","Freshwater Drum",2015,31,0,75,"2015",0,"Freshwater Drum",14394,"High","Warm"
"8486","Freshwater Drum",2015,35,2,75,"2015",0.0266666666666667,"Freshwater Drum",14394,"High","Warm"
"8487","Freshwater Drum",2015,19,9,75,"2015",0.12,"Freshwater Drum",14394,"High","Warm"
"8488","Freshwater Drum",2015,22,12,75,"2015",0.16,"Freshwater Drum",14394,"High","Warm"
"8489","Freshwater Drum",2015,30,1,75,"2015",0.0133333333333333,"Freshwater Drum",14394,"High","Warm"
"8490","Freshwater Drum",2015,29,1,75,"2015",0.0133333333333333,"Freshwater Drum",14394,"High","Warm"
"8491","Freshwater Drum",2016,12,0,44,"2016",0,"Freshwater Drum",14394,"High","Warm"
"8492","Freshwater Drum",2016,16,0,44,"2016",0,"Freshwater Drum",14394,"High","Warm"
"8493","Freshwater Drum",2016,13,0,44,"2016",0,"Freshwater Drum",14394,"High","Warm"
"8494","Freshwater Drum",2016,26,5,44,"2016",0.113636363636364,"Freshwater Drum",14394,"High","Warm"
"8495","Freshwater Drum",2016,24,4,44,"2016",0.0909090909090909,"Freshwater Drum",14394,"High","Warm"
"8496","Freshwater Drum",2016,20,1,44,"2016",0.0227272727272727,"Freshwater Drum",14394,"High","Warm"
"8497","Freshwater Drum",2016,21,2,44,"2016",0.0454545454545455,"Freshwater Drum",14394,"High","Warm"
"8498","Freshwater Drum",2016,18,0,44,"2016",0,"Freshwater Drum",14394,"High","Warm"
"8499","Freshwater Drum",2016,23,5,44,"2016",0.113636363636364,"Freshwater Drum",14394,"High","Warm"
"8500","Freshwater Drum",2016,10,0,44,"2016",0,"Freshwater Drum",14394,"High","Warm"
"8501","Freshwater Drum",2016,28,1,44,"2016",0.0227272727272727,"Freshwater Drum",14394,"High","Warm"
"8502","Freshwater Drum",2016,25,7,44,"2016",0.159090909090909,"Freshwater Drum",14394,"High","Warm"
"8503","Freshwater Drum",2016,15,0,44,"2016",0,"Freshwater Drum",14394,"High","Warm"
"8504","Freshwater Drum",2016,19,4,44,"2016",0.0909090909090909,"Freshwater Drum",14394,"High","Warm"
"8505","Freshwater Drum",2016,11,0,44,"2016",0,"Freshwater Drum",14394,"High","Warm"
"8506","Freshwater Drum",2016,34,0,44,"2016",0,"Freshwater Drum",14394,"High","Warm"
"8507","Freshwater Drum",2016,31,1,44,"2016",0.0227272727272727,"Freshwater Drum",14394,"High","Warm"
"8508","Freshwater Drum",2016,27,3,44,"2016",0.0681818181818182,"Freshwater Drum",14394,"High","Warm"
"8509","Freshwater Drum",2016,22,6,44,"2016",0.136363636363636,"Freshwater Drum",14394,"High","Warm"
"8510","Freshwater Drum",2016,33,5,44,"2016",0.113636363636364,"Freshwater Drum",14394,"High","Warm"
"8511","Freshwater Drum",2016,17,0,44,"2016",0,"Freshwater Drum",14394,"High","Warm"
"8512","Freshwater Drum",2016,30,0,44,"2016",0,"Freshwater Drum",14394,"High","Warm"
"8513","Freshwater Drum",2016,29,0,44,"2016",0,"Freshwater Drum",14394,"High","Warm"
"8514","Freshwater Drum",2016,32,0,44,"2016",0,"Freshwater Drum",14394,"High","Warm"
"8515","Freshwater Drum",2016,14,0,44,"2016",0,"Freshwater Drum",14394,"High","Warm"
"8516","Freshwater Drum",2016,35,0,44,"2016",0,"Freshwater Drum",14394,"High","Warm"
"8517","Freshwater Drum",2017,22,4,43,"2017",0.0930232558139535,"Freshwater Drum",14394,"High","Warm"
"8518","Freshwater Drum",2017,12,0,43,"2017",0,"Freshwater Drum",14394,"High","Warm"
"8519","Freshwater Drum",2017,32,0,43,"2017",0,"Freshwater Drum",14394,"High","Warm"
"8520","Freshwater Drum",2017,27,4,43,"2017",0.0930232558139535,"Freshwater Drum",14394,"High","Warm"
"8521","Freshwater Drum",2017,30,2,43,"2017",0.0465116279069767,"Freshwater Drum",14394,"High","Warm"
"8522","Freshwater Drum",2017,29,1,43,"2017",0.0232558139534884,"Freshwater Drum",14394,"High","Warm"
"8523","Freshwater Drum",2017,15,0,43,"2017",0,"Freshwater Drum",14394,"High","Warm"
"8524","Freshwater Drum",2017,14,0,43,"2017",0,"Freshwater Drum",14394,"High","Warm"
"8525","Freshwater Drum",2017,13,0,43,"2017",0,"Freshwater Drum",14394,"High","Warm"
"8526","Freshwater Drum",2017,16,1,43,"2017",0.0232558139534884,"Freshwater Drum",14394,"High","Warm"
"8527","Freshwater Drum",2017,31,0,43,"2017",0,"Freshwater Drum",14394,"High","Warm"
"8528","Freshwater Drum",2017,28,1,43,"2017",0.0232558139534884,"Freshwater Drum",14394,"High","Warm"
"8529","Freshwater Drum",2017,35,0,43,"2017",0,"Freshwater Drum",14394,"High","Warm"
"8530","Freshwater Drum",2017,26,0,43,"2017",0,"Freshwater Drum",14394,"High","Warm"
"8531","Freshwater Drum",2017,17,1,43,"2017",0.0232558139534884,"Freshwater Drum",14394,"High","Warm"
"8532","Freshwater Drum",2017,33,1,43,"2017",0.0232558139534884,"Freshwater Drum",14394,"High","Warm"
"8533","Freshwater Drum",2017,21,1,43,"2017",0.0232558139534884,"Freshwater Drum",14394,"High","Warm"
"8534","Freshwater Drum",2017,19,0,43,"2017",0,"Freshwater Drum",14394,"High","Warm"
"8535","Freshwater Drum",2017,25,6,43,"2017",0.13953488372093,"Freshwater Drum",14394,"High","Warm"
"8536","Freshwater Drum",2017,20,8,43,"2017",0.186046511627907,"Freshwater Drum",14394,"High","Warm"
"8537","Freshwater Drum",2017,23,5,43,"2017",0.116279069767442,"Freshwater Drum",14394,"High","Warm"
"8538","Freshwater Drum",2017,10,0,43,"2017",0,"Freshwater Drum",14394,"High","Warm"
"8539","Freshwater Drum",2017,24,6,43,"2017",0.13953488372093,"Freshwater Drum",14394,"High","Warm"
"8540","Freshwater Drum",2017,34,0,43,"2017",0,"Freshwater Drum",14394,"High","Warm"
"8541","Freshwater Drum",2017,18,2,43,"2017",0.0465116279069767,"Freshwater Drum",14394,"High","Warm"
"8542","Freshwater Drum",2018,25,3,28,"2018",0.107142857142857,"Freshwater Drum",14394,"High","Warm"
"8543","Freshwater Drum",2018,10,0,28,"2018",0,"Freshwater Drum",14394,"High","Warm"
"8544","Freshwater Drum",2018,14,0,28,"2018",0,"Freshwater Drum",14394,"High","Warm"
"8545","Freshwater Drum",2018,20,0,28,"2018",0,"Freshwater Drum",14394,"High","Warm"
"8546","Freshwater Drum",2018,19,1,28,"2018",0.0357142857142857,"Freshwater Drum",14394,"High","Warm"
"8547","Freshwater Drum",2018,31,0,28,"2018",0,"Freshwater Drum",14394,"High","Warm"
"8548","Freshwater Drum",2018,35,1,28,"2018",0.0357142857142857,"Freshwater Drum",14394,"High","Warm"
"8549","Freshwater Drum",2018,13,0,28,"2018",0,"Freshwater Drum",14394,"High","Warm"
"8550","Freshwater Drum",2018,30,1,28,"2018",0.0357142857142857,"Freshwater Drum",14394,"High","Warm"
"8551","Freshwater Drum",2018,34,0,28,"2018",0,"Freshwater Drum",14394,"High","Warm"
"8552","Freshwater Drum",2018,16,0,28,"2018",0,"Freshwater Drum",14394,"High","Warm"
"8553","Freshwater Drum",2018,24,0,28,"2018",0,"Freshwater Drum",14394,"High","Warm"
"8554","Freshwater Drum",2018,15,1,28,"2018",0.0357142857142857,"Freshwater Drum",14394,"High","Warm"
"8555","Freshwater Drum",2018,12,0,28,"2018",0,"Freshwater Drum",14394,"High","Warm"
"8556","Freshwater Drum",2018,17,0,28,"2018",0,"Freshwater Drum",14394,"High","Warm"
"8557","Freshwater Drum",2018,29,3,28,"2018",0.107142857142857,"Freshwater Drum",14394,"High","Warm"
"8558","Freshwater Drum",2018,26,6,28,"2018",0.214285714285714,"Freshwater Drum",14394,"High","Warm"
"8559","Freshwater Drum",2018,21,0,28,"2018",0,"Freshwater Drum",14394,"High","Warm"
"8560","Freshwater Drum",2018,28,0,28,"2018",0,"Freshwater Drum",14394,"High","Warm"
"8561","Freshwater Drum",2018,32,0,28,"2018",0,"Freshwater Drum",14394,"High","Warm"
"8562","Freshwater Drum",2018,18,0,28,"2018",0,"Freshwater Drum",14394,"High","Warm"
"8563","Freshwater Drum",2018,22,5,28,"2018",0.178571428571429,"Freshwater Drum",14394,"High","Warm"
"8564","Freshwater Drum",2018,9,0,28,"2018",0,"Freshwater Drum",14394,"High","Warm"
"8565","Freshwater Drum",2018,27,1,28,"2018",0.0357142857142857,"Freshwater Drum",14394,"High","Warm"
"8566","Freshwater Drum",2018,33,1,28,"2018",0.0357142857142857,"Freshwater Drum",14394,"High","Warm"
"8567","Freshwater Drum",2018,23,5,28,"2018",0.178571428571429,"Freshwater Drum",14394,"High","Warm"
"8568","Freshwater Drum",2019,23,1,29,"2019",0.0344827586206897,"Freshwater Drum",14394,"High","Warm"
"8569","Freshwater Drum",2019,22,3,29,"2019",0.103448275862069,"Freshwater Drum",14394,"High","Warm"
"8570","Freshwater Drum",2019,14,0,29,"2019",0,"Freshwater Drum",14394,"High","Warm"
"8571","Freshwater Drum",2019,13,0,29,"2019",0,"Freshwater Drum",14394,"High","Warm"
"8572","Freshwater Drum",2019,28,1,29,"2019",0.0344827586206897,"Freshwater Drum",14394,"High","Warm"
"8573","Freshwater Drum",2019,19,2,29,"2019",0.0689655172413793,"Freshwater Drum",14394,"High","Warm"
"8574","Freshwater Drum",2019,12,0,29,"2019",0,"Freshwater Drum",14394,"High","Warm"
"8575","Freshwater Drum",2019,11,0,29,"2019",0,"Freshwater Drum",14394,"High","Warm"
"8576","Freshwater Drum",2019,25,1,29,"2019",0.0344827586206897,"Freshwater Drum",14394,"High","Warm"
"8577","Freshwater Drum",2019,20,2,29,"2019",0.0689655172413793,"Freshwater Drum",14394,"High","Warm"
"8578","Freshwater Drum",2019,24,5,29,"2019",0.172413793103448,"Freshwater Drum",14394,"High","Warm"
"8579","Freshwater Drum",2019,15,0,29,"2019",0,"Freshwater Drum",14394,"High","Warm"
"8580","Freshwater Drum",2019,18,0,29,"2019",0,"Freshwater Drum",14394,"High","Warm"
"8581","Freshwater Drum",2019,29,0,29,"2019",0,"Freshwater Drum",14394,"High","Warm"
"8582","Freshwater Drum",2019,26,1,29,"2019",0.0344827586206897,"Freshwater Drum",14394,"High","Warm"
"8583","Freshwater Drum",2019,27,2,29,"2019",0.0689655172413793,"Freshwater Drum",14394,"High","Warm"
"8584","Freshwater Drum",2019,17,0,29,"2019",0,"Freshwater Drum",14394,"High","Warm"
"8585","Freshwater Drum",2019,35,0,29,"2019",0,"Freshwater Drum",14394,"High","Warm"
"8586","Freshwater Drum",2019,32,0,29,"2019",0,"Freshwater Drum",14394,"High","Warm"
"8587","Freshwater Drum",2019,16,0,29,"2019",0,"Freshwater Drum",14394,"High","Warm"
"8588","Freshwater Drum",2019,21,9,29,"2019",0.310344827586207,"Freshwater Drum",14394,"High","Warm"
"8589","Freshwater Drum",2019,31,0,29,"2019",0,"Freshwater Drum",14394,"High","Warm"
"8590","Freshwater Drum",2019,30,0,29,"2019",0,"Freshwater Drum",14394,"High","Warm"
"8591","Freshwater Drum",2019,34,0,29,"2019",0,"Freshwater Drum",14394,"High","Warm"
"8592","Freshwater Drum",2019,33,2,29,"2019",0.0689655172413793,"Freshwater Drum",14394,"High","Warm"
"8593","Freshwater Drum",2020,25,6,81,"2020",0.0740740740740741,"Freshwater Drum",14394,"High","Warm"
"8594","Freshwater Drum",2020,11,0,81,"2020",0,"Freshwater Drum",14394,"High","Warm"
"8595","Freshwater Drum",2020,13,0,81,"2020",0,"Freshwater Drum",14394,"High","Warm"
"8596","Freshwater Drum",2020,18,34,81,"2020",0.419753086419753,"Freshwater Drum",14394,"High","Warm"
"8597","Freshwater Drum",2020,31,0,81,"2020",0,"Freshwater Drum",14394,"High","Warm"
"8598","Freshwater Drum",2020,12,0,81,"2020",0,"Freshwater Drum",14394,"High","Warm"
"8599","Freshwater Drum",2020,19,8,81,"2020",0.0987654320987654,"Freshwater Drum",14394,"High","Warm"
"8600","Freshwater Drum",2020,17,0,81,"2020",0,"Freshwater Drum",14394,"High","Warm"
"8601","Freshwater Drum",2020,15,2,81,"2020",0.0246913580246914,"Freshwater Drum",14394,"High","Warm"
"8602","Freshwater Drum",2020,27,0,81,"2020",0,"Freshwater Drum",14394,"High","Warm"
"8603","Freshwater Drum",2020,32,5,81,"2020",0.0617283950617284,"Freshwater Drum",14394,"High","Warm"
"8604","Freshwater Drum",2020,16,0,81,"2020",0,"Freshwater Drum",14394,"High","Warm"
"8605","Freshwater Drum",2020,23,2,81,"2020",0.0246913580246914,"Freshwater Drum",14394,"High","Warm"
"8606","Freshwater Drum",2020,35,0,81,"2020",0,"Freshwater Drum",14394,"High","Warm"
"8607","Freshwater Drum",2020,34,0,81,"2020",0,"Freshwater Drum",14394,"High","Warm"
"8608","Freshwater Drum",2020,26,4,81,"2020",0.0493827160493827,"Freshwater Drum",14394,"High","Warm"
"8609","Freshwater Drum",2020,14,0,81,"2020",0,"Freshwater Drum",14394,"High","Warm"
"8610","Freshwater Drum",2020,24,11,81,"2020",0.135802469135802,"Freshwater Drum",14394,"High","Warm"
"8611","Freshwater Drum",2020,29,4,81,"2020",0.0493827160493827,"Freshwater Drum",14394,"High","Warm"
"8612","Freshwater Drum",2020,20,1,81,"2020",0.0123456790123457,"Freshwater Drum",14394,"High","Warm"
"8613","Freshwater Drum",2020,30,0,81,"2020",0,"Freshwater Drum",14394,"High","Warm"
"8614","Freshwater Drum",2020,33,0,81,"2020",0,"Freshwater Drum",14394,"High","Warm"
"8615","Freshwater Drum",2020,22,3,81,"2020",0.037037037037037,"Freshwater Drum",14394,"High","Warm"
"8616","Freshwater Drum",2020,21,0,81,"2020",0,"Freshwater Drum",14394,"High","Warm"
"8617","Freshwater Drum",2020,28,1,81,"2020",0.0123456790123457,"Freshwater Drum",14394,"High","Warm"
"8618","Freshwater Drum",2021,12,0,15,"2021",0,"Freshwater Drum",14394,"High","Warm"
"8619","Freshwater Drum",2021,16,0,15,"2021",0,"Freshwater Drum",14394,"High","Warm"
"8620","Freshwater Drum",2021,17,1,15,"2021",0.0666666666666667,"Freshwater Drum",14394,"High","Warm"
"8621","Freshwater Drum",2021,11,0,15,"2021",0,"Freshwater Drum",14394,"High","Warm"
"8622","Freshwater Drum",2021,15,0,15,"2021",0,"Freshwater Drum",14394,"High","Warm"
"8623","Freshwater Drum",2021,24,3,15,"2021",0.2,"Freshwater Drum",14394,"High","Warm"
"8624","Freshwater Drum",2021,21,0,15,"2021",0,"Freshwater Drum",14394,"High","Warm"
"8625","Freshwater Drum",2021,13,0,15,"2021",0,"Freshwater Drum",14394,"High","Warm"
"8626","Freshwater Drum",2021,30,0,15,"2021",0,"Freshwater Drum",14394,"High","Warm"
"8627","Freshwater Drum",2021,14,0,15,"2021",0,"Freshwater Drum",14394,"High","Warm"
"8628","Freshwater Drum",2021,28,0,15,"2021",0,"Freshwater Drum",14394,"High","Warm"
"8629","Freshwater Drum",2021,25,0,15,"2021",0,"Freshwater Drum",14394,"High","Warm"
"8630","Freshwater Drum",2021,26,3,15,"2021",0.2,"Freshwater Drum",14394,"High","Warm"
"8631","Freshwater Drum",2021,33,2,15,"2021",0.133333333333333,"Freshwater Drum",14394,"High","Warm"
"8632","Freshwater Drum",2021,27,1,15,"2021",0.0666666666666667,"Freshwater Drum",14394,"High","Warm"
"8633","Freshwater Drum",2021,35,0,15,"2021",0,"Freshwater Drum",14394,"High","Warm"
"8634","Freshwater Drum",2021,18,0,15,"2021",0,"Freshwater Drum",14394,"High","Warm"
"8635","Freshwater Drum",2021,22,2,15,"2021",0.133333333333333,"Freshwater Drum",14394,"High","Warm"
"8636","Freshwater Drum",2021,19,1,15,"2021",0.0666666666666667,"Freshwater Drum",14394,"High","Warm"
"8637","Freshwater Drum",2021,31,0,15,"2021",0,"Freshwater Drum",14394,"High","Warm"
"8638","Freshwater Drum",2021,29,0,15,"2021",0,"Freshwater Drum",14394,"High","Warm"
"8639","Freshwater Drum",2021,34,1,15,"2021",0.0666666666666667,"Freshwater Drum",14394,"High","Warm"
"8640","Freshwater Drum",2021,32,0,15,"2021",0,"Freshwater Drum",14394,"High","Warm"
"8641","Freshwater Drum",2021,23,1,15,"2021",0.0666666666666667,"Freshwater Drum",14394,"High","Warm"
"8642","Freshwater Drum",2021,20,0,15,"2021",0,"Freshwater Drum",14394,"High","Warm"
"8643","Freshwater Drum",2022,18,0,55,"2022",0,"Freshwater Drum",14394,"High","Warm"
"8644","Freshwater Drum",2022,17,0,55,"2022",0,"Freshwater Drum",14394,"High","Warm"
"8645","Freshwater Drum",2022,26,3,55,"2022",0.0545454545454545,"Freshwater Drum",14394,"High","Warm"
"8646","Freshwater Drum",2022,19,2,55,"2022",0.0363636363636364,"Freshwater Drum",14394,"High","Warm"
"8647","Freshwater Drum",2022,16,0,55,"2022",0,"Freshwater Drum",14394,"High","Warm"
"8648","Freshwater Drum",2022,21,2,55,"2022",0.0363636363636364,"Freshwater Drum",14394,"High","Warm"
"8649","Freshwater Drum",2022,25,9,55,"2022",0.163636363636364,"Freshwater Drum",14394,"High","Warm"
"8650","Freshwater Drum",2022,22,4,55,"2022",0.0727272727272727,"Freshwater Drum",14394,"High","Warm"
"8651","Freshwater Drum",2022,32,6,55,"2022",0.109090909090909,"Freshwater Drum",14394,"High","Warm"
"8652","Freshwater Drum",2022,20,0,55,"2022",0,"Freshwater Drum",14394,"High","Warm"
"8653","Freshwater Drum",2022,15,0,55,"2022",0,"Freshwater Drum",14394,"High","Warm"
"8654","Freshwater Drum",2022,30,5,55,"2022",0.0909090909090909,"Freshwater Drum",14394,"High","Warm"
"8655","Freshwater Drum",2022,23,11,55,"2022",0.2,"Freshwater Drum",14394,"High","Warm"
"8656","Freshwater Drum",2022,14,0,55,"2022",0,"Freshwater Drum",14394,"High","Warm"
"8657","Freshwater Drum",2022,24,7,55,"2022",0.127272727272727,"Freshwater Drum",14394,"High","Warm"
"8658","Freshwater Drum",2022,12,0,55,"2022",0,"Freshwater Drum",14394,"High","Warm"
"8659","Freshwater Drum",2022,31,1,55,"2022",0.0181818181818182,"Freshwater Drum",14394,"High","Warm"
"8660","Freshwater Drum",2022,27,1,55,"2022",0.0181818181818182,"Freshwater Drum",14394,"High","Warm"
"8661","Freshwater Drum",2022,29,3,55,"2022",0.0545454545454545,"Freshwater Drum",14394,"High","Warm"
"8662","Freshwater Drum",2022,34,0,55,"2022",0,"Freshwater Drum",14394,"High","Warm"
"8663","Freshwater Drum",2022,35,0,55,"2022",0,"Freshwater Drum",14394,"High","Warm"
"8664","Freshwater Drum",2022,28,1,55,"2022",0.0181818181818182,"Freshwater Drum",14394,"High","Warm"
"8665","Freshwater Drum",2022,33,0,55,"2022",0,"Freshwater Drum",14394,"High","Warm"
"8666","Freshwater Drum",2022,13,0,55,"2022",0,"Freshwater Drum",14394,"High","Warm"
"10524","Goldfish",1997,28,0,22,"1997",0,"Goldfish",23160,"High","Warm"
"10525","Goldfish",1997,12,1,22,"1997",0.0454545454545455,"Goldfish",23160,"High","Warm"
"10526","Goldfish",1997,18,1,22,"1997",0.0454545454545455,"Goldfish",23160,"High","Warm"
"10527","Goldfish",1997,16,0,22,"1997",0,"Goldfish",23160,"High","Warm"
"10528","Goldfish",1997,29,0,22,"1997",0,"Goldfish",23160,"High","Warm"
"10529","Goldfish",1997,15,8,22,"1997",0.363636363636364,"Goldfish",23160,"High","Warm"
"10530","Goldfish",1997,20,0,22,"1997",0,"Goldfish",23160,"High","Warm"
"10531","Goldfish",1997,32,0,22,"1997",0,"Goldfish",23160,"High","Warm"
"10532","Goldfish",1997,33,0,22,"1997",0,"Goldfish",23160,"High","Warm"
"10533","Goldfish",1997,13,1,22,"1997",0.0454545454545455,"Goldfish",23160,"High","Warm"
"10534","Goldfish",1997,14,4,22,"1997",0.181818181818182,"Goldfish",23160,"High","Warm"
"10535","Goldfish",1997,30,1,22,"1997",0.0454545454545455,"Goldfish",23160,"High","Warm"
"10536","Goldfish",1997,24,0,22,"1997",0,"Goldfish",23160,"High","Warm"
"10537","Goldfish",1997,21,0,22,"1997",0,"Goldfish",23160,"High","Warm"
"10538","Goldfish",1997,34,1,22,"1997",0.0454545454545455,"Goldfish",23160,"High","Warm"
"10539","Goldfish",1997,23,0,22,"1997",0,"Goldfish",23160,"High","Warm"
"10540","Goldfish",1997,31,0,22,"1997",0,"Goldfish",23160,"High","Warm"
"10541","Goldfish",1997,17,1,22,"1997",0.0454545454545455,"Goldfish",23160,"High","Warm"
"10542","Goldfish",1997,35,0,22,"1997",0,"Goldfish",23160,"High","Warm"
"10543","Goldfish",1997,25,1,22,"1997",0.0454545454545455,"Goldfish",23160,"High","Warm"
"10544","Goldfish",1997,26,0,22,"1997",0,"Goldfish",23160,"High","Warm"
"10545","Goldfish",1997,27,0,22,"1997",0,"Goldfish",23160,"High","Warm"
"10546","Goldfish",1997,19,3,22,"1997",0.136363636363636,"Goldfish",23160,"High","Warm"
"10547","Goldfish",1997,22,0,22,"1997",0,"Goldfish",23160,"High","Warm"
"10548","Goldfish",1998,13,3,10,"1998",0.3,"Goldfish",23160,"High","Warm"
"10549","Goldfish",1998,24,0,10,"1998",0,"Goldfish",23160,"High","Warm"
"10550","Goldfish",1998,26,0,10,"1998",0,"Goldfish",23160,"High","Warm"
"10551","Goldfish",1998,10,0,10,"1998",0,"Goldfish",23160,"High","Warm"
"10552","Goldfish",1998,21,1,10,"1998",0.1,"Goldfish",23160,"High","Warm"
"10553","Goldfish",1998,34,0,10,"1998",0,"Goldfish",23160,"High","Warm"
"10554","Goldfish",1998,35,0,10,"1998",0,"Goldfish",23160,"High","Warm"
"10555","Goldfish",1998,17,2,10,"1998",0.2,"Goldfish",23160,"High","Warm"
"10556","Goldfish",1998,15,0,10,"1998",0,"Goldfish",23160,"High","Warm"
"10557","Goldfish",1998,22,0,10,"1998",0,"Goldfish",23160,"High","Warm"
"10558","Goldfish",1998,19,3,10,"1998",0.3,"Goldfish",23160,"High","Warm"
"10559","Goldfish",1998,16,0,10,"1998",0,"Goldfish",23160,"High","Warm"
"10560","Goldfish",1998,18,0,10,"1998",0,"Goldfish",23160,"High","Warm"
"10561","Goldfish",1998,31,0,10,"1998",0,"Goldfish",23160,"High","Warm"
"10562","Goldfish",1998,29,0,10,"1998",0,"Goldfish",23160,"High","Warm"
"10563","Goldfish",1998,23,0,10,"1998",0,"Goldfish",23160,"High","Warm"
"10564","Goldfish",1998,25,0,10,"1998",0,"Goldfish",23160,"High","Warm"
"10565","Goldfish",1998,33,0,10,"1998",0,"Goldfish",23160,"High","Warm"
"10566","Goldfish",1998,14,0,10,"1998",0,"Goldfish",23160,"High","Warm"
"10567","Goldfish",1998,12,0,10,"1998",0,"Goldfish",23160,"High","Warm"
"10568","Goldfish",1998,20,1,10,"1998",0.1,"Goldfish",23160,"High","Warm"
"10569","Goldfish",1998,30,0,10,"1998",0,"Goldfish",23160,"High","Warm"
"10570","Goldfish",1998,28,0,10,"1998",0,"Goldfish",23160,"High","Warm"
"10571","Goldfish",1998,32,0,10,"1998",0,"Goldfish",23160,"High","Warm"
"10572","Goldfish",1998,27,0,10,"1998",0,"Goldfish",23160,"High","Warm"
"10573","Goldfish",2000,13,0,137,"2000",0,"Goldfish",23160,"High","Warm"
"10574","Goldfish",2000,33,1,137,"2000",0.0072992700729927,"Goldfish",23160,"High","Warm"
"10575","Goldfish",2000,35,0,137,"2000",0,"Goldfish",23160,"High","Warm"
"10576","Goldfish",2000,18,25,137,"2000",0.182481751824818,"Goldfish",23160,"High","Warm"
"10577","Goldfish",2000,34,6,137,"2000",0.0437956204379562,"Goldfish",23160,"High","Warm"
"10578","Goldfish",2000,17,17,137,"2000",0.124087591240876,"Goldfish",23160,"High","Warm"
"10579","Goldfish",2000,32,1,137,"2000",0.0072992700729927,"Goldfish",23160,"High","Warm"
"10580","Goldfish",2000,29,2,137,"2000",0.0145985401459854,"Goldfish",23160,"High","Warm"
"10581","Goldfish",2000,25,0,137,"2000",0,"Goldfish",23160,"High","Warm"
"10582","Goldfish",2000,14,2,137,"2000",0.0145985401459854,"Goldfish",23160,"High","Warm"
"10583","Goldfish",2000,11,2,137,"2000",0.0145985401459854,"Goldfish",23160,"High","Warm"
"10584","Goldfish",2000,12,6,137,"2000",0.0437956204379562,"Goldfish",23160,"High","Warm"
"10585","Goldfish",2000,10,17,137,"2000",0.124087591240876,"Goldfish",23160,"High","Warm"
"10586","Goldfish",2000,30,5,137,"2000",0.0364963503649635,"Goldfish",23160,"High","Warm"
"10587","Goldfish",2000,27,0,137,"2000",0,"Goldfish",23160,"High","Warm"
"10588","Goldfish",2000,28,4,137,"2000",0.0291970802919708,"Goldfish",23160,"High","Warm"
"10589","Goldfish",2000,23,0,137,"2000",0,"Goldfish",23160,"High","Warm"
"10590","Goldfish",2000,19,17,137,"2000",0.124087591240876,"Goldfish",23160,"High","Warm"
"10591","Goldfish",2000,31,0,137,"2000",0,"Goldfish",23160,"High","Warm"
"10592","Goldfish",2000,9,0,137,"2000",0,"Goldfish",23160,"High","Warm"
"10593","Goldfish",2000,24,1,137,"2000",0.0072992700729927,"Goldfish",23160,"High","Warm"
"10594","Goldfish",2000,26,0,137,"2000",0,"Goldfish",23160,"High","Warm"
"10595","Goldfish",2000,22,0,137,"2000",0,"Goldfish",23160,"High","Warm"
"10596","Goldfish",2000,20,5,137,"2000",0.0364963503649635,"Goldfish",23160,"High","Warm"
"10597","Goldfish",2000,16,11,137,"2000",0.0802919708029197,"Goldfish",23160,"High","Warm"
"10598","Goldfish",2000,15,14,137,"2000",0.102189781021898,"Goldfish",23160,"High","Warm"
"10599","Goldfish",2000,21,1,137,"2000",0.0072992700729927,"Goldfish",23160,"High","Warm"
"10600","Goldfish",2001,18,13,66,"2001",0.196969696969697,"Goldfish",23160,"High","Warm"
"10601","Goldfish",2001,20,11,66,"2001",0.166666666666667,"Goldfish",23160,"High","Warm"
"10602","Goldfish",2001,23,1,66,"2001",0.0151515151515152,"Goldfish",23160,"High","Warm"
"10603","Goldfish",2001,13,1,66,"2001",0.0151515151515152,"Goldfish",23160,"High","Warm"
"10604","Goldfish",2001,15,11,66,"2001",0.166666666666667,"Goldfish",23160,"High","Warm"
"10605","Goldfish",2001,22,0,66,"2001",0,"Goldfish",23160,"High","Warm"
"10606","Goldfish",2001,19,4,66,"2001",0.0606060606060606,"Goldfish",23160,"High","Warm"
"10607","Goldfish",2001,11,0,66,"2001",0,"Goldfish",23160,"High","Warm"
"10608","Goldfish",2001,32,0,66,"2001",0,"Goldfish",23160,"High","Warm"
"10609","Goldfish",2001,33,0,66,"2001",0,"Goldfish",23160,"High","Warm"
"10610","Goldfish",2001,14,0,66,"2001",0,"Goldfish",23160,"High","Warm"
"10611","Goldfish",2001,31,0,66,"2001",0,"Goldfish",23160,"High","Warm"
"10612","Goldfish",2001,17,8,66,"2001",0.121212121212121,"Goldfish",23160,"High","Warm"
"10613","Goldfish",2001,30,1,66,"2001",0.0151515151515152,"Goldfish",23160,"High","Warm"
"10614","Goldfish",2001,28,1,66,"2001",0.0151515151515152,"Goldfish",23160,"High","Warm"
"10615","Goldfish",2001,25,1,66,"2001",0.0151515151515152,"Goldfish",23160,"High","Warm"
"10616","Goldfish",2001,29,0,66,"2001",0,"Goldfish",23160,"High","Warm"
"10617","Goldfish",2001,26,0,66,"2001",0,"Goldfish",23160,"High","Warm"
"10618","Goldfish",2001,27,1,66,"2001",0.0151515151515152,"Goldfish",23160,"High","Warm"
"10619","Goldfish",2001,24,0,66,"2001",0,"Goldfish",23160,"High","Warm"
"10620","Goldfish",2001,16,0,66,"2001",0,"Goldfish",23160,"High","Warm"
"10621","Goldfish",2001,34,1,66,"2001",0.0151515151515152,"Goldfish",23160,"High","Warm"
"10622","Goldfish",2001,12,2,66,"2001",0.0303030303030303,"Goldfish",23160,"High","Warm"
"10623","Goldfish",2001,35,4,66,"2001",0.0606060606060606,"Goldfish",23160,"High","Warm"
"10624","Goldfish",2001,21,6,66,"2001",0.0909090909090909,"Goldfish",23160,"High","Warm"
"10625","Goldfish",2002,14,0,304,"2002",0,"Goldfish",23160,"High","Warm"
"10626","Goldfish",2002,12,0,304,"2002",0,"Goldfish",23160,"High","Warm"
"10627","Goldfish",2002,13,0,304,"2002",0,"Goldfish",23160,"High","Warm"
"10628","Goldfish",2002,31,0,304,"2002",0,"Goldfish",23160,"High","Warm"
"10629","Goldfish",2002,17,17,304,"2002",0.0559210526315789,"Goldfish",23160,"High","Warm"
"10630","Goldfish",2002,11,8,304,"2002",0.0263157894736842,"Goldfish",23160,"High","Warm"
"10631","Goldfish",2002,34,1,304,"2002",0.00328947368421053,"Goldfish",23160,"High","Warm"
"10632","Goldfish",2002,27,3,304,"2002",0.00986842105263158,"Goldfish",23160,"High","Warm"
"10633","Goldfish",2002,19,14,304,"2002",0.0460526315789474,"Goldfish",23160,"High","Warm"
"10634","Goldfish",2002,16,69,304,"2002",0.226973684210526,"Goldfish",23160,"High","Warm"
"10635","Goldfish",2002,24,1,304,"2002",0.00328947368421053,"Goldfish",23160,"High","Warm"
"10636","Goldfish",2002,32,0,304,"2002",0,"Goldfish",23160,"High","Warm"
"10637","Goldfish",2002,18,119,304,"2002",0.391447368421053,"Goldfish",23160,"High","Warm"
"10638","Goldfish",2002,15,25,304,"2002",0.0822368421052632,"Goldfish",23160,"High","Warm"
"10639","Goldfish",2002,33,3,304,"2002",0.00986842105263158,"Goldfish",23160,"High","Warm"
"10640","Goldfish",2002,23,3,304,"2002",0.00986842105263158,"Goldfish",23160,"High","Warm"
"10641","Goldfish",2002,20,15,304,"2002",0.0493421052631579,"Goldfish",23160,"High","Warm"
"10642","Goldfish",2002,30,0,304,"2002",0,"Goldfish",23160,"High","Warm"
"10643","Goldfish",2002,10,3,304,"2002",0.00986842105263158,"Goldfish",23160,"High","Warm"
"10644","Goldfish",2002,21,10,304,"2002",0.0328947368421053,"Goldfish",23160,"High","Warm"
"10645","Goldfish",2002,26,2,304,"2002",0.00657894736842105,"Goldfish",23160,"High","Warm"
"10646","Goldfish",2002,35,6,304,"2002",0.0197368421052632,"Goldfish",23160,"High","Warm"
"10647","Goldfish",2002,22,4,304,"2002",0.0131578947368421,"Goldfish",23160,"High","Warm"
"10648","Goldfish",2002,25,1,304,"2002",0.00328947368421053,"Goldfish",23160,"High","Warm"
"10649","Goldfish",2002,29,0,304,"2002",0,"Goldfish",23160,"High","Warm"
"10650","Goldfish",2002,28,0,304,"2002",0,"Goldfish",23160,"High","Warm"
"10651","Goldfish",2003,12,0,255,"2003",0,"Goldfish",23160,"High","Warm"
"10652","Goldfish",2003,14,0,255,"2003",0,"Goldfish",23160,"High","Warm"
"10653","Goldfish",2003,18,24,255,"2003",0.0941176470588235,"Goldfish",23160,"High","Warm"
"10654","Goldfish",2003,13,1,255,"2003",0.00392156862745098,"Goldfish",23160,"High","Warm"
"10655","Goldfish",2003,20,4,255,"2003",0.0156862745098039,"Goldfish",23160,"High","Warm"
"10656","Goldfish",2003,22,21,255,"2003",0.0823529411764706,"Goldfish",23160,"High","Warm"
"10657","Goldfish",2003,23,15,255,"2003",0.0588235294117647,"Goldfish",23160,"High","Warm"
"10658","Goldfish",2003,29,5,255,"2003",0.0196078431372549,"Goldfish",23160,"High","Warm"
"10659","Goldfish",2003,19,27,255,"2003",0.105882352941176,"Goldfish",23160,"High","Warm"
"10660","Goldfish",2003,33,2,255,"2003",0.00784313725490196,"Goldfish",23160,"High","Warm"
"10661","Goldfish",2003,26,3,255,"2003",0.0117647058823529,"Goldfish",23160,"High","Warm"
"10662","Goldfish",2003,15,7,255,"2003",0.0274509803921569,"Goldfish",23160,"High","Warm"
"10663","Goldfish",2003,17,75,255,"2003",0.294117647058824,"Goldfish",23160,"High","Warm"
"10664","Goldfish",2003,21,51,255,"2003",0.2,"Goldfish",23160,"High","Warm"
"10665","Goldfish",2003,32,1,255,"2003",0.00392156862745098,"Goldfish",23160,"High","Warm"
"10666","Goldfish",2003,24,6,255,"2003",0.0235294117647059,"Goldfish",23160,"High","Warm"
"10667","Goldfish",2003,27,1,255,"2003",0.00392156862745098,"Goldfish",23160,"High","Warm"
"10668","Goldfish",2003,35,0,255,"2003",0,"Goldfish",23160,"High","Warm"
"10669","Goldfish",2003,31,1,255,"2003",0.00392156862745098,"Goldfish",23160,"High","Warm"
"10670","Goldfish",2003,25,2,255,"2003",0.00784313725490196,"Goldfish",23160,"High","Warm"
"10671","Goldfish",2003,16,2,255,"2003",0.00784313725490196,"Goldfish",23160,"High","Warm"
"10672","Goldfish",2003,30,3,255,"2003",0.0117647058823529,"Goldfish",23160,"High","Warm"
"10673","Goldfish",2003,34,4,255,"2003",0.0156862745098039,"Goldfish",23160,"High","Warm"
"10674","Goldfish",2003,28,0,255,"2003",0,"Goldfish",23160,"High","Warm"
"10675","Goldfish",2004,16,40,356,"2004",0.112359550561798,"Goldfish",23160,"High","Warm"
"10676","Goldfish",2004,29,0,356,"2004",0,"Goldfish",23160,"High","Warm"
"10677","Goldfish",2004,17,53,356,"2004",0.148876404494382,"Goldfish",23160,"High","Warm"
"10678","Goldfish",2004,19,58,356,"2004",0.162921348314607,"Goldfish",23160,"High","Warm"
"10679","Goldfish",2004,32,0,356,"2004",0,"Goldfish",23160,"High","Warm"
"10680","Goldfish",2004,22,4,356,"2004",0.0112359550561798,"Goldfish",23160,"High","Warm"
"10681","Goldfish",2004,26,2,356,"2004",0.00561797752808989,"Goldfish",23160,"High","Warm"
"10682","Goldfish",2004,13,25,356,"2004",0.0702247191011236,"Goldfish",23160,"High","Warm"
"10683","Goldfish",2004,23,3,356,"2004",0.00842696629213483,"Goldfish",23160,"High","Warm"
"10684","Goldfish",2004,34,0,356,"2004",0,"Goldfish",23160,"High","Warm"
"10685","Goldfish",2004,30,0,356,"2004",0,"Goldfish",23160,"High","Warm"
"10686","Goldfish",2004,18,21,356,"2004",0.0589887640449438,"Goldfish",23160,"High","Warm"
"10687","Goldfish",2004,20,128,356,"2004",0.359550561797753,"Goldfish",23160,"High","Warm"
"10688","Goldfish",2004,15,0,356,"2004",0,"Goldfish",23160,"High","Warm"
"10689","Goldfish",2004,12,0,356,"2004",0,"Goldfish",23160,"High","Warm"
"10690","Goldfish",2004,33,0,356,"2004",0,"Goldfish",23160,"High","Warm"
"10691","Goldfish",2004,24,2,356,"2004",0.00561797752808989,"Goldfish",23160,"High","Warm"
"10692","Goldfish",2004,27,0,356,"2004",0,"Goldfish",23160,"High","Warm"
"10693","Goldfish",2004,31,0,356,"2004",0,"Goldfish",23160,"High","Warm"
"10694","Goldfish",2004,35,0,356,"2004",0,"Goldfish",23160,"High","Warm"
"10695","Goldfish",2004,14,11,356,"2004",0.0308988764044944,"Goldfish",23160,"High","Warm"
"10696","Goldfish",2004,28,0,356,"2004",0,"Goldfish",23160,"High","Warm"
"10697","Goldfish",2004,25,1,356,"2004",0.00280898876404494,"Goldfish",23160,"High","Warm"
"10698","Goldfish",2004,21,8,356,"2004",0.0224719101123595,"Goldfish",23160,"High","Warm"
"10699","Goldfish",2005,26,0,349,"2005",0,"Goldfish",23160,"High","Warm"
"10700","Goldfish",2005,21,16,349,"2005",0.0458452722063037,"Goldfish",23160,"High","Warm"
"10701","Goldfish",2005,34,3,349,"2005",0.00859598853868195,"Goldfish",23160,"High","Warm"
"10702","Goldfish",2005,27,0,349,"2005",0,"Goldfish",23160,"High","Warm"
"10703","Goldfish",2005,24,1,349,"2005",0.00286532951289398,"Goldfish",23160,"High","Warm"
"10704","Goldfish",2005,19,36,349,"2005",0.103151862464183,"Goldfish",23160,"High","Warm"
"10705","Goldfish",2005,17,28,349,"2005",0.0802292263610315,"Goldfish",23160,"High","Warm"
"10706","Goldfish",2005,25,4,349,"2005",0.0114613180515759,"Goldfish",23160,"High","Warm"
"10707","Goldfish",2005,22,25,349,"2005",0.0716332378223496,"Goldfish",23160,"High","Warm"
"10708","Goldfish",2005,18,4,349,"2005",0.0114613180515759,"Goldfish",23160,"High","Warm"
"10709","Goldfish",2005,30,0,349,"2005",0,"Goldfish",23160,"High","Warm"
"10710","Goldfish",2005,33,0,349,"2005",0,"Goldfish",23160,"High","Warm"
"10711","Goldfish",2005,28,1,349,"2005",0.00286532951289398,"Goldfish",23160,"High","Warm"
"10712","Goldfish",2005,29,0,349,"2005",0,"Goldfish",23160,"High","Warm"
"10713","Goldfish",2005,15,19,349,"2005",0.0544412607449857,"Goldfish",23160,"High","Warm"
"10714","Goldfish",2005,14,90,349,"2005",0.257879656160458,"Goldfish",23160,"High","Warm"
"10715","Goldfish",2005,35,1,349,"2005",0.00286532951289398,"Goldfish",23160,"High","Warm"
"10716","Goldfish",2005,23,10,349,"2005",0.0286532951289398,"Goldfish",23160,"High","Warm"
"10717","Goldfish",2005,32,0,349,"2005",0,"Goldfish",23160,"High","Warm"
"10718","Goldfish",2005,16,96,349,"2005",0.275071633237822,"Goldfish",23160,"High","Warm"
"10719","Goldfish",2005,20,4,349,"2005",0.0114613180515759,"Goldfish",23160,"High","Warm"
"10720","Goldfish",2005,12,3,349,"2005",0.00859598853868195,"Goldfish",23160,"High","Warm"
"10721","Goldfish",2005,31,0,349,"2005",0,"Goldfish",23160,"High","Warm"
"10722","Goldfish",2005,13,8,349,"2005",0.0229226361031519,"Goldfish",23160,"High","Warm"
"10723","Goldfish",2006,25,0,549,"2006",0,"Goldfish",23160,"High","Warm"
"10724","Goldfish",2006,32,0,549,"2006",0,"Goldfish",23160,"High","Warm"
"10725","Goldfish",2006,28,3,549,"2006",0.00546448087431694,"Goldfish",23160,"High","Warm"
"10726","Goldfish",2006,34,0,549,"2006",0,"Goldfish",23160,"High","Warm"
"10727","Goldfish",2006,29,4,549,"2006",0.00728597449908925,"Goldfish",23160,"High","Warm"
"10728","Goldfish",2006,15,71,549,"2006",0.129326047358834,"Goldfish",23160,"High","Warm"
"10729","Goldfish",2006,26,6,549,"2006",0.0109289617486339,"Goldfish",23160,"High","Warm"
"10730","Goldfish",2006,20,100,549,"2006",0.182149362477231,"Goldfish",23160,"High","Warm"
"10731","Goldfish",2006,16,80,549,"2006",0.145719489981785,"Goldfish",23160,"High","Warm"
"10732","Goldfish",2006,24,7,549,"2006",0.0127504553734062,"Goldfish",23160,"High","Warm"
"10733","Goldfish",2006,19,18,549,"2006",0.0327868852459016,"Goldfish",23160,"High","Warm"
"10734","Goldfish",2006,27,0,549,"2006",0,"Goldfish",23160,"High","Warm"
"10735","Goldfish",2006,21,26,549,"2006",0.0473588342440801,"Goldfish",23160,"High","Warm"
"10736","Goldfish",2006,35,1,549,"2006",0.00182149362477231,"Goldfish",23160,"High","Warm"
"10737","Goldfish",2006,30,3,549,"2006",0.00546448087431694,"Goldfish",23160,"High","Warm"
"10738","Goldfish",2006,13,41,549,"2006",0.0746812386156648,"Goldfish",23160,"High","Warm"
"10739","Goldfish",2006,33,0,549,"2006",0,"Goldfish",23160,"High","Warm"
"10740","Goldfish",2006,31,0,549,"2006",0,"Goldfish",23160,"High","Warm"
"10741","Goldfish",2006,11,6,549,"2006",0.0109289617486339,"Goldfish",23160,"High","Warm"
"10742","Goldfish",2006,23,11,549,"2006",0.0200364298724954,"Goldfish",23160,"High","Warm"
"10743","Goldfish",2006,14,9,549,"2006",0.0163934426229508,"Goldfish",23160,"High","Warm"
"10744","Goldfish",2006,17,63,549,"2006",0.114754098360656,"Goldfish",23160,"High","Warm"
"10745","Goldfish",2006,22,44,549,"2006",0.0801457194899818,"Goldfish",23160,"High","Warm"
"10746","Goldfish",2006,18,56,549,"2006",0.10200364298725,"Goldfish",23160,"High","Warm"
"10747","Goldfish",2006,12,0,549,"2006",0,"Goldfish",23160,"High","Warm"
"10748","Goldfish",2007,13,138,446,"2007",0.309417040358744,"Goldfish",23160,"High","Warm"
"10749","Goldfish",2007,20,14,446,"2007",0.031390134529148,"Goldfish",23160,"High","Warm"
"10750","Goldfish",2007,23,4,446,"2007",0.00896860986547085,"Goldfish",23160,"High","Warm"
"10751","Goldfish",2007,21,9,446,"2007",0.0201793721973094,"Goldfish",23160,"High","Warm"
"10752","Goldfish",2007,12,3,446,"2007",0.00672645739910314,"Goldfish",23160,"High","Warm"
"10753","Goldfish",2007,14,4,446,"2007",0.00896860986547085,"Goldfish",23160,"High","Warm"
"10754","Goldfish",2007,22,8,446,"2007",0.0179372197309417,"Goldfish",23160,"High","Warm"
"10755","Goldfish",2007,16,8,446,"2007",0.0179372197309417,"Goldfish",23160,"High","Warm"
"10756","Goldfish",2007,24,0,446,"2007",0,"Goldfish",23160,"High","Warm"
"10757","Goldfish",2007,19,73,446,"2007",0.163677130044843,"Goldfish",23160,"High","Warm"
"10758","Goldfish",2007,26,1,446,"2007",0.00224215246636771,"Goldfish",23160,"High","Warm"
"10759","Goldfish",2007,29,0,446,"2007",0,"Goldfish",23160,"High","Warm"
"10760","Goldfish",2007,30,0,446,"2007",0,"Goldfish",23160,"High","Warm"
"10761","Goldfish",2007,17,101,446,"2007",0.226457399103139,"Goldfish",23160,"High","Warm"
"10762","Goldfish",2007,33,0,446,"2007",0,"Goldfish",23160,"High","Warm"
"10763","Goldfish",2007,28,0,446,"2007",0,"Goldfish",23160,"High","Warm"
"10764","Goldfish",2007,15,2,446,"2007",0.00448430493273543,"Goldfish",23160,"High","Warm"
"10765","Goldfish",2007,27,4,446,"2007",0.00896860986547085,"Goldfish",23160,"High","Warm"
"10766","Goldfish",2007,34,1,446,"2007",0.00224215246636771,"Goldfish",23160,"High","Warm"
"10767","Goldfish",2007,32,0,446,"2007",0,"Goldfish",23160,"High","Warm"
"10768","Goldfish",2007,31,0,446,"2007",0,"Goldfish",23160,"High","Warm"
"10769","Goldfish",2007,25,0,446,"2007",0,"Goldfish",23160,"High","Warm"
"10770","Goldfish",2007,35,0,446,"2007",0,"Goldfish",23160,"High","Warm"
"10771","Goldfish",2007,18,76,446,"2007",0.170403587443946,"Goldfish",23160,"High","Warm"
"10772","Goldfish",2008,17,443,1308,"2008",0.33868501529052,"Goldfish",23160,"High","Warm"
"10773","Goldfish",2008,14,76,1308,"2008",0.0581039755351682,"Goldfish",23160,"High","Warm"
"10774","Goldfish",2008,19,121,1308,"2008",0.0925076452599388,"Goldfish",23160,"High","Warm"
"10775","Goldfish",2008,18,58,1308,"2008",0.0443425076452599,"Goldfish",23160,"High","Warm"
"10776","Goldfish",2008,16,147,1308,"2008",0.112385321100917,"Goldfish",23160,"High","Warm"
"10777","Goldfish",2008,15,272,1308,"2008",0.207951070336391,"Goldfish",23160,"High","Warm"
"10778","Goldfish",2008,27,2,1308,"2008",0.00152905198776758,"Goldfish",23160,"High","Warm"
"10779","Goldfish",2008,31,3,1308,"2008",0.00229357798165138,"Goldfish",23160,"High","Warm"
"10780","Goldfish",2008,21,39,1308,"2008",0.0298165137614679,"Goldfish",23160,"High","Warm"
"10781","Goldfish",2008,13,3,1308,"2008",0.00229357798165138,"Goldfish",23160,"High","Warm"
"10782","Goldfish",2008,30,2,1308,"2008",0.00152905198776758,"Goldfish",23160,"High","Warm"
"10783","Goldfish",2008,24,20,1308,"2008",0.0152905198776758,"Goldfish",23160,"High","Warm"
"10784","Goldfish",2008,26,1,1308,"2008",0.000764525993883792,"Goldfish",23160,"High","Warm"
"10785","Goldfish",2008,22,48,1308,"2008",0.036697247706422,"Goldfish",23160,"High","Warm"
"10786","Goldfish",2008,23,22,1308,"2008",0.0168195718654434,"Goldfish",23160,"High","Warm"
"10787","Goldfish",2008,25,0,1308,"2008",0,"Goldfish",23160,"High","Warm"
"10788","Goldfish",2008,33,2,1308,"2008",0.00152905198776758,"Goldfish",23160,"High","Warm"
"10789","Goldfish",2008,20,29,1308,"2008",0.02217125382263,"Goldfish",23160,"High","Warm"
"10790","Goldfish",2008,34,2,1308,"2008",0.00152905198776758,"Goldfish",23160,"High","Warm"
"10791","Goldfish",2008,29,4,1308,"2008",0.00305810397553517,"Goldfish",23160,"High","Warm"
"10792","Goldfish",2008,35,14,1308,"2008",0.0107033639143731,"Goldfish",23160,"High","Warm"
"10793","Goldfish",2008,28,0,1308,"2008",0,"Goldfish",23160,"High","Warm"
"10794","Goldfish",2008,32,0,1308,"2008",0,"Goldfish",23160,"High","Warm"
"10795","Goldfish",2009,15,3,971,"2009",0.00308959835221421,"Goldfish",23160,"High","Warm"
"10796","Goldfish",2009,20,77,971,"2009",0.0792996910401648,"Goldfish",23160,"High","Warm"
"10797","Goldfish",2009,19,62,971,"2009",0.0638516992790937,"Goldfish",23160,"High","Warm"
"10798","Goldfish",2009,28,0,971,"2009",0,"Goldfish",23160,"High","Warm"
"10799","Goldfish",2009,13,7,971,"2009",0.00720906282183316,"Goldfish",23160,"High","Warm"
"10800","Goldfish",2009,26,2,971,"2009",0.00205973223480947,"Goldfish",23160,"High","Warm"
"10801","Goldfish",2009,14,7,971,"2009",0.00720906282183316,"Goldfish",23160,"High","Warm"
"10802","Goldfish",2009,33,0,971,"2009",0,"Goldfish",23160,"High","Warm"
"10803","Goldfish",2009,21,80,971,"2009",0.082389289392379,"Goldfish",23160,"High","Warm"
"10804","Goldfish",2009,32,1,971,"2009",0.00102986611740474,"Goldfish",23160,"High","Warm"
"10805","Goldfish",2009,12,49,971,"2009",0.0504634397528321,"Goldfish",23160,"High","Warm"
"10806","Goldfish",2009,35,11,971,"2009",0.0113285272914521,"Goldfish",23160,"High","Warm"
"10807","Goldfish",2009,24,3,971,"2009",0.00308959835221421,"Goldfish",23160,"High","Warm"
"10808","Goldfish",2009,34,0,971,"2009",0,"Goldfish",23160,"High","Warm"
"10809","Goldfish",2009,25,5,971,"2009",0.00514933058702369,"Goldfish",23160,"High","Warm"
"10810","Goldfish",2009,29,0,971,"2009",0,"Goldfish",23160,"High","Warm"
"10811","Goldfish",2009,16,26,971,"2009",0.0267765190525232,"Goldfish",23160,"High","Warm"
"10812","Goldfish",2009,18,381,971,"2009",0.392378990731205,"Goldfish",23160,"High","Warm"
"10813","Goldfish",2009,30,0,971,"2009",0,"Goldfish",23160,"High","Warm"
"10814","Goldfish",2009,17,229,971,"2009",0.235839340885685,"Goldfish",23160,"High","Warm"
"10815","Goldfish",2009,11,4,971,"2009",0.00411946446961895,"Goldfish",23160,"High","Warm"
"10816","Goldfish",2009,22,11,971,"2009",0.0113285272914521,"Goldfish",23160,"High","Warm"
"10817","Goldfish",2009,31,0,971,"2009",0,"Goldfish",23160,"High","Warm"
"10818","Goldfish",2009,27,0,971,"2009",0,"Goldfish",23160,"High","Warm"
"10819","Goldfish",2009,23,13,971,"2009",0.0133882595262616,"Goldfish",23160,"High","Warm"
"10820","Goldfish",2010,23,4,751,"2010",0.00532623169107856,"Goldfish",23160,"High","Warm"
"10821","Goldfish",2010,19,10,751,"2010",0.0133155792276964,"Goldfish",23160,"High","Warm"
"10822","Goldfish",2010,16,16,751,"2010",0.0213049267643142,"Goldfish",23160,"High","Warm"
"10823","Goldfish",2010,18,95,751,"2010",0.126498002663116,"Goldfish",23160,"High","Warm"
"10824","Goldfish",2010,22,9,751,"2010",0.0119840213049268,"Goldfish",23160,"High","Warm"
"10825","Goldfish",2010,15,183,751,"2010",0.243675099866844,"Goldfish",23160,"High","Warm"
"10826","Goldfish",2010,21,17,751,"2010",0.0226364846870839,"Goldfish",23160,"High","Warm"
"10827","Goldfish",2010,11,13,751,"2010",0.0173102529960053,"Goldfish",23160,"High","Warm"
"10828","Goldfish",2010,14,63,751,"2010",0.0838881491344873,"Goldfish",23160,"High","Warm"
"10829","Goldfish",2010,29,0,751,"2010",0,"Goldfish",23160,"High","Warm"
"10830","Goldfish",2010,17,5,751,"2010",0.0066577896138482,"Goldfish",23160,"High","Warm"
"10831","Goldfish",2010,13,25,751,"2010",0.033288948069241,"Goldfish",23160,"High","Warm"
"10832","Goldfish",2010,25,2,751,"2010",0.00266311584553928,"Goldfish",23160,"High","Warm"
"10833","Goldfish",2010,28,0,751,"2010",0,"Goldfish",23160,"High","Warm"
"10834","Goldfish",2010,20,77,751,"2010",0.102529960053262,"Goldfish",23160,"High","Warm"
"10835","Goldfish",2010,27,0,751,"2010",0,"Goldfish",23160,"High","Warm"
"10836","Goldfish",2010,12,70,751,"2010",0.0932090545938748,"Goldfish",23160,"High","Warm"
"10837","Goldfish",2010,34,107,751,"2010",0.142476697736352,"Goldfish",23160,"High","Warm"
"10838","Goldfish",2010,35,11,751,"2010",0.014647137150466,"Goldfish",23160,"High","Warm"
"10839","Goldfish",2010,30,0,751,"2010",0,"Goldfish",23160,"High","Warm"
"10840","Goldfish",2010,26,1,751,"2010",0.00133155792276964,"Goldfish",23160,"High","Warm"
"10841","Goldfish",2010,33,24,751,"2010",0.0319573901464714,"Goldfish",23160,"High","Warm"
"10842","Goldfish",2010,32,12,751,"2010",0.0159786950732357,"Goldfish",23160,"High","Warm"
"10843","Goldfish",2010,31,2,751,"2010",0.00266311584553928,"Goldfish",23160,"High","Warm"
"10844","Goldfish",2010,24,5,751,"2010",0.0066577896138482,"Goldfish",23160,"High","Warm"
"10845","Goldfish",2011,13,8,732,"2011",0.0109289617486339,"Goldfish",23160,"High","Warm"
"10846","Goldfish",2011,17,69,732,"2011",0.0942622950819672,"Goldfish",23160,"High","Warm"
"10847","Goldfish",2011,28,2,732,"2011",0.00273224043715847,"Goldfish",23160,"High","Warm"
"10848","Goldfish",2011,18,51,732,"2011",0.069672131147541,"Goldfish",23160,"High","Warm"
"10849","Goldfish",2011,26,3,732,"2011",0.00409836065573771,"Goldfish",23160,"High","Warm"
"10850","Goldfish",2011,33,0,732,"2011",0,"Goldfish",23160,"High","Warm"
"10851","Goldfish",2011,22,68,732,"2011",0.092896174863388,"Goldfish",23160,"High","Warm"
"10852","Goldfish",2011,34,5,732,"2011",0.00683060109289617,"Goldfish",23160,"High","Warm"
"10853","Goldfish",2011,16,8,732,"2011",0.0109289617486339,"Goldfish",23160,"High","Warm"
"10854","Goldfish",2011,25,7,732,"2011",0.00956284153005465,"Goldfish",23160,"High","Warm"
"10855","Goldfish",2011,24,7,732,"2011",0.00956284153005465,"Goldfish",23160,"High","Warm"
"10856","Goldfish",2011,19,196,732,"2011",0.26775956284153,"Goldfish",23160,"High","Warm"
"10857","Goldfish",2011,29,0,732,"2011",0,"Goldfish",23160,"High","Warm"
"10858","Goldfish",2011,23,45,732,"2011",0.0614754098360656,"Goldfish",23160,"High","Warm"
"10859","Goldfish",2011,27,2,732,"2011",0.00273224043715847,"Goldfish",23160,"High","Warm"
"10860","Goldfish",2011,15,56,732,"2011",0.0765027322404372,"Goldfish",23160,"High","Warm"
"10861","Goldfish",2011,35,1,732,"2011",0.00136612021857923,"Goldfish",23160,"High","Warm"
"10862","Goldfish",2011,11,7,732,"2011",0.00956284153005465,"Goldfish",23160,"High","Warm"
"10863","Goldfish",2011,12,8,732,"2011",0.0109289617486339,"Goldfish",23160,"High","Warm"
"10864","Goldfish",2011,32,0,732,"2011",0,"Goldfish",23160,"High","Warm"
"10865","Goldfish",2011,14,19,732,"2011",0.0259562841530055,"Goldfish",23160,"High","Warm"
"10866","Goldfish",2011,21,133,732,"2011",0.181693989071038,"Goldfish",23160,"High","Warm"
"10867","Goldfish",2011,31,0,732,"2011",0,"Goldfish",23160,"High","Warm"
"10868","Goldfish",2011,30,0,732,"2011",0,"Goldfish",23160,"High","Warm"
"10869","Goldfish",2011,20,37,732,"2011",0.0505464480874317,"Goldfish",23160,"High","Warm"
"10870","Goldfish",2012,20,19,428,"2012",0.044392523364486,"Goldfish",23160,"High","Warm"
"10871","Goldfish",2012,28,0,428,"2012",0,"Goldfish",23160,"High","Warm"
"10872","Goldfish",2012,19,22,428,"2012",0.0514018691588785,"Goldfish",23160,"High","Warm"
"10873","Goldfish",2012,22,4,428,"2012",0.00934579439252336,"Goldfish",23160,"High","Warm"
"10874","Goldfish",2012,15,32,428,"2012",0.0747663551401869,"Goldfish",23160,"High","Warm"
"10875","Goldfish",2012,11,52,428,"2012",0.121495327102804,"Goldfish",23160,"High","Warm"
"10876","Goldfish",2012,18,50,428,"2012",0.116822429906542,"Goldfish",23160,"High","Warm"
"10877","Goldfish",2012,25,2,428,"2012",0.00467289719626168,"Goldfish",23160,"High","Warm"
"10878","Goldfish",2012,14,23,428,"2012",0.0537383177570093,"Goldfish",23160,"High","Warm"
"10879","Goldfish",2012,23,18,428,"2012",0.0420560747663551,"Goldfish",23160,"High","Warm"
"10880","Goldfish",2012,26,0,428,"2012",0,"Goldfish",23160,"High","Warm"
"10881","Goldfish",2012,21,5,428,"2012",0.0116822429906542,"Goldfish",23160,"High","Warm"
"10882","Goldfish",2012,10,1,428,"2012",0.00233644859813084,"Goldfish",23160,"High","Warm"
"10883","Goldfish",2012,31,0,428,"2012",0,"Goldfish",23160,"High","Warm"
"10884","Goldfish",2012,34,4,428,"2012",0.00934579439252336,"Goldfish",23160,"High","Warm"
"10885","Goldfish",2012,29,1,428,"2012",0.00233644859813084,"Goldfish",23160,"High","Warm"
"10886","Goldfish",2012,24,0,428,"2012",0,"Goldfish",23160,"High","Warm"
"10887","Goldfish",2012,30,0,428,"2012",0,"Goldfish",23160,"High","Warm"
"10888","Goldfish",2012,27,0,428,"2012",0,"Goldfish",23160,"High","Warm"
"10889","Goldfish",2012,16,47,428,"2012",0.10981308411215,"Goldfish",23160,"High","Warm"
"10890","Goldfish",2012,32,0,428,"2012",0,"Goldfish",23160,"High","Warm"
"10891","Goldfish",2012,35,18,428,"2012",0.0420560747663551,"Goldfish",23160,"High","Warm"
"10892","Goldfish",2012,17,29,428,"2012",0.0677570093457944,"Goldfish",23160,"High","Warm"
"10893","Goldfish",2012,13,5,428,"2012",0.0116822429906542,"Goldfish",23160,"High","Warm"
"10894","Goldfish",2012,33,4,428,"2012",0.00934579439252336,"Goldfish",23160,"High","Warm"
"10895","Goldfish",2012,12,92,428,"2012",0.214953271028037,"Goldfish",23160,"High","Warm"
"10896","Goldfish",2013,16,193,799,"2013",0.241551939924906,"Goldfish",23160,"High","Warm"
"10897","Goldfish",2013,23,13,799,"2013",0.016270337922403,"Goldfish",23160,"High","Warm"
"10898","Goldfish",2013,21,27,799,"2013",0.0337922403003755,"Goldfish",23160,"High","Warm"
"10899","Goldfish",2013,14,30,799,"2013",0.0375469336670839,"Goldfish",23160,"High","Warm"
"10900","Goldfish",2013,22,35,799,"2013",0.0438047559449312,"Goldfish",23160,"High","Warm"
"10901","Goldfish",2013,19,43,799,"2013",0.0538172715894869,"Goldfish",23160,"High","Warm"
"10902","Goldfish",2013,13,8,799,"2013",0.0100125156445557,"Goldfish",23160,"High","Warm"
"10903","Goldfish",2013,11,0,799,"2013",0,"Goldfish",23160,"High","Warm"
"10904","Goldfish",2013,15,109,799,"2013",0.136420525657071,"Goldfish",23160,"High","Warm"
"10905","Goldfish",2013,24,4,799,"2013",0.00500625782227785,"Goldfish",23160,"High","Warm"
"10906","Goldfish",2013,12,0,799,"2013",0,"Goldfish",23160,"High","Warm"
"10907","Goldfish",2013,20,62,799,"2013",0.0775969962453066,"Goldfish",23160,"High","Warm"
"10908","Goldfish",2013,17,75,799,"2013",0.0938673341677096,"Goldfish",23160,"High","Warm"
"10909","Goldfish",2013,34,1,799,"2013",0.00125156445556946,"Goldfish",23160,"High","Warm"
"10910","Goldfish",2013,35,13,799,"2013",0.016270337922403,"Goldfish",23160,"High","Warm"
"10911","Goldfish",2013,32,0,799,"2013",0,"Goldfish",23160,"High","Warm"
"10912","Goldfish",2013,28,1,799,"2013",0.00125156445556946,"Goldfish",23160,"High","Warm"
"10913","Goldfish",2013,25,4,799,"2013",0.00500625782227785,"Goldfish",23160,"High","Warm"
"10914","Goldfish",2013,26,0,799,"2013",0,"Goldfish",23160,"High","Warm"
"10915","Goldfish",2013,31,0,799,"2013",0,"Goldfish",23160,"High","Warm"
"10916","Goldfish",2013,27,0,799,"2013",0,"Goldfish",23160,"High","Warm"
"10917","Goldfish",2013,30,0,799,"2013",0,"Goldfish",23160,"High","Warm"
"10918","Goldfish",2013,18,180,799,"2013",0.225281602002503,"Goldfish",23160,"High","Warm"
"10919","Goldfish",2013,33,0,799,"2013",0,"Goldfish",23160,"High","Warm"
"10920","Goldfish",2013,29,1,799,"2013",0.00125156445556946,"Goldfish",23160,"High","Warm"
"10921","Goldfish",2014,15,122,1727,"2014",0.0706427330631152,"Goldfish",23160,"High","Warm"
"10922","Goldfish",2014,22,115,1727,"2014",0.0665894614939201,"Goldfish",23160,"High","Warm"
"10923","Goldfish",2014,33,6,1727,"2014",0.00347423277359583,"Goldfish",23160,"High","Warm"
"10924","Goldfish",2014,13,1,1727,"2014",0.000579038795599305,"Goldfish",23160,"High","Warm"
"10925","Goldfish",2014,14,11,1727,"2014",0.00636942675159236,"Goldfish",23160,"High","Warm"
"10926","Goldfish",2014,29,0,1727,"2014",0,"Goldfish",23160,"High","Warm"
"10927","Goldfish",2014,23,38,1727,"2014",0.0220034742327736,"Goldfish",23160,"High","Warm"
"10928","Goldfish",2014,34,8,1727,"2014",0.00463231036479444,"Goldfish",23160,"High","Warm"
"10929","Goldfish",2014,32,1,1727,"2014",0.000579038795599305,"Goldfish",23160,"High","Warm"
"10930","Goldfish",2014,35,2,1727,"2014",0.00115807759119861,"Goldfish",23160,"High","Warm"
"10931","Goldfish",2014,24,9,1727,"2014",0.00521134916039375,"Goldfish",23160,"High","Warm"
"10932","Goldfish",2014,27,0,1727,"2014",0,"Goldfish",23160,"High","Warm"
"10933","Goldfish",2014,31,0,1727,"2014",0,"Goldfish",23160,"High","Warm"
"10934","Goldfish",2014,16,86,1727,"2014",0.0497973364215402,"Goldfish",23160,"High","Warm"
"10935","Goldfish",2014,21,139,1727,"2014",0.0804863925883034,"Goldfish",23160,"High","Warm"
"10936","Goldfish",2014,19,418,1727,"2014",0.24203821656051,"Goldfish",23160,"High","Warm"
"10937","Goldfish",2014,18,121,1727,"2014",0.0700636942675159,"Goldfish",23160,"High","Warm"
"10938","Goldfish",2014,28,0,1727,"2014",0,"Goldfish",23160,"High","Warm"
"10939","Goldfish",2014,25,3,1727,"2014",0.00173711638679792,"Goldfish",23160,"High","Warm"
"10940","Goldfish",2014,17,368,1727,"2014",0.213086276780544,"Goldfish",23160,"High","Warm"
"10941","Goldfish",2014,26,2,1727,"2014",0.00115807759119861,"Goldfish",23160,"High","Warm"
"10942","Goldfish",2014,20,276,1727,"2014",0.159814707585408,"Goldfish",23160,"High","Warm"
"10943","Goldfish",2014,30,1,1727,"2014",0.000579038795599305,"Goldfish",23160,"High","Warm"
"10944","Goldfish",2015,34,2,2461,"2015",0.000812677773262901,"Goldfish",23160,"High","Warm"
"10945","Goldfish",2015,14,3,2461,"2015",0.00121901665989435,"Goldfish",23160,"High","Warm"
"10946","Goldfish",2015,16,212,2461,"2015",0.0861438439658675,"Goldfish",23160,"High","Warm"
"10947","Goldfish",2015,13,3,2461,"2015",0.00121901665989435,"Goldfish",23160,"High","Warm"
"10948","Goldfish",2015,20,79,2461,"2015",0.0321007720438846,"Goldfish",23160,"High","Warm"
"10949","Goldfish",2015,25,2,2461,"2015",0.000812677773262901,"Goldfish",23160,"High","Warm"
"10950","Goldfish",2015,24,39,2461,"2015",0.0158472165786266,"Goldfish",23160,"High","Warm"
"10951","Goldfish",2015,26,7,2461,"2015",0.00284437220642015,"Goldfish",23160,"High","Warm"
"10952","Goldfish",2015,17,147,2461,"2015",0.0597318163348232,"Goldfish",23160,"High","Warm"
"10953","Goldfish",2015,15,77,2461,"2015",0.0312880942706217,"Goldfish",23160,"High","Warm"
"10954","Goldfish",2015,21,128,2461,"2015",0.0520113774888257,"Goldfish",23160,"High","Warm"
"10955","Goldfish",2015,18,1417,2461,"2015",0.575782202356766,"Goldfish",23160,"High","Warm"
"10956","Goldfish",2015,29,0,2461,"2015",0,"Goldfish",23160,"High","Warm"
"10957","Goldfish",2015,23,21,2461,"2015",0.00853311661926046,"Goldfish",23160,"High","Warm"
"10958","Goldfish",2015,35,8,2461,"2015",0.0032507110930516,"Goldfish",23160,"High","Warm"
"10959","Goldfish",2015,32,0,2461,"2015",0,"Goldfish",23160,"High","Warm"
"10960","Goldfish",2015,28,0,2461,"2015",0,"Goldfish",23160,"High","Warm"
"10961","Goldfish",2015,19,254,2461,"2015",0.103210077204388,"Goldfish",23160,"High","Warm"
"10962","Goldfish",2015,31,0,2461,"2015",0,"Goldfish",23160,"High","Warm"
"10963","Goldfish",2015,22,61,2461,"2015",0.0247866720845185,"Goldfish",23160,"High","Warm"
"10964","Goldfish",2015,33,1,2461,"2015",0.000406338886631451,"Goldfish",23160,"High","Warm"
"10965","Goldfish",2015,30,0,2461,"2015",0,"Goldfish",23160,"High","Warm"
"10966","Goldfish",2015,27,0,2461,"2015",0,"Goldfish",23160,"High","Warm"
"10967","Goldfish",2016,20,240,2080,"2016",0.115384615384615,"Goldfish",23160,"High","Warm"
"10968","Goldfish",2016,21,121,2080,"2016",0.0581730769230769,"Goldfish",23160,"High","Warm"
"10969","Goldfish",2016,29,0,2080,"2016",0,"Goldfish",23160,"High","Warm"
"10970","Goldfish",2016,23,31,2080,"2016",0.0149038461538462,"Goldfish",23160,"High","Warm"
"10971","Goldfish",2016,28,0,2080,"2016",0,"Goldfish",23160,"High","Warm"
"10972","Goldfish",2016,26,2,2080,"2016",0.000961538461538462,"Goldfish",23160,"High","Warm"
"10973","Goldfish",2016,17,435,2080,"2016",0.209134615384615,"Goldfish",23160,"High","Warm"
"10974","Goldfish",2016,12,2,2080,"2016",0.000961538461538462,"Goldfish",23160,"High","Warm"
"10975","Goldfish",2016,25,7,2080,"2016",0.00336538461538462,"Goldfish",23160,"High","Warm"
"10976","Goldfish",2016,10,0,2080,"2016",0,"Goldfish",23160,"High","Warm"
"10977","Goldfish",2016,16,237,2080,"2016",0.113942307692308,"Goldfish",23160,"High","Warm"
"10978","Goldfish",2016,27,0,2080,"2016",0,"Goldfish",23160,"High","Warm"
"10979","Goldfish",2016,19,717,2080,"2016",0.344711538461538,"Goldfish",23160,"High","Warm"
"10980","Goldfish",2016,35,7,2080,"2016",0.00336538461538462,"Goldfish",23160,"High","Warm"
"10981","Goldfish",2016,24,9,2080,"2016",0.00432692307692308,"Goldfish",23160,"High","Warm"
"10982","Goldfish",2016,11,9,2080,"2016",0.00432692307692308,"Goldfish",23160,"High","Warm"
"10983","Goldfish",2016,15,0,2080,"2016",0,"Goldfish",23160,"High","Warm"
"10984","Goldfish",2016,33,33,2080,"2016",0.0158653846153846,"Goldfish",23160,"High","Warm"
"10985","Goldfish",2016,34,17,2080,"2016",0.00817307692307692,"Goldfish",23160,"High","Warm"
"10986","Goldfish",2016,13,2,2080,"2016",0.000961538461538462,"Goldfish",23160,"High","Warm"
"10987","Goldfish",2016,18,61,2080,"2016",0.0293269230769231,"Goldfish",23160,"High","Warm"
"10988","Goldfish",2016,30,0,2080,"2016",0,"Goldfish",23160,"High","Warm"
"10989","Goldfish",2016,31,0,2080,"2016",0,"Goldfish",23160,"High","Warm"
"10990","Goldfish",2016,22,126,2080,"2016",0.0605769230769231,"Goldfish",23160,"High","Warm"
"10991","Goldfish",2016,32,0,2080,"2016",0,"Goldfish",23160,"High","Warm"
"10992","Goldfish",2016,14,24,2080,"2016",0.0115384615384615,"Goldfish",23160,"High","Warm"
"10993","Goldfish",2017,35,0,1701,"2017",0,"Goldfish",23160,"High","Warm"
"10994","Goldfish",2017,15,286,1701,"2017",0.168136390358613,"Goldfish",23160,"High","Warm"
"10995","Goldfish",2017,16,435,1701,"2017",0.255731922398589,"Goldfish",23160,"High","Warm"
"10996","Goldfish",2017,13,7,1701,"2017",0.00411522633744856,"Goldfish",23160,"High","Warm"
"10997","Goldfish",2017,10,2,1701,"2017",0.00117577895355673,"Goldfish",23160,"High","Warm"
"10998","Goldfish",2017,19,47,1701,"2017",0.0276308054085832,"Goldfish",23160,"High","Warm"
"10999","Goldfish",2017,23,34,1701,"2017",0.0199882422104644,"Goldfish",23160,"High","Warm"
"11000","Goldfish",2017,12,2,1701,"2017",0.00117577895355673,"Goldfish",23160,"High","Warm"
"11001","Goldfish",2017,31,1,1701,"2017",0.000587889476778366,"Goldfish",23160,"High","Warm"
"11002","Goldfish",2017,24,11,1701,"2017",0.00646678424456202,"Goldfish",23160,"High","Warm"
"11003","Goldfish",2017,20,300,1701,"2017",0.17636684303351,"Goldfish",23160,"High","Warm"
"11004","Goldfish",2017,21,103,1701,"2017",0.0605526161081717,"Goldfish",23160,"High","Warm"
"11005","Goldfish",2017,30,4,1701,"2017",0.00235155790711346,"Goldfish",23160,"High","Warm"
"11006","Goldfish",2017,17,125,1701,"2017",0.0734861845972957,"Goldfish",23160,"High","Warm"
"11007","Goldfish",2017,14,23,1701,"2017",0.0135214579659024,"Goldfish",23160,"High","Warm"
"11008","Goldfish",2017,33,1,1701,"2017",0.000587889476778366,"Goldfish",23160,"High","Warm"
"11009","Goldfish",2017,34,3,1701,"2017",0.0017636684303351,"Goldfish",23160,"High","Warm"
"11010","Goldfish",2017,26,7,1701,"2017",0.00411522633744856,"Goldfish",23160,"High","Warm"
"11011","Goldfish",2017,22,219,1701,"2017",0.128747795414462,"Goldfish",23160,"High","Warm"
"11012","Goldfish",2017,25,28,1701,"2017",0.0164609053497942,"Goldfish",23160,"High","Warm"
"11013","Goldfish",2017,29,0,1701,"2017",0,"Goldfish",23160,"High","Warm"
"11014","Goldfish",2017,18,60,1701,"2017",0.0352733686067019,"Goldfish",23160,"High","Warm"
"11015","Goldfish",2017,27,3,1701,"2017",0.0017636684303351,"Goldfish",23160,"High","Warm"
"11016","Goldfish",2017,32,0,1701,"2017",0,"Goldfish",23160,"High","Warm"
"11017","Goldfish",2017,28,0,1701,"2017",0,"Goldfish",23160,"High","Warm"
"11018","Goldfish",2018,24,19,2139,"2018",0.00888265544647031,"Goldfish",23160,"High","Warm"
"11019","Goldfish",2018,20,245,2139,"2018",0.114539504441328,"Goldfish",23160,"High","Warm"
"11020","Goldfish",2018,14,3,2139,"2018",0.00140252454417952,"Goldfish",23160,"High","Warm"
"11021","Goldfish",2018,28,31,2139,"2018",0.0144927536231884,"Goldfish",23160,"High","Warm"
"11022","Goldfish",2018,13,1,2139,"2018",0.000467508181393174,"Goldfish",23160,"High","Warm"
"11023","Goldfish",2018,19,299,2139,"2018",0.139784946236559,"Goldfish",23160,"High","Warm"
"11024","Goldfish",2018,12,0,2139,"2018",0,"Goldfish",23160,"High","Warm"
"11025","Goldfish",2018,23,15,2139,"2018",0.00701262272089762,"Goldfish",23160,"High","Warm"
"11026","Goldfish",2018,15,11,2139,"2018",0.00514258999532492,"Goldfish",23160,"High","Warm"
"11027","Goldfish",2018,25,2,2139,"2018",0.000935016362786349,"Goldfish",23160,"High","Warm"
"11028","Goldfish",2018,10,1,2139,"2018",0.000467508181393174,"Goldfish",23160,"High","Warm"
"11029","Goldfish",2018,17,203,2139,"2018",0.0949041608228144,"Goldfish",23160,"High","Warm"
"11030","Goldfish",2018,18,455,2139,"2018",0.212716222533894,"Goldfish",23160,"High","Warm"
"11031","Goldfish",2018,27,2,2139,"2018",0.000935016362786349,"Goldfish",23160,"High","Warm"
"11032","Goldfish",2018,31,134,2139,"2018",0.0626460963066854,"Goldfish",23160,"High","Warm"
"11033","Goldfish",2018,35,8,2139,"2018",0.0037400654511454,"Goldfish",23160,"High","Warm"
"11034","Goldfish",2018,26,4,2139,"2018",0.0018700327255727,"Goldfish",23160,"High","Warm"
"11035","Goldfish",2018,30,366,2139,"2018",0.171107994389902,"Goldfish",23160,"High","Warm"
"11036","Goldfish",2018,34,1,2139,"2018",0.000467508181393174,"Goldfish",23160,"High","Warm"
"11037","Goldfish",2018,22,51,2139,"2018",0.0238429172510519,"Goldfish",23160,"High","Warm"
"11038","Goldfish",2018,9,0,2139,"2018",0,"Goldfish",23160,"High","Warm"
"11039","Goldfish",2018,16,51,2139,"2018",0.0238429172510519,"Goldfish",23160,"High","Warm"
"11040","Goldfish",2018,29,79,2139,"2018",0.0369331463300608,"Goldfish",23160,"High","Warm"
"11041","Goldfish",2018,21,116,2139,"2018",0.0542309490416082,"Goldfish",23160,"High","Warm"
"11042","Goldfish",2018,32,8,2139,"2018",0.0037400654511454,"Goldfish",23160,"High","Warm"
"11043","Goldfish",2018,33,34,2139,"2018",0.0158952781673679,"Goldfish",23160,"High","Warm"
"11044","Goldfish",2019,15,29,2675,"2019",0.0108411214953271,"Goldfish",23160,"High","Warm"
"11045","Goldfish",2019,22,587,2675,"2019",0.219439252336449,"Goldfish",23160,"High","Warm"
"11046","Goldfish",2019,19,409,2675,"2019",0.152897196261682,"Goldfish",23160,"High","Warm"
"11047","Goldfish",2019,18,59,2675,"2019",0.0220560747663551,"Goldfish",23160,"High","Warm"
"11048","Goldfish",2019,14,3,2675,"2019",0.0011214953271028,"Goldfish",23160,"High","Warm"
"11049","Goldfish",2019,13,11,2675,"2019",0.00411214953271028,"Goldfish",23160,"High","Warm"
"11050","Goldfish",2019,34,4,2675,"2019",0.00149532710280374,"Goldfish",23160,"High","Warm"
"11051","Goldfish",2019,23,133,2675,"2019",0.0497196261682243,"Goldfish",23160,"High","Warm"
"11052","Goldfish",2019,11,0,2675,"2019",0,"Goldfish",23160,"High","Warm"
"11053","Goldfish",2019,26,32,2675,"2019",0.0119626168224299,"Goldfish",23160,"High","Warm"
"11054","Goldfish",2019,12,0,2675,"2019",0,"Goldfish",23160,"High","Warm"
"11055","Goldfish",2019,27,2,2675,"2019",0.000747663551401869,"Goldfish",23160,"High","Warm"
"11056","Goldfish",2019,16,13,2675,"2019",0.00485981308411215,"Goldfish",23160,"High","Warm"
"11057","Goldfish",2019,17,186,2675,"2019",0.0695327102803738,"Goldfish",23160,"High","Warm"
"11058","Goldfish",2019,21,558,2675,"2019",0.208598130841121,"Goldfish",23160,"High","Warm"
"11059","Goldfish",2019,30,1,2675,"2019",0.000373831775700935,"Goldfish",23160,"High","Warm"
"11060","Goldfish",2019,20,566,2675,"2019",0.211588785046729,"Goldfish",23160,"High","Warm"
"11061","Goldfish",2019,24,46,2675,"2019",0.017196261682243,"Goldfish",23160,"High","Warm"
"11062","Goldfish",2019,33,7,2675,"2019",0.00261682242990654,"Goldfish",23160,"High","Warm"
"11063","Goldfish",2019,25,18,2675,"2019",0.00672897196261682,"Goldfish",23160,"High","Warm"
"11064","Goldfish",2019,35,9,2675,"2019",0.00336448598130841,"Goldfish",23160,"High","Warm"
"11065","Goldfish",2019,28,1,2675,"2019",0.000373831775700935,"Goldfish",23160,"High","Warm"
"11066","Goldfish",2019,29,0,2675,"2019",0,"Goldfish",23160,"High","Warm"
"11067","Goldfish",2019,32,1,2675,"2019",0.000373831775700935,"Goldfish",23160,"High","Warm"
"11068","Goldfish",2019,31,0,2675,"2019",0,"Goldfish",23160,"High","Warm"
"11069","Goldfish",2020,18,198,1590,"2020",0.124528301886792,"Goldfish",23160,"High","Warm"
"11070","Goldfish",2020,15,292,1590,"2020",0.183647798742138,"Goldfish",23160,"High","Warm"
"11071","Goldfish",2020,26,2,1590,"2020",0.00125786163522013,"Goldfish",23160,"High","Warm"
"11072","Goldfish",2020,21,267,1590,"2020",0.167924528301887,"Goldfish",23160,"High","Warm"
"11073","Goldfish",2020,16,221,1590,"2020",0.138993710691824,"Goldfish",23160,"High","Warm"
"11074","Goldfish",2020,14,229,1590,"2020",0.144025157232704,"Goldfish",23160,"High","Warm"
"11075","Goldfish",2020,35,0,1590,"2020",0,"Goldfish",23160,"High","Warm"
"11076","Goldfish",2020,25,4,1590,"2020",0.00251572327044025,"Goldfish",23160,"High","Warm"
"11077","Goldfish",2020,27,0,1590,"2020",0,"Goldfish",23160,"High","Warm"
"11078","Goldfish",2020,13,42,1590,"2020",0.0264150943396226,"Goldfish",23160,"High","Warm"
"11079","Goldfish",2020,11,10,1590,"2020",0.00628930817610063,"Goldfish",23160,"High","Warm"
"11080","Goldfish",2020,12,6,1590,"2020",0.00377358490566038,"Goldfish",23160,"High","Warm"
"11081","Goldfish",2020,31,0,1590,"2020",0,"Goldfish",23160,"High","Warm"
"11082","Goldfish",2020,17,0,1590,"2020",0,"Goldfish",23160,"High","Warm"
"11083","Goldfish",2020,19,43,1590,"2020",0.0270440251572327,"Goldfish",23160,"High","Warm"
"11084","Goldfish",2020,28,2,1590,"2020",0.00125786163522013,"Goldfish",23160,"High","Warm"
"11085","Goldfish",2020,30,1,1590,"2020",0.000628930817610063,"Goldfish",23160,"High","Warm"
"11086","Goldfish",2020,22,75,1590,"2020",0.0471698113207547,"Goldfish",23160,"High","Warm"
"11087","Goldfish",2020,32,3,1590,"2020",0.00188679245283019,"Goldfish",23160,"High","Warm"
"11088","Goldfish",2020,29,20,1590,"2020",0.0125786163522013,"Goldfish",23160,"High","Warm"
"11089","Goldfish",2020,24,20,1590,"2020",0.0125786163522013,"Goldfish",23160,"High","Warm"
"11090","Goldfish",2020,34,104,1590,"2020",0.0654088050314465,"Goldfish",23160,"High","Warm"
"11091","Goldfish",2020,20,25,1590,"2020",0.0157232704402516,"Goldfish",23160,"High","Warm"
"11092","Goldfish",2020,33,7,1590,"2020",0.00440251572327044,"Goldfish",23160,"High","Warm"
"11093","Goldfish",2020,23,19,1590,"2020",0.0119496855345912,"Goldfish",23160,"High","Warm"
"11094","Goldfish",2021,34,2,999,"2021",0.002002002002002,"Goldfish",23160,"High","Warm"
"11095","Goldfish",2021,14,8,999,"2021",0.00800800800800801,"Goldfish",23160,"High","Warm"
"11096","Goldfish",2021,21,40,999,"2021",0.04004004004004,"Goldfish",23160,"High","Warm"
"11097","Goldfish",2021,11,13,999,"2021",0.013013013013013,"Goldfish",23160,"High","Warm"
"11098","Goldfish",2021,29,1,999,"2021",0.001001001001001,"Goldfish",23160,"High","Warm"
"11099","Goldfish",2021,12,26,999,"2021",0.026026026026026,"Goldfish",23160,"High","Warm"
"11100","Goldfish",2021,22,15,999,"2021",0.015015015015015,"Goldfish",23160,"High","Warm"
"11101","Goldfish",2021,33,3,999,"2021",0.003003003003003,"Goldfish",23160,"High","Warm"
"11102","Goldfish",2021,35,2,999,"2021",0.002002002002002,"Goldfish",23160,"High","Warm"
"11103","Goldfish",2021,20,98,999,"2021",0.0980980980980981,"Goldfish",23160,"High","Warm"
"11104","Goldfish",2021,26,0,999,"2021",0,"Goldfish",23160,"High","Warm"
"11105","Goldfish",2021,15,542,999,"2021",0.542542542542543,"Goldfish",23160,"High","Warm"
"11106","Goldfish",2021,23,2,999,"2021",0.002002002002002,"Goldfish",23160,"High","Warm"
"11107","Goldfish",2021,19,6,999,"2021",0.00600600600600601,"Goldfish",23160,"High","Warm"
"11108","Goldfish",2021,16,110,999,"2021",0.11011011011011,"Goldfish",23160,"High","Warm"
"11109","Goldfish",2021,27,1,999,"2021",0.001001001001001,"Goldfish",23160,"High","Warm"
"11110","Goldfish",2021,18,9,999,"2021",0.00900900900900901,"Goldfish",23160,"High","Warm"
"11111","Goldfish",2021,28,3,999,"2021",0.003003003003003,"Goldfish",23160,"High","Warm"
"11112","Goldfish",2021,25,0,999,"2021",0,"Goldfish",23160,"High","Warm"
"11113","Goldfish",2021,13,91,999,"2021",0.0910910910910911,"Goldfish",23160,"High","Warm"
"11114","Goldfish",2021,31,0,999,"2021",0,"Goldfish",23160,"High","Warm"
"11115","Goldfish",2021,24,0,999,"2021",0,"Goldfish",23160,"High","Warm"
"11116","Goldfish",2021,30,1,999,"2021",0.001001001001001,"Goldfish",23160,"High","Warm"
"11117","Goldfish",2021,17,25,999,"2021",0.025025025025025,"Goldfish",23160,"High","Warm"
"11118","Goldfish",2021,32,1,999,"2021",0.001001001001001,"Goldfish",23160,"High","Warm"
"11119","Goldfish",2022,29,0,305,"2022",0,"Goldfish",23160,"High","Warm"
"11120","Goldfish",2022,12,0,305,"2022",0,"Goldfish",23160,"High","Warm"
"11121","Goldfish",2022,14,4,305,"2022",0.0131147540983607,"Goldfish",23160,"High","Warm"
"11122","Goldfish",2022,16,2,305,"2022",0.00655737704918033,"Goldfish",23160,"High","Warm"
"11123","Goldfish",2022,23,0,305,"2022",0,"Goldfish",23160,"High","Warm"
"11124","Goldfish",2022,33,0,305,"2022",0,"Goldfish",23160,"High","Warm"
"11125","Goldfish",2022,13,0,305,"2022",0,"Goldfish",23160,"High","Warm"
"11126","Goldfish",2022,15,13,305,"2022",0.0426229508196721,"Goldfish",23160,"High","Warm"
"11127","Goldfish",2022,35,6,305,"2022",0.019672131147541,"Goldfish",23160,"High","Warm"
"11128","Goldfish",2022,28,0,305,"2022",0,"Goldfish",23160,"High","Warm"
"11129","Goldfish",2022,17,44,305,"2022",0.144262295081967,"Goldfish",23160,"High","Warm"
"11130","Goldfish",2022,32,0,305,"2022",0,"Goldfish",23160,"High","Warm"
"11131","Goldfish",2022,21,21,305,"2022",0.0688524590163934,"Goldfish",23160,"High","Warm"
"11132","Goldfish",2022,18,10,305,"2022",0.0327868852459016,"Goldfish",23160,"High","Warm"
"11133","Goldfish",2022,30,0,305,"2022",0,"Goldfish",23160,"High","Warm"
"11134","Goldfish",2022,31,0,305,"2022",0,"Goldfish",23160,"High","Warm"
"11135","Goldfish",2022,20,62,305,"2022",0.20327868852459,"Goldfish",23160,"High","Warm"
"11136","Goldfish",2022,22,1,305,"2022",0.00327868852459016,"Goldfish",23160,"High","Warm"
"11137","Goldfish",2022,26,2,305,"2022",0.00655737704918033,"Goldfish",23160,"High","Warm"
"11138","Goldfish",2022,34,1,305,"2022",0.00327868852459016,"Goldfish",23160,"High","Warm"
"11139","Goldfish",2022,25,1,305,"2022",0.00327868852459016,"Goldfish",23160,"High","Warm"
"11140","Goldfish",2022,19,138,305,"2022",0.452459016393443,"Goldfish",23160,"High","Warm"
"11141","Goldfish",2022,24,0,305,"2022",0,"Goldfish",23160,"High","Warm"
"11142","Goldfish",2022,27,0,305,"2022",0,"Goldfish",23160,"High","Warm"
"12457","Largemouth Bass",2001,17,2,14,"2001",0.142857142857143,"Largemouth Bass",598,"Mod","Warm"
"12458","Largemouth Bass",2001,14,0,14,"2001",0,"Largemouth Bass",598,"Mod","Warm"
"12459","Largemouth Bass",2001,11,0,14,"2001",0,"Largemouth Bass",598,"Mod","Warm"
"12460","Largemouth Bass",2001,28,0,14,"2001",0,"Largemouth Bass",598,"Mod","Warm"
"12461","Largemouth Bass",2001,24,0,14,"2001",0,"Largemouth Bass",598,"Mod","Warm"
"12462","Largemouth Bass",2001,18,3,14,"2001",0.214285714285714,"Largemouth Bass",598,"Mod","Warm"
"12463","Largemouth Bass",2001,21,2,14,"2001",0.142857142857143,"Largemouth Bass",598,"Mod","Warm"
"12464","Largemouth Bass",2001,35,0,14,"2001",0,"Largemouth Bass",598,"Mod","Warm"
"12465","Largemouth Bass",2001,16,0,14,"2001",0,"Largemouth Bass",598,"Mod","Warm"
"12466","Largemouth Bass",2001,22,0,14,"2001",0,"Largemouth Bass",598,"Mod","Warm"
"12467","Largemouth Bass",2001,15,0,14,"2001",0,"Largemouth Bass",598,"Mod","Warm"
"12468","Largemouth Bass",2001,27,0,14,"2001",0,"Largemouth Bass",598,"Mod","Warm"
"12469","Largemouth Bass",2001,12,0,14,"2001",0,"Largemouth Bass",598,"Mod","Warm"
"12470","Largemouth Bass",2001,13,0,14,"2001",0,"Largemouth Bass",598,"Mod","Warm"
"12471","Largemouth Bass",2001,31,1,14,"2001",0.0714285714285714,"Largemouth Bass",598,"Mod","Warm"
"12472","Largemouth Bass",2001,25,0,14,"2001",0,"Largemouth Bass",598,"Mod","Warm"
"12473","Largemouth Bass",2001,23,0,14,"2001",0,"Largemouth Bass",598,"Mod","Warm"
"12474","Largemouth Bass",2001,30,0,14,"2001",0,"Largemouth Bass",598,"Mod","Warm"
"12475","Largemouth Bass",2001,33,0,14,"2001",0,"Largemouth Bass",598,"Mod","Warm"
"12476","Largemouth Bass",2001,34,0,14,"2001",0,"Largemouth Bass",598,"Mod","Warm"
"12477","Largemouth Bass",2001,29,0,14,"2001",0,"Largemouth Bass",598,"Mod","Warm"
"12478","Largemouth Bass",2001,26,1,14,"2001",0.0714285714285714,"Largemouth Bass",598,"Mod","Warm"
"12479","Largemouth Bass",2001,19,2,14,"2001",0.142857142857143,"Largemouth Bass",598,"Mod","Warm"
"12480","Largemouth Bass",2001,20,2,14,"2001",0.142857142857143,"Largemouth Bass",598,"Mod","Warm"
"12481","Largemouth Bass",2001,32,1,14,"2001",0.0714285714285714,"Largemouth Bass",598,"Mod","Warm"
"12482","Largemouth Bass",2002,26,2,30,"2002",0.0666666666666667,"Largemouth Bass",598,"Mod","Warm"
"12483","Largemouth Bass",2002,24,0,30,"2002",0,"Largemouth Bass",598,"Mod","Warm"
"12484","Largemouth Bass",2002,16,8,30,"2002",0.266666666666667,"Largemouth Bass",598,"Mod","Warm"
"12485","Largemouth Bass",2002,25,0,30,"2002",0,"Largemouth Bass",598,"Mod","Warm"
"12486","Largemouth Bass",2002,17,2,30,"2002",0.0666666666666667,"Largemouth Bass",598,"Mod","Warm"
"12487","Largemouth Bass",2002,15,2,30,"2002",0.0666666666666667,"Largemouth Bass",598,"Mod","Warm"
"12488","Largemouth Bass",2002,34,0,30,"2002",0,"Largemouth Bass",598,"Mod","Warm"
"12489","Largemouth Bass",2002,18,4,30,"2002",0.133333333333333,"Largemouth Bass",598,"Mod","Warm"
"12490","Largemouth Bass",2002,14,0,30,"2002",0,"Largemouth Bass",598,"Mod","Warm"
"12491","Largemouth Bass",2002,35,0,30,"2002",0,"Largemouth Bass",598,"Mod","Warm"
"12492","Largemouth Bass",2002,31,0,30,"2002",0,"Largemouth Bass",598,"Mod","Warm"
"12493","Largemouth Bass",2002,28,1,30,"2002",0.0333333333333333,"Largemouth Bass",598,"Mod","Warm"
"12494","Largemouth Bass",2002,22,0,30,"2002",0,"Largemouth Bass",598,"Mod","Warm"
"12495","Largemouth Bass",2002,11,0,30,"2002",0,"Largemouth Bass",598,"Mod","Warm"
"12496","Largemouth Bass",2002,19,2,30,"2002",0.0666666666666667,"Largemouth Bass",598,"Mod","Warm"
"12497","Largemouth Bass",2002,30,0,30,"2002",0,"Largemouth Bass",598,"Mod","Warm"
"12498","Largemouth Bass",2002,33,1,30,"2002",0.0333333333333333,"Largemouth Bass",598,"Mod","Warm"
"12499","Largemouth Bass",2002,27,0,30,"2002",0,"Largemouth Bass",598,"Mod","Warm"
"12500","Largemouth Bass",2002,32,1,30,"2002",0.0333333333333333,"Largemouth Bass",598,"Mod","Warm"
"12501","Largemouth Bass",2002,10,0,30,"2002",0,"Largemouth Bass",598,"Mod","Warm"
"12502","Largemouth Bass",2002,23,1,30,"2002",0.0333333333333333,"Largemouth Bass",598,"Mod","Warm"
"12503","Largemouth Bass",2002,20,1,30,"2002",0.0333333333333333,"Largemouth Bass",598,"Mod","Warm"
"12504","Largemouth Bass",2002,21,2,30,"2002",0.0666666666666667,"Largemouth Bass",598,"Mod","Warm"
"12505","Largemouth Bass",2002,29,3,30,"2002",0.1,"Largemouth Bass",598,"Mod","Warm"
"12506","Largemouth Bass",2002,13,0,30,"2002",0,"Largemouth Bass",598,"Mod","Warm"
"12507","Largemouth Bass",2002,12,0,30,"2002",0,"Largemouth Bass",598,"Mod","Warm"
"12508","Largemouth Bass",2003,17,7,39,"2003",0.179487179487179,"Largemouth Bass",598,"Mod","Warm"
"12509","Largemouth Bass",2003,12,0,39,"2003",0,"Largemouth Bass",598,"Mod","Warm"
"12510","Largemouth Bass",2003,14,0,39,"2003",0,"Largemouth Bass",598,"Mod","Warm"
"12511","Largemouth Bass",2003,20,2,39,"2003",0.0512820512820513,"Largemouth Bass",598,"Mod","Warm"
"12512","Largemouth Bass",2003,13,0,39,"2003",0,"Largemouth Bass",598,"Mod","Warm"
"12513","Largemouth Bass",2003,22,0,39,"2003",0,"Largemouth Bass",598,"Mod","Warm"
"12514","Largemouth Bass",2003,30,1,39,"2003",0.0256410256410256,"Largemouth Bass",598,"Mod","Warm"
"12515","Largemouth Bass",2003,16,0,39,"2003",0,"Largemouth Bass",598,"Mod","Warm"
"12516","Largemouth Bass",2003,18,9,39,"2003",0.230769230769231,"Largemouth Bass",598,"Mod","Warm"
"12517","Largemouth Bass",2003,26,0,39,"2003",0,"Largemouth Bass",598,"Mod","Warm"
"12518","Largemouth Bass",2003,29,1,39,"2003",0.0256410256410256,"Largemouth Bass",598,"Mod","Warm"
"12519","Largemouth Bass",2003,23,0,39,"2003",0,"Largemouth Bass",598,"Mod","Warm"
"12520","Largemouth Bass",2003,15,0,39,"2003",0,"Largemouth Bass",598,"Mod","Warm"
"12521","Largemouth Bass",2003,27,0,39,"2003",0,"Largemouth Bass",598,"Mod","Warm"
"12522","Largemouth Bass",2003,21,3,39,"2003",0.0769230769230769,"Largemouth Bass",598,"Mod","Warm"
"12523","Largemouth Bass",2003,28,1,39,"2003",0.0256410256410256,"Largemouth Bass",598,"Mod","Warm"
"12524","Largemouth Bass",2003,19,5,39,"2003",0.128205128205128,"Largemouth Bass",598,"Mod","Warm"
"12525","Largemouth Bass",2003,25,0,39,"2003",0,"Largemouth Bass",598,"Mod","Warm"
"12526","Largemouth Bass",2003,34,3,39,"2003",0.0769230769230769,"Largemouth Bass",598,"Mod","Warm"
"12527","Largemouth Bass",2003,24,0,39,"2003",0,"Largemouth Bass",598,"Mod","Warm"
"12528","Largemouth Bass",2003,35,3,39,"2003",0.0769230769230769,"Largemouth Bass",598,"Mod","Warm"
"12529","Largemouth Bass",2003,33,1,39,"2003",0.0256410256410256,"Largemouth Bass",598,"Mod","Warm"
"12530","Largemouth Bass",2003,32,1,39,"2003",0.0256410256410256,"Largemouth Bass",598,"Mod","Warm"
"12531","Largemouth Bass",2003,31,2,39,"2003",0.0512820512820513,"Largemouth Bass",598,"Mod","Warm"
"12532","Largemouth Bass",2004,12,0,30,"2004",0,"Largemouth Bass",598,"Mod","Warm"
"12533","Largemouth Bass",2004,31,2,30,"2004",0.0666666666666667,"Largemouth Bass",598,"Mod","Warm"
"12534","Largemouth Bass",2004,14,0,30,"2004",0,"Largemouth Bass",598,"Mod","Warm"
"12535","Largemouth Bass",2004,30,2,30,"2004",0.0666666666666667,"Largemouth Bass",598,"Mod","Warm"
"12536","Largemouth Bass",2004,13,1,30,"2004",0.0333333333333333,"Largemouth Bass",598,"Mod","Warm"
"12537","Largemouth Bass",2004,15,0,30,"2004",0,"Largemouth Bass",598,"Mod","Warm"
"12538","Largemouth Bass",2004,21,0,30,"2004",0,"Largemouth Bass",598,"Mod","Warm"
"12539","Largemouth Bass",2004,25,0,30,"2004",0,"Largemouth Bass",598,"Mod","Warm"
"12540","Largemouth Bass",2004,18,2,30,"2004",0.0666666666666667,"Largemouth Bass",598,"Mod","Warm"
"12541","Largemouth Bass",2004,26,0,30,"2004",0,"Largemouth Bass",598,"Mod","Warm"
"12542","Largemouth Bass",2004,22,1,30,"2004",0.0333333333333333,"Largemouth Bass",598,"Mod","Warm"
"12543","Largemouth Bass",2004,20,1,30,"2004",0.0333333333333333,"Largemouth Bass",598,"Mod","Warm"
"12544","Largemouth Bass",2004,24,1,30,"2004",0.0333333333333333,"Largemouth Bass",598,"Mod","Warm"
"12545","Largemouth Bass",2004,34,0,30,"2004",0,"Largemouth Bass",598,"Mod","Warm"
"12546","Largemouth Bass",2004,19,6,30,"2004",0.2,"Largemouth Bass",598,"Mod","Warm"
"12547","Largemouth Bass",2004,32,2,30,"2004",0.0666666666666667,"Largemouth Bass",598,"Mod","Warm"
"12548","Largemouth Bass",2004,23,0,30,"2004",0,"Largemouth Bass",598,"Mod","Warm"
"12549","Largemouth Bass",2004,17,4,30,"2004",0.133333333333333,"Largemouth Bass",598,"Mod","Warm"
"12550","Largemouth Bass",2004,35,0,30,"2004",0,"Largemouth Bass",598,"Mod","Warm"
"12551","Largemouth Bass",2004,27,0,30,"2004",0,"Largemouth Bass",598,"Mod","Warm"
"12552","Largemouth Bass",2004,29,0,30,"2004",0,"Largemouth Bass",598,"Mod","Warm"
"12553","Largemouth Bass",2004,16,7,30,"2004",0.233333333333333,"Largemouth Bass",598,"Mod","Warm"
"12554","Largemouth Bass",2004,28,0,30,"2004",0,"Largemouth Bass",598,"Mod","Warm"
"12555","Largemouth Bass",2004,33,1,30,"2004",0.0333333333333333,"Largemouth Bass",598,"Mod","Warm"
"12556","Largemouth Bass",2005,22,1,22,"2005",0.0454545454545455,"Largemouth Bass",598,"Mod","Warm"
"12557","Largemouth Bass",2005,14,0,22,"2005",0,"Largemouth Bass",598,"Mod","Warm"
"12558","Largemouth Bass",2005,23,0,22,"2005",0,"Largemouth Bass",598,"Mod","Warm"
"12559","Largemouth Bass",2005,13,0,22,"2005",0,"Largemouth Bass",598,"Mod","Warm"
"12560","Largemouth Bass",2005,35,0,22,"2005",0,"Largemouth Bass",598,"Mod","Warm"
"12561","Largemouth Bass",2005,19,6,22,"2005",0.272727272727273,"Largemouth Bass",598,"Mod","Warm"
"12562","Largemouth Bass",2005,33,0,22,"2005",0,"Largemouth Bass",598,"Mod","Warm"
"12563","Largemouth Bass",2005,18,0,22,"2005",0,"Largemouth Bass",598,"Mod","Warm"
"12564","Largemouth Bass",2005,17,4,22,"2005",0.181818181818182,"Largemouth Bass",598,"Mod","Warm"
"12565","Largemouth Bass",2005,28,0,22,"2005",0,"Largemouth Bass",598,"Mod","Warm"
"12566","Largemouth Bass",2005,26,0,22,"2005",0,"Largemouth Bass",598,"Mod","Warm"
"12567","Largemouth Bass",2005,15,1,22,"2005",0.0454545454545455,"Largemouth Bass",598,"Mod","Warm"
"12568","Largemouth Bass",2005,12,0,22,"2005",0,"Largemouth Bass",598,"Mod","Warm"
"12569","Largemouth Bass",2005,34,0,22,"2005",0,"Largemouth Bass",598,"Mod","Warm"
"12570","Largemouth Bass",2005,25,0,22,"2005",0,"Largemouth Bass",598,"Mod","Warm"
"12571","Largemouth Bass",2005,31,0,22,"2005",0,"Largemouth Bass",598,"Mod","Warm"
"12572","Largemouth Bass",2005,32,1,22,"2005",0.0454545454545455,"Largemouth Bass",598,"Mod","Warm"
"12573","Largemouth Bass",2005,27,0,22,"2005",0,"Largemouth Bass",598,"Mod","Warm"
"12574","Largemouth Bass",2005,24,0,22,"2005",0,"Largemouth Bass",598,"Mod","Warm"
"12575","Largemouth Bass",2005,30,0,22,"2005",0,"Largemouth Bass",598,"Mod","Warm"
"12576","Largemouth Bass",2005,20,3,22,"2005",0.136363636363636,"Largemouth Bass",598,"Mod","Warm"
"12577","Largemouth Bass",2005,16,4,22,"2005",0.181818181818182,"Largemouth Bass",598,"Mod","Warm"
"12578","Largemouth Bass",2005,29,1,22,"2005",0.0454545454545455,"Largemouth Bass",598,"Mod","Warm"
"12579","Largemouth Bass",2005,21,1,22,"2005",0.0454545454545455,"Largemouth Bass",598,"Mod","Warm"
"12580","Largemouth Bass",2006,26,0,11,"2006",0,"Largemouth Bass",598,"Mod","Warm"
"12581","Largemouth Bass",2006,32,0,11,"2006",0,"Largemouth Bass",598,"Mod","Warm"
"12582","Largemouth Bass",2006,23,1,11,"2006",0.0909090909090909,"Largemouth Bass",598,"Mod","Warm"
"12583","Largemouth Bass",2006,14,0,11,"2006",0,"Largemouth Bass",598,"Mod","Warm"
"12584","Largemouth Bass",2006,18,3,11,"2006",0.272727272727273,"Largemouth Bass",598,"Mod","Warm"
"12585","Largemouth Bass",2006,11,0,11,"2006",0,"Largemouth Bass",598,"Mod","Warm"
"12586","Largemouth Bass",2006,33,1,11,"2006",0.0909090909090909,"Largemouth Bass",598,"Mod","Warm"
"12587","Largemouth Bass",2006,16,1,11,"2006",0.0909090909090909,"Largemouth Bass",598,"Mod","Warm"
"12588","Largemouth Bass",2006,22,0,11,"2006",0,"Largemouth Bass",598,"Mod","Warm"
"12589","Largemouth Bass",2006,17,1,11,"2006",0.0909090909090909,"Largemouth Bass",598,"Mod","Warm"
"12590","Largemouth Bass",2006,31,0,11,"2006",0,"Largemouth Bass",598,"Mod","Warm"
"12591","Largemouth Bass",2006,15,2,11,"2006",0.181818181818182,"Largemouth Bass",598,"Mod","Warm"
"12592","Largemouth Bass",2006,13,0,11,"2006",0,"Largemouth Bass",598,"Mod","Warm"
"12593","Largemouth Bass",2006,24,1,11,"2006",0.0909090909090909,"Largemouth Bass",598,"Mod","Warm"
"12594","Largemouth Bass",2006,34,0,11,"2006",0,"Largemouth Bass",598,"Mod","Warm"
"12595","Largemouth Bass",2006,12,0,11,"2006",0,"Largemouth Bass",598,"Mod","Warm"
"12596","Largemouth Bass",2006,35,0,11,"2006",0,"Largemouth Bass",598,"Mod","Warm"
"12597","Largemouth Bass",2006,30,0,11,"2006",0,"Largemouth Bass",598,"Mod","Warm"
"12598","Largemouth Bass",2006,19,0,11,"2006",0,"Largemouth Bass",598,"Mod","Warm"
"12599","Largemouth Bass",2006,28,0,11,"2006",0,"Largemouth Bass",598,"Mod","Warm"
"12600","Largemouth Bass",2006,20,0,11,"2006",0,"Largemouth Bass",598,"Mod","Warm"
"12601","Largemouth Bass",2006,27,0,11,"2006",0,"Largemouth Bass",598,"Mod","Warm"
"12602","Largemouth Bass",2006,25,0,11,"2006",0,"Largemouth Bass",598,"Mod","Warm"
"12603","Largemouth Bass",2006,21,1,11,"2006",0.0909090909090909,"Largemouth Bass",598,"Mod","Warm"
"12604","Largemouth Bass",2006,29,0,11,"2006",0,"Largemouth Bass",598,"Mod","Warm"
"12605","Largemouth Bass",2007,31,2,23,"2007",0.0869565217391304,"Largemouth Bass",598,"Mod","Warm"
"12606","Largemouth Bass",2007,32,4,23,"2007",0.173913043478261,"Largemouth Bass",598,"Mod","Warm"
"12607","Largemouth Bass",2007,16,2,23,"2007",0.0869565217391304,"Largemouth Bass",598,"Mod","Warm"
"12608","Largemouth Bass",2007,29,0,23,"2007",0,"Largemouth Bass",598,"Mod","Warm"
"12609","Largemouth Bass",2007,35,0,23,"2007",0,"Largemouth Bass",598,"Mod","Warm"
"12610","Largemouth Bass",2007,24,0,23,"2007",0,"Largemouth Bass",598,"Mod","Warm"
"12611","Largemouth Bass",2007,13,0,23,"2007",0,"Largemouth Bass",598,"Mod","Warm"
"12612","Largemouth Bass",2007,30,0,23,"2007",0,"Largemouth Bass",598,"Mod","Warm"
"12613","Largemouth Bass",2007,27,0,23,"2007",0,"Largemouth Bass",598,"Mod","Warm"
"12614","Largemouth Bass",2007,17,1,23,"2007",0.0434782608695652,"Largemouth Bass",598,"Mod","Warm"
"12615","Largemouth Bass",2007,34,0,23,"2007",0,"Largemouth Bass",598,"Mod","Warm"
"12616","Largemouth Bass",2007,22,0,23,"2007",0,"Largemouth Bass",598,"Mod","Warm"
"12617","Largemouth Bass",2007,14,0,23,"2007",0,"Largemouth Bass",598,"Mod","Warm"
"12618","Largemouth Bass",2007,33,0,23,"2007",0,"Largemouth Bass",598,"Mod","Warm"
"12619","Largemouth Bass",2007,18,10,23,"2007",0.434782608695652,"Largemouth Bass",598,"Mod","Warm"
"12620","Largemouth Bass",2007,20,2,23,"2007",0.0869565217391304,"Largemouth Bass",598,"Mod","Warm"
"12621","Largemouth Bass",2007,25,0,23,"2007",0,"Largemouth Bass",598,"Mod","Warm"
"12622","Largemouth Bass",2007,21,0,23,"2007",0,"Largemouth Bass",598,"Mod","Warm"
"12623","Largemouth Bass",2007,23,0,23,"2007",0,"Largemouth Bass",598,"Mod","Warm"
"12624","Largemouth Bass",2007,15,0,23,"2007",0,"Largemouth Bass",598,"Mod","Warm"
"12625","Largemouth Bass",2007,28,0,23,"2007",0,"Largemouth Bass",598,"Mod","Warm"
"12626","Largemouth Bass",2007,12,0,23,"2007",0,"Largemouth Bass",598,"Mod","Warm"
"12627","Largemouth Bass",2007,19,2,23,"2007",0.0869565217391304,"Largemouth Bass",598,"Mod","Warm"
"12628","Largemouth Bass",2007,26,0,23,"2007",0,"Largemouth Bass",598,"Mod","Warm"
"12629","Largemouth Bass",2008,22,0,37,"2008",0,"Largemouth Bass",598,"Mod","Warm"
"12630","Largemouth Bass",2008,13,0,37,"2008",0,"Largemouth Bass",598,"Mod","Warm"
"12631","Largemouth Bass",2008,14,0,37,"2008",0,"Largemouth Bass",598,"Mod","Warm"
"12632","Largemouth Bass",2008,27,0,37,"2008",0,"Largemouth Bass",598,"Mod","Warm"
"12633","Largemouth Bass",2008,25,0,37,"2008",0,"Largemouth Bass",598,"Mod","Warm"
"12634","Largemouth Bass",2008,19,6,37,"2008",0.162162162162162,"Largemouth Bass",598,"Mod","Warm"
"12635","Largemouth Bass",2008,33,3,37,"2008",0.0810810810810811,"Largemouth Bass",598,"Mod","Warm"
"12636","Largemouth Bass",2008,15,2,37,"2008",0.0540540540540541,"Largemouth Bass",598,"Mod","Warm"
"12637","Largemouth Bass",2008,18,0,37,"2008",0,"Largemouth Bass",598,"Mod","Warm"
"12638","Largemouth Bass",2008,28,1,37,"2008",0.027027027027027,"Largemouth Bass",598,"Mod","Warm"
"12639","Largemouth Bass",2008,29,0,37,"2008",0,"Largemouth Bass",598,"Mod","Warm"
"12640","Largemouth Bass",2008,32,0,37,"2008",0,"Largemouth Bass",598,"Mod","Warm"
"12641","Largemouth Bass",2008,30,0,37,"2008",0,"Largemouth Bass",598,"Mod","Warm"
"12642","Largemouth Bass",2008,17,7,37,"2008",0.189189189189189,"Largemouth Bass",598,"Mod","Warm"
"12643","Largemouth Bass",2008,35,1,37,"2008",0.027027027027027,"Largemouth Bass",598,"Mod","Warm"
"12644","Largemouth Bass",2008,24,1,37,"2008",0.027027027027027,"Largemouth Bass",598,"Mod","Warm"
"12645","Largemouth Bass",2008,16,10,37,"2008",0.27027027027027,"Largemouth Bass",598,"Mod","Warm"
"12646","Largemouth Bass",2008,21,1,37,"2008",0.027027027027027,"Largemouth Bass",598,"Mod","Warm"
"12647","Largemouth Bass",2008,23,0,37,"2008",0,"Largemouth Bass",598,"Mod","Warm"
"12648","Largemouth Bass",2008,26,1,37,"2008",0.027027027027027,"Largemouth Bass",598,"Mod","Warm"
"12649","Largemouth Bass",2008,31,1,37,"2008",0.027027027027027,"Largemouth Bass",598,"Mod","Warm"
"12650","Largemouth Bass",2008,20,3,37,"2008",0.0810810810810811,"Largemouth Bass",598,"Mod","Warm"
"12651","Largemouth Bass",2008,34,0,37,"2008",0,"Largemouth Bass",598,"Mod","Warm"
"12652","Largemouth Bass",2009,16,7,44,"2009",0.159090909090909,"Largemouth Bass",598,"Mod","Warm"
"12653","Largemouth Bass",2009,14,0,44,"2009",0,"Largemouth Bass",598,"Mod","Warm"
"12654","Largemouth Bass",2009,24,0,44,"2009",0,"Largemouth Bass",598,"Mod","Warm"
"12655","Largemouth Bass",2009,20,0,44,"2009",0,"Largemouth Bass",598,"Mod","Warm"
"12656","Largemouth Bass",2009,25,0,44,"2009",0,"Largemouth Bass",598,"Mod","Warm"
"12657","Largemouth Bass",2009,18,13,44,"2009",0.295454545454545,"Largemouth Bass",598,"Mod","Warm"
"12658","Largemouth Bass",2009,11,0,44,"2009",0,"Largemouth Bass",598,"Mod","Warm"
"12659","Largemouth Bass",2009,31,1,44,"2009",0.0227272727272727,"Largemouth Bass",598,"Mod","Warm"
"12660","Largemouth Bass",2009,35,0,44,"2009",0,"Largemouth Bass",598,"Mod","Warm"
"12661","Largemouth Bass",2009,33,0,44,"2009",0,"Largemouth Bass",598,"Mod","Warm"
"12662","Largemouth Bass",2009,12,0,44,"2009",0,"Largemouth Bass",598,"Mod","Warm"
"12663","Largemouth Bass",2009,19,1,44,"2009",0.0227272727272727,"Largemouth Bass",598,"Mod","Warm"
"12664","Largemouth Bass",2009,23,0,44,"2009",0,"Largemouth Bass",598,"Mod","Warm"
"12665","Largemouth Bass",2009,32,0,44,"2009",0,"Largemouth Bass",598,"Mod","Warm"
"12666","Largemouth Bass",2009,15,2,44,"2009",0.0454545454545455,"Largemouth Bass",598,"Mod","Warm"
"12667","Largemouth Bass",2009,26,0,44,"2009",0,"Largemouth Bass",598,"Mod","Warm"
"12668","Largemouth Bass",2009,17,14,44,"2009",0.318181818181818,"Largemouth Bass",598,"Mod","Warm"
"12669","Largemouth Bass",2009,27,0,44,"2009",0,"Largemouth Bass",598,"Mod","Warm"
"12670","Largemouth Bass",2009,13,0,44,"2009",0,"Largemouth Bass",598,"Mod","Warm"
"12671","Largemouth Bass",2009,29,0,44,"2009",0,"Largemouth Bass",598,"Mod","Warm"
"12672","Largemouth Bass",2009,21,4,44,"2009",0.0909090909090909,"Largemouth Bass",598,"Mod","Warm"
"12673","Largemouth Bass",2009,30,0,44,"2009",0,"Largemouth Bass",598,"Mod","Warm"
"12674","Largemouth Bass",2009,22,1,44,"2009",0.0227272727272727,"Largemouth Bass",598,"Mod","Warm"
"12675","Largemouth Bass",2009,28,1,44,"2009",0.0227272727272727,"Largemouth Bass",598,"Mod","Warm"
"12676","Largemouth Bass",2009,34,0,44,"2009",0,"Largemouth Bass",598,"Mod","Warm"
"12677","Largemouth Bass",2010,25,0,34,"2010",0,"Largemouth Bass",598,"Mod","Warm"
"12678","Largemouth Bass",2010,24,0,34,"2010",0,"Largemouth Bass",598,"Mod","Warm"
"12679","Largemouth Bass",2010,26,1,34,"2010",0.0294117647058824,"Largemouth Bass",598,"Mod","Warm"
"12680","Largemouth Bass",2010,29,0,34,"2010",0,"Largemouth Bass",598,"Mod","Warm"
"12681","Largemouth Bass",2010,35,0,34,"2010",0,"Largemouth Bass",598,"Mod","Warm"
"12682","Largemouth Bass",2010,15,7,34,"2010",0.205882352941176,"Largemouth Bass",598,"Mod","Warm"
"12683","Largemouth Bass",2010,27,1,34,"2010",0.0294117647058824,"Largemouth Bass",598,"Mod","Warm"
"12684","Largemouth Bass",2010,32,1,34,"2010",0.0294117647058824,"Largemouth Bass",598,"Mod","Warm"
"12685","Largemouth Bass",2010,31,0,34,"2010",0,"Largemouth Bass",598,"Mod","Warm"
"12686","Largemouth Bass",2010,13,0,34,"2010",0,"Largemouth Bass",598,"Mod","Warm"
"12687","Largemouth Bass",2010,14,8,34,"2010",0.235294117647059,"Largemouth Bass",598,"Mod","Warm"
"12688","Largemouth Bass",2010,23,0,34,"2010",0,"Largemouth Bass",598,"Mod","Warm"
"12689","Largemouth Bass",2010,34,0,34,"2010",0,"Largemouth Bass",598,"Mod","Warm"
"12690","Largemouth Bass",2010,28,1,34,"2010",0.0294117647058824,"Largemouth Bass",598,"Mod","Warm"
"12691","Largemouth Bass",2010,11,0,34,"2010",0,"Largemouth Bass",598,"Mod","Warm"
"12692","Largemouth Bass",2010,22,0,34,"2010",0,"Largemouth Bass",598,"Mod","Warm"
"12693","Largemouth Bass",2010,33,1,34,"2010",0.0294117647058824,"Largemouth Bass",598,"Mod","Warm"
"12694","Largemouth Bass",2010,16,1,34,"2010",0.0294117647058824,"Largemouth Bass",598,"Mod","Warm"
"12695","Largemouth Bass",2010,30,0,34,"2010",0,"Largemouth Bass",598,"Mod","Warm"
"12696","Largemouth Bass",2010,21,0,34,"2010",0,"Largemouth Bass",598,"Mod","Warm"
"12697","Largemouth Bass",2010,20,7,34,"2010",0.205882352941176,"Largemouth Bass",598,"Mod","Warm"
"12698","Largemouth Bass",2010,12,2,34,"2010",0.0588235294117647,"Largemouth Bass",598,"Mod","Warm"
"12699","Largemouth Bass",2010,17,2,34,"2010",0.0588235294117647,"Largemouth Bass",598,"Mod","Warm"
"12700","Largemouth Bass",2010,19,1,34,"2010",0.0294117647058824,"Largemouth Bass",598,"Mod","Warm"
"12701","Largemouth Bass",2010,18,1,34,"2010",0.0294117647058824,"Largemouth Bass",598,"Mod","Warm"
"12702","Largemouth Bass",2011,29,3,54,"2011",0.0555555555555556,"Largemouth Bass",598,"Mod","Warm"
"12703","Largemouth Bass",2011,28,0,54,"2011",0,"Largemouth Bass",598,"Mod","Warm"
"12704","Largemouth Bass",2011,20,2,54,"2011",0.037037037037037,"Largemouth Bass",598,"Mod","Warm"
"12705","Largemouth Bass",2011,30,4,54,"2011",0.0740740740740741,"Largemouth Bass",598,"Mod","Warm"
"12706","Largemouth Bass",2011,33,0,54,"2011",0,"Largemouth Bass",598,"Mod","Warm"
"12707","Largemouth Bass",2011,25,1,54,"2011",0.0185185185185185,"Largemouth Bass",598,"Mod","Warm"
"12708","Largemouth Bass",2011,11,0,54,"2011",0,"Largemouth Bass",598,"Mod","Warm"
"12709","Largemouth Bass",2011,18,11,54,"2011",0.203703703703704,"Largemouth Bass",598,"Mod","Warm"
"12710","Largemouth Bass",2011,27,1,54,"2011",0.0185185185185185,"Largemouth Bass",598,"Mod","Warm"
"12711","Largemouth Bass",2011,24,0,54,"2011",0,"Largemouth Bass",598,"Mod","Warm"
"12712","Largemouth Bass",2011,31,0,54,"2011",0,"Largemouth Bass",598,"Mod","Warm"
"12713","Largemouth Bass",2011,26,0,54,"2011",0,"Largemouth Bass",598,"Mod","Warm"
"12714","Largemouth Bass",2011,13,0,54,"2011",0,"Largemouth Bass",598,"Mod","Warm"
"12715","Largemouth Bass",2011,35,0,54,"2011",0,"Largemouth Bass",598,"Mod","Warm"
"12716","Largemouth Bass",2011,22,0,54,"2011",0,"Largemouth Bass",598,"Mod","Warm"
"12717","Largemouth Bass",2011,23,0,54,"2011",0,"Largemouth Bass",598,"Mod","Warm"
"12718","Largemouth Bass",2011,17,2,54,"2011",0.037037037037037,"Largemouth Bass",598,"Mod","Warm"
"12719","Largemouth Bass",2011,19,19,54,"2011",0.351851851851852,"Largemouth Bass",598,"Mod","Warm"
"12720","Largemouth Bass",2011,14,0,54,"2011",0,"Largemouth Bass",598,"Mod","Warm"
"12721","Largemouth Bass",2011,21,3,54,"2011",0.0555555555555556,"Largemouth Bass",598,"Mod","Warm"
"12722","Largemouth Bass",2011,32,1,54,"2011",0.0185185185185185,"Largemouth Bass",598,"Mod","Warm"
"12723","Largemouth Bass",2011,34,0,54,"2011",0,"Largemouth Bass",598,"Mod","Warm"
"12724","Largemouth Bass",2011,12,0,54,"2011",0,"Largemouth Bass",598,"Mod","Warm"
"12725","Largemouth Bass",2011,15,7,54,"2011",0.12962962962963,"Largemouth Bass",598,"Mod","Warm"
"12726","Largemouth Bass",2011,16,0,54,"2011",0,"Largemouth Bass",598,"Mod","Warm"
"12727","Largemouth Bass",2012,13,1,44,"2012",0.0227272727272727,"Largemouth Bass",598,"Mod","Warm"
"12728","Largemouth Bass",2012,18,1,44,"2012",0.0227272727272727,"Largemouth Bass",598,"Mod","Warm"
"12729","Largemouth Bass",2012,12,10,44,"2012",0.227272727272727,"Largemouth Bass",598,"Mod","Warm"
"12730","Largemouth Bass",2012,17,0,44,"2012",0,"Largemouth Bass",598,"Mod","Warm"
"12731","Largemouth Bass",2012,15,2,44,"2012",0.0454545454545455,"Largemouth Bass",598,"Mod","Warm"
"12732","Largemouth Bass",2012,14,0,44,"2012",0,"Largemouth Bass",598,"Mod","Warm"
"12733","Largemouth Bass",2012,16,6,44,"2012",0.136363636363636,"Largemouth Bass",598,"Mod","Warm"
"12734","Largemouth Bass",2012,11,4,44,"2012",0.0909090909090909,"Largemouth Bass",598,"Mod","Warm"
"12735","Largemouth Bass",2012,22,2,44,"2012",0.0454545454545455,"Largemouth Bass",598,"Mod","Warm"
"12736","Largemouth Bass",2012,24,0,44,"2012",0,"Largemouth Bass",598,"Mod","Warm"
"12737","Largemouth Bass",2012,21,1,44,"2012",0.0227272727272727,"Largemouth Bass",598,"Mod","Warm"
"12738","Largemouth Bass",2012,23,3,44,"2012",0.0681818181818182,"Largemouth Bass",598,"Mod","Warm"
"12739","Largemouth Bass",2012,25,2,44,"2012",0.0454545454545455,"Largemouth Bass",598,"Mod","Warm"
"12740","Largemouth Bass",2012,20,3,44,"2012",0.0681818181818182,"Largemouth Bass",598,"Mod","Warm"
"12741","Largemouth Bass",2012,28,0,44,"2012",0,"Largemouth Bass",598,"Mod","Warm"
"12742","Largemouth Bass",2012,34,0,44,"2012",0,"Largemouth Bass",598,"Mod","Warm"
"12743","Largemouth Bass",2012,33,0,44,"2012",0,"Largemouth Bass",598,"Mod","Warm"
"12744","Largemouth Bass",2012,19,2,44,"2012",0.0454545454545455,"Largemouth Bass",598,"Mod","Warm"
"12745","Largemouth Bass",2012,27,2,44,"2012",0.0454545454545455,"Largemouth Bass",598,"Mod","Warm"
"12746","Largemouth Bass",2012,32,0,44,"2012",0,"Largemouth Bass",598,"Mod","Warm"
"12747","Largemouth Bass",2012,30,1,44,"2012",0.0227272727272727,"Largemouth Bass",598,"Mod","Warm"
"12748","Largemouth Bass",2012,29,1,44,"2012",0.0227272727272727,"Largemouth Bass",598,"Mod","Warm"
"12749","Largemouth Bass",2012,10,0,44,"2012",0,"Largemouth Bass",598,"Mod","Warm"
"12750","Largemouth Bass",2012,26,1,44,"2012",0.0227272727272727,"Largemouth Bass",598,"Mod","Warm"
"12751","Largemouth Bass",2012,31,0,44,"2012",0,"Largemouth Bass",598,"Mod","Warm"
"12752","Largemouth Bass",2012,35,2,44,"2012",0.0454545454545455,"Largemouth Bass",598,"Mod","Warm"
"12753","Largemouth Bass",2013,32,1,27,"2013",0.037037037037037,"Largemouth Bass",598,"Mod","Warm"
"12754","Largemouth Bass",2013,15,2,27,"2013",0.0740740740740741,"Largemouth Bass",598,"Mod","Warm"
"12755","Largemouth Bass",2013,14,0,27,"2013",0,"Largemouth Bass",598,"Mod","Warm"
"12756","Largemouth Bass",2013,24,0,27,"2013",0,"Largemouth Bass",598,"Mod","Warm"
"12757","Largemouth Bass",2013,18,6,27,"2013",0.222222222222222,"Largemouth Bass",598,"Mod","Warm"
"12758","Largemouth Bass",2013,19,0,27,"2013",0,"Largemouth Bass",598,"Mod","Warm"
"12759","Largemouth Bass",2013,20,2,27,"2013",0.0740740740740741,"Largemouth Bass",598,"Mod","Warm"
"12760","Largemouth Bass",2013,33,1,27,"2013",0.037037037037037,"Largemouth Bass",598,"Mod","Warm"
"12761","Largemouth Bass",2013,29,2,27,"2013",0.0740740740740741,"Largemouth Bass",598,"Mod","Warm"
"12762","Largemouth Bass",2013,16,7,27,"2013",0.259259259259259,"Largemouth Bass",598,"Mod","Warm"
"12763","Largemouth Bass",2013,13,0,27,"2013",0,"Largemouth Bass",598,"Mod","Warm"
"12764","Largemouth Bass",2013,21,2,27,"2013",0.0740740740740741,"Largemouth Bass",598,"Mod","Warm"
"12765","Largemouth Bass",2013,34,0,27,"2013",0,"Largemouth Bass",598,"Mod","Warm"
"12766","Largemouth Bass",2013,25,0,27,"2013",0,"Largemouth Bass",598,"Mod","Warm"
"12767","Largemouth Bass",2013,17,3,27,"2013",0.111111111111111,"Largemouth Bass",598,"Mod","Warm"
"12768","Largemouth Bass",2013,27,0,27,"2013",0,"Largemouth Bass",598,"Mod","Warm"
"12769","Largemouth Bass",2013,22,1,27,"2013",0.037037037037037,"Largemouth Bass",598,"Mod","Warm"
"12770","Largemouth Bass",2013,23,0,27,"2013",0,"Largemouth Bass",598,"Mod","Warm"
"12771","Largemouth Bass",2013,12,0,27,"2013",0,"Largemouth Bass",598,"Mod","Warm"
"12772","Largemouth Bass",2013,31,0,27,"2013",0,"Largemouth Bass",598,"Mod","Warm"
"12773","Largemouth Bass",2013,26,0,27,"2013",0,"Largemouth Bass",598,"Mod","Warm"
"12774","Largemouth Bass",2013,28,0,27,"2013",0,"Largemouth Bass",598,"Mod","Warm"
"12775","Largemouth Bass",2013,35,0,27,"2013",0,"Largemouth Bass",598,"Mod","Warm"
"12776","Largemouth Bass",2013,11,0,27,"2013",0,"Largemouth Bass",598,"Mod","Warm"
"12777","Largemouth Bass",2013,30,0,27,"2013",0,"Largemouth Bass",598,"Mod","Warm"
"12778","Largemouth Bass",2014,14,0,35,"2014",0,"Largemouth Bass",598,"Mod","Warm"
"12779","Largemouth Bass",2014,31,1,35,"2014",0.0285714285714286,"Largemouth Bass",598,"Mod","Warm"
"12780","Largemouth Bass",2014,29,0,35,"2014",0,"Largemouth Bass",598,"Mod","Warm"
"12781","Largemouth Bass",2014,21,3,35,"2014",0.0857142857142857,"Largemouth Bass",598,"Mod","Warm"
"12782","Largemouth Bass",2014,15,1,35,"2014",0.0285714285714286,"Largemouth Bass",598,"Mod","Warm"
"12783","Largemouth Bass",2014,20,4,35,"2014",0.114285714285714,"Largemouth Bass",598,"Mod","Warm"
"12784","Largemouth Bass",2014,19,4,35,"2014",0.114285714285714,"Largemouth Bass",598,"Mod","Warm"
"12785","Largemouth Bass",2014,24,0,35,"2014",0,"Largemouth Bass",598,"Mod","Warm"
"12786","Largemouth Bass",2014,30,0,35,"2014",0,"Largemouth Bass",598,"Mod","Warm"
"12787","Largemouth Bass",2014,32,0,35,"2014",0,"Largemouth Bass",598,"Mod","Warm"
"12788","Largemouth Bass",2014,28,3,35,"2014",0.0857142857142857,"Largemouth Bass",598,"Mod","Warm"
"12789","Largemouth Bass",2014,17,5,35,"2014",0.142857142857143,"Largemouth Bass",598,"Mod","Warm"
"12790","Largemouth Bass",2014,13,0,35,"2014",0,"Largemouth Bass",598,"Mod","Warm"
"12791","Largemouth Bass",2014,22,0,35,"2014",0,"Largemouth Bass",598,"Mod","Warm"
"12792","Largemouth Bass",2014,35,0,35,"2014",0,"Largemouth Bass",598,"Mod","Warm"
"12793","Largemouth Bass",2014,16,4,35,"2014",0.114285714285714,"Largemouth Bass",598,"Mod","Warm"
"12794","Largemouth Bass",2014,34,0,35,"2014",0,"Largemouth Bass",598,"Mod","Warm"
"12795","Largemouth Bass",2014,33,0,35,"2014",0,"Largemouth Bass",598,"Mod","Warm"
"12796","Largemouth Bass",2014,27,3,35,"2014",0.0857142857142857,"Largemouth Bass",598,"Mod","Warm"
"12797","Largemouth Bass",2014,25,1,35,"2014",0.0285714285714286,"Largemouth Bass",598,"Mod","Warm"
"12798","Largemouth Bass",2014,23,0,35,"2014",0,"Largemouth Bass",598,"Mod","Warm"
"12799","Largemouth Bass",2014,26,1,35,"2014",0.0285714285714286,"Largemouth Bass",598,"Mod","Warm"
"12800","Largemouth Bass",2014,18,5,35,"2014",0.142857142857143,"Largemouth Bass",598,"Mod","Warm"
"12801","Largemouth Bass",2015,22,1,22,"2015",0.0454545454545455,"Largemouth Bass",598,"Mod","Warm"
"12802","Largemouth Bass",2015,26,1,22,"2015",0.0454545454545455,"Largemouth Bass",598,"Mod","Warm"
"12803","Largemouth Bass",2015,16,5,22,"2015",0.227272727272727,"Largemouth Bass",598,"Mod","Warm"
"12804","Largemouth Bass",2015,24,0,22,"2015",0,"Largemouth Bass",598,"Mod","Warm"
"12805","Largemouth Bass",2015,23,0,22,"2015",0,"Largemouth Bass",598,"Mod","Warm"
"12806","Largemouth Bass",2015,25,1,22,"2015",0.0454545454545455,"Largemouth Bass",598,"Mod","Warm"
"12807","Largemouth Bass",2015,27,0,22,"2015",0,"Largemouth Bass",598,"Mod","Warm"
"12808","Largemouth Bass",2015,14,0,22,"2015",0,"Largemouth Bass",598,"Mod","Warm"
"12809","Largemouth Bass",2015,15,0,22,"2015",0,"Largemouth Bass",598,"Mod","Warm"
"12810","Largemouth Bass",2015,19,3,22,"2015",0.136363636363636,"Largemouth Bass",598,"Mod","Warm"
"12811","Largemouth Bass",2015,20,1,22,"2015",0.0454545454545455,"Largemouth Bass",598,"Mod","Warm"
"12812","Largemouth Bass",2015,28,1,22,"2015",0.0454545454545455,"Largemouth Bass",598,"Mod","Warm"
"12813","Largemouth Bass",2015,18,2,22,"2015",0.0909090909090909,"Largemouth Bass",598,"Mod","Warm"
"12814","Largemouth Bass",2015,34,0,22,"2015",0,"Largemouth Bass",598,"Mod","Warm"
"12815","Largemouth Bass",2015,30,0,22,"2015",0,"Largemouth Bass",598,"Mod","Warm"
"12816","Largemouth Bass",2015,35,1,22,"2015",0.0454545454545455,"Largemouth Bass",598,"Mod","Warm"
"12817","Largemouth Bass",2015,17,2,22,"2015",0.0909090909090909,"Largemouth Bass",598,"Mod","Warm"
"12818","Largemouth Bass",2015,13,0,22,"2015",0,"Largemouth Bass",598,"Mod","Warm"
"12819","Largemouth Bass",2015,29,0,22,"2015",0,"Largemouth Bass",598,"Mod","Warm"
"12820","Largemouth Bass",2015,32,0,22,"2015",0,"Largemouth Bass",598,"Mod","Warm"
"12821","Largemouth Bass",2015,21,1,22,"2015",0.0454545454545455,"Largemouth Bass",598,"Mod","Warm"
"12822","Largemouth Bass",2015,31,3,22,"2015",0.136363636363636,"Largemouth Bass",598,"Mod","Warm"
"12823","Largemouth Bass",2015,33,0,22,"2015",0,"Largemouth Bass",598,"Mod","Warm"
"12824","Largemouth Bass",2016,26,1,34,"2016",0.0294117647058824,"Largemouth Bass",598,"Mod","Warm"
"12825","Largemouth Bass",2016,12,1,34,"2016",0.0294117647058824,"Largemouth Bass",598,"Mod","Warm"
"12826","Largemouth Bass",2016,25,4,34,"2016",0.117647058823529,"Largemouth Bass",598,"Mod","Warm"
"12827","Largemouth Bass",2016,15,0,34,"2016",0,"Largemouth Bass",598,"Mod","Warm"
"12828","Largemouth Bass",2016,11,0,34,"2016",0,"Largemouth Bass",598,"Mod","Warm"
"12829","Largemouth Bass",2016,30,0,34,"2016",0,"Largemouth Bass",598,"Mod","Warm"
"12830","Largemouth Bass",2016,13,0,34,"2016",0,"Largemouth Bass",598,"Mod","Warm"
"12831","Largemouth Bass",2016,21,1,34,"2016",0.0294117647058824,"Largemouth Bass",598,"Mod","Warm"
"12832","Largemouth Bass",2016,33,0,34,"2016",0,"Largemouth Bass",598,"Mod","Warm"
"12833","Largemouth Bass",2016,16,11,34,"2016",0.323529411764706,"Largemouth Bass",598,"Mod","Warm"
"12834","Largemouth Bass",2016,28,1,34,"2016",0.0294117647058824,"Largemouth Bass",598,"Mod","Warm"
"12835","Largemouth Bass",2016,27,3,34,"2016",0.0882352941176471,"Largemouth Bass",598,"Mod","Warm"
"12836","Largemouth Bass",2016,19,0,34,"2016",0,"Largemouth Bass",598,"Mod","Warm"
"12837","Largemouth Bass",2016,20,3,34,"2016",0.0882352941176471,"Largemouth Bass",598,"Mod","Warm"
"12838","Largemouth Bass",2016,24,0,34,"2016",0,"Largemouth Bass",598,"Mod","Warm"
"12839","Largemouth Bass",2016,35,0,34,"2016",0,"Largemouth Bass",598,"Mod","Warm"
"12840","Largemouth Bass",2016,29,0,34,"2016",0,"Largemouth Bass",598,"Mod","Warm"
"12841","Largemouth Bass",2016,14,0,34,"2016",0,"Largemouth Bass",598,"Mod","Warm"
"12842","Largemouth Bass",2016,10,0,34,"2016",0,"Largemouth Bass",598,"Mod","Warm"
"12843","Largemouth Bass",2016,17,4,34,"2016",0.117647058823529,"Largemouth Bass",598,"Mod","Warm"
"12844","Largemouth Bass",2016,22,0,34,"2016",0,"Largemouth Bass",598,"Mod","Warm"
"12845","Largemouth Bass",2016,32,0,34,"2016",0,"Largemouth Bass",598,"Mod","Warm"
"12846","Largemouth Bass",2016,34,0,34,"2016",0,"Largemouth Bass",598,"Mod","Warm"
"12847","Largemouth Bass",2016,31,1,34,"2016",0.0294117647058824,"Largemouth Bass",598,"Mod","Warm"
"12848","Largemouth Bass",2016,23,4,34,"2016",0.117647058823529,"Largemouth Bass",598,"Mod","Warm"
"12849","Largemouth Bass",2016,18,0,34,"2016",0,"Largemouth Bass",598,"Mod","Warm"
"12850","Largemouth Bass",2017,14,1,20,"2017",0.05,"Largemouth Bass",598,"Mod","Warm"
"12851","Largemouth Bass",2017,30,0,20,"2017",0,"Largemouth Bass",598,"Mod","Warm"
"12852","Largemouth Bass",2017,12,0,20,"2017",0,"Largemouth Bass",598,"Mod","Warm"
"12853","Largemouth Bass",2017,16,2,20,"2017",0.1,"Largemouth Bass",598,"Mod","Warm"
"12854","Largemouth Bass",2017,13,1,20,"2017",0.05,"Largemouth Bass",598,"Mod","Warm"
"12855","Largemouth Bass",2017,10,0,20,"2017",0,"Largemouth Bass",598,"Mod","Warm"
"12856","Largemouth Bass",2017,23,0,20,"2017",0,"Largemouth Bass",598,"Mod","Warm"
"12857","Largemouth Bass",2017,20,2,20,"2017",0.1,"Largemouth Bass",598,"Mod","Warm"
"12858","Largemouth Bass",2017,21,1,20,"2017",0.05,"Largemouth Bass",598,"Mod","Warm"
"12859","Largemouth Bass",2017,17,3,20,"2017",0.15,"Largemouth Bass",598,"Mod","Warm"
"12860","Largemouth Bass",2017,18,0,20,"2017",0,"Largemouth Bass",598,"Mod","Warm"
"12861","Largemouth Bass",2017,31,0,20,"2017",0,"Largemouth Bass",598,"Mod","Warm"
"12862","Largemouth Bass",2017,33,2,20,"2017",0.1,"Largemouth Bass",598,"Mod","Warm"
"12863","Largemouth Bass",2017,26,0,20,"2017",0,"Largemouth Bass",598,"Mod","Warm"
"12864","Largemouth Bass",2017,22,0,20,"2017",0,"Largemouth Bass",598,"Mod","Warm"
"12865","Largemouth Bass",2017,15,3,20,"2017",0.15,"Largemouth Bass",598,"Mod","Warm"
"12866","Largemouth Bass",2017,25,0,20,"2017",0,"Largemouth Bass",598,"Mod","Warm"
"12867","Largemouth Bass",2017,32,0,20,"2017",0,"Largemouth Bass",598,"Mod","Warm"
"12868","Largemouth Bass",2017,27,0,20,"2017",0,"Largemouth Bass",598,"Mod","Warm"
"12869","Largemouth Bass",2017,35,2,20,"2017",0.1,"Largemouth Bass",598,"Mod","Warm"
"12870","Largemouth Bass",2017,19,2,20,"2017",0.1,"Largemouth Bass",598,"Mod","Warm"
"12871","Largemouth Bass",2017,34,1,20,"2017",0.05,"Largemouth Bass",598,"Mod","Warm"
"12872","Largemouth Bass",2017,24,0,20,"2017",0,"Largemouth Bass",598,"Mod","Warm"
"12873","Largemouth Bass",2017,28,0,20,"2017",0,"Largemouth Bass",598,"Mod","Warm"
"12874","Largemouth Bass",2017,29,0,20,"2017",0,"Largemouth Bass",598,"Mod","Warm"
"12875","Largemouth Bass",2018,9,0,20,"2018",0,"Largemouth Bass",598,"Mod","Warm"
"12876","Largemouth Bass",2018,24,0,20,"2018",0,"Largemouth Bass",598,"Mod","Warm"
"12877","Largemouth Bass",2018,15,0,20,"2018",0,"Largemouth Bass",598,"Mod","Warm"
"12878","Largemouth Bass",2018,27,2,20,"2018",0.1,"Largemouth Bass",598,"Mod","Warm"
"12879","Largemouth Bass",2018,10,0,20,"2018",0,"Largemouth Bass",598,"Mod","Warm"
"12880","Largemouth Bass",2018,17,5,20,"2018",0.25,"Largemouth Bass",598,"Mod","Warm"
"12881","Largemouth Bass",2018,28,1,20,"2018",0.05,"Largemouth Bass",598,"Mod","Warm"
"12882","Largemouth Bass",2018,19,2,20,"2018",0.1,"Largemouth Bass",598,"Mod","Warm"
"12883","Largemouth Bass",2018,20,2,20,"2018",0.1,"Largemouth Bass",598,"Mod","Warm"
"12884","Largemouth Bass",2018,25,3,20,"2018",0.15,"Largemouth Bass",598,"Mod","Warm"
"12885","Largemouth Bass",2018,21,0,20,"2018",0,"Largemouth Bass",598,"Mod","Warm"
"12886","Largemouth Bass",2018,16,0,20,"2018",0,"Largemouth Bass",598,"Mod","Warm"
"12887","Largemouth Bass",2018,18,5,20,"2018",0.25,"Largemouth Bass",598,"Mod","Warm"
"12888","Largemouth Bass",2018,33,0,20,"2018",0,"Largemouth Bass",598,"Mod","Warm"
"12889","Largemouth Bass",2018,26,0,20,"2018",0,"Largemouth Bass",598,"Mod","Warm"
"12890","Largemouth Bass",2018,14,0,20,"2018",0,"Largemouth Bass",598,"Mod","Warm"
"12891","Largemouth Bass",2018,30,0,20,"2018",0,"Largemouth Bass",598,"Mod","Warm"
"12892","Largemouth Bass",2018,22,0,20,"2018",0,"Largemouth Bass",598,"Mod","Warm"
"12893","Largemouth Bass",2018,31,0,20,"2018",0,"Largemouth Bass",598,"Mod","Warm"
"12894","Largemouth Bass",2018,35,0,20,"2018",0,"Largemouth Bass",598,"Mod","Warm"
"12895","Largemouth Bass",2018,13,0,20,"2018",0,"Largemouth Bass",598,"Mod","Warm"
"12896","Largemouth Bass",2018,29,0,20,"2018",0,"Largemouth Bass",598,"Mod","Warm"
"12897","Largemouth Bass",2018,23,0,20,"2018",0,"Largemouth Bass",598,"Mod","Warm"
"12898","Largemouth Bass",2018,34,0,20,"2018",0,"Largemouth Bass",598,"Mod","Warm"
"12899","Largemouth Bass",2018,12,0,20,"2018",0,"Largemouth Bass",598,"Mod","Warm"
"12900","Largemouth Bass",2018,32,0,20,"2018",0,"Largemouth Bass",598,"Mod","Warm"
"12901","Largemouth Bass",2019,18,3,38,"2019",0.0789473684210526,"Largemouth Bass",598,"Mod","Warm"
"12902","Largemouth Bass",2019,32,0,38,"2019",0,"Largemouth Bass",598,"Mod","Warm"
"12903","Largemouth Bass",2019,16,0,38,"2019",0,"Largemouth Bass",598,"Mod","Warm"
"12904","Largemouth Bass",2019,12,0,38,"2019",0,"Largemouth Bass",598,"Mod","Warm"
"12905","Largemouth Bass",2019,17,6,38,"2019",0.157894736842105,"Largemouth Bass",598,"Mod","Warm"
"12906","Largemouth Bass",2019,13,0,38,"2019",0,"Largemouth Bass",598,"Mod","Warm"
"12907","Largemouth Bass",2019,23,1,38,"2019",0.0263157894736842,"Largemouth Bass",598,"Mod","Warm"
"12908","Largemouth Bass",2019,15,0,38,"2019",0,"Largemouth Bass",598,"Mod","Warm"
"12909","Largemouth Bass",2019,33,1,38,"2019",0.0263157894736842,"Largemouth Bass",598,"Mod","Warm"
"12910","Largemouth Bass",2019,21,3,38,"2019",0.0789473684210526,"Largemouth Bass",598,"Mod","Warm"
"12911","Largemouth Bass",2019,11,0,38,"2019",0,"Largemouth Bass",598,"Mod","Warm"
"12912","Largemouth Bass",2019,27,6,38,"2019",0.157894736842105,"Largemouth Bass",598,"Mod","Warm"
"12913","Largemouth Bass",2019,24,4,38,"2019",0.105263157894737,"Largemouth Bass",598,"Mod","Warm"
"12914","Largemouth Bass",2019,20,2,38,"2019",0.0526315789473684,"Largemouth Bass",598,"Mod","Warm"
"12915","Largemouth Bass",2019,25,1,38,"2019",0.0263157894736842,"Largemouth Bass",598,"Mod","Warm"
"12916","Largemouth Bass",2019,22,0,38,"2019",0,"Largemouth Bass",598,"Mod","Warm"
"12917","Largemouth Bass",2019,19,4,38,"2019",0.105263157894737,"Largemouth Bass",598,"Mod","Warm"
"12918","Largemouth Bass",2019,35,0,38,"2019",0,"Largemouth Bass",598,"Mod","Warm"
"12919","Largemouth Bass",2019,31,2,38,"2019",0.0526315789473684,"Largemouth Bass",598,"Mod","Warm"
"12920","Largemouth Bass",2019,28,4,38,"2019",0.105263157894737,"Largemouth Bass",598,"Mod","Warm"
"12921","Largemouth Bass",2019,34,0,38,"2019",0,"Largemouth Bass",598,"Mod","Warm"
"12922","Largemouth Bass",2019,30,0,38,"2019",0,"Largemouth Bass",598,"Mod","Warm"
"12923","Largemouth Bass",2019,14,0,38,"2019",0,"Largemouth Bass",598,"Mod","Warm"
"12924","Largemouth Bass",2019,29,1,38,"2019",0.0263157894736842,"Largemouth Bass",598,"Mod","Warm"
"12925","Largemouth Bass",2019,26,0,38,"2019",0,"Largemouth Bass",598,"Mod","Warm"
"22436","White Bass",2004,13,0,12,"2004",0,"White Bass",450,"Mod","Warm"
"22437","White Bass",2004,26,0,12,"2004",0,"White Bass",450,"Mod","Warm"
"22438","White Bass",2004,32,0,12,"2004",0,"White Bass",450,"Mod","Warm"
"22439","White Bass",2004,27,0,12,"2004",0,"White Bass",450,"Mod","Warm"
"22440","White Bass",2004,17,0,12,"2004",0,"White Bass",450,"Mod","Warm"
"22441","White Bass",2004,34,0,12,"2004",0,"White Bass",450,"Mod","Warm"
"22442","White Bass",2004,12,0,12,"2004",0,"White Bass",450,"Mod","Warm"
"22443","White Bass",2004,33,0,12,"2004",0,"White Bass",450,"Mod","Warm"
"22444","White Bass",2004,24,1,12,"2004",0.0833333333333333,"White Bass",450,"Mod","Warm"
"22445","White Bass",2004,19,0,12,"2004",0,"White Bass",450,"Mod","Warm"
"22446","White Bass",2004,14,0,12,"2004",0,"White Bass",450,"Mod","Warm"
"22447","White Bass",2004,18,0,12,"2004",0,"White Bass",450,"Mod","Warm"
"22448","White Bass",2004,35,0,12,"2004",0,"White Bass",450,"Mod","Warm"
"22449","White Bass",2004,31,1,12,"2004",0.0833333333333333,"White Bass",450,"Mod","Warm"
"22450","White Bass",2004,25,0,12,"2004",0,"White Bass",450,"Mod","Warm"
"22451","White Bass",2004,20,3,12,"2004",0.25,"White Bass",450,"Mod","Warm"
"22452","White Bass",2004,29,0,12,"2004",0,"White Bass",450,"Mod","Warm"
"22453","White Bass",2004,30,3,12,"2004",0.25,"White Bass",450,"Mod","Warm"
"22454","White Bass",2004,22,3,12,"2004",0.25,"White Bass",450,"Mod","Warm"
"22455","White Bass",2004,15,0,12,"2004",0,"White Bass",450,"Mod","Warm"
"22456","White Bass",2004,21,0,12,"2004",0,"White Bass",450,"Mod","Warm"
"22457","White Bass",2004,28,0,12,"2004",0,"White Bass",450,"Mod","Warm"
"22458","White Bass",2004,23,1,12,"2004",0.0833333333333333,"White Bass",450,"Mod","Warm"
"22459","White Bass",2004,16,0,12,"2004",0,"White Bass",450,"Mod","Warm"
"22460","White Bass",2005,27,0,15,"2005",0,"White Bass",450,"Mod","Warm"
"22461","White Bass",2005,18,0,15,"2005",0,"White Bass",450,"Mod","Warm"
"22462","White Bass",2005,22,3,15,"2005",0.2,"White Bass",450,"Mod","Warm"
"22463","White Bass",2005,35,0,15,"2005",0,"White Bass",450,"Mod","Warm"
"22464","White Bass",2005,21,6,15,"2005",0.4,"White Bass",450,"Mod","Warm"
"22465","White Bass",2005,32,0,15,"2005",0,"White Bass",450,"Mod","Warm"
"22466","White Bass",2005,26,1,15,"2005",0.0666666666666667,"White Bass",450,"Mod","Warm"
"22467","White Bass",2005,34,0,15,"2005",0,"White Bass",450,"Mod","Warm"
"22468","White Bass",2005,25,1,15,"2005",0.0666666666666667,"White Bass",450,"Mod","Warm"
"22469","White Bass",2005,31,0,15,"2005",0,"White Bass",450,"Mod","Warm"
"22470","White Bass",2005,30,1,15,"2005",0.0666666666666667,"White Bass",450,"Mod","Warm"
"22471","White Bass",2005,15,0,15,"2005",0,"White Bass",450,"Mod","Warm"
"22472","White Bass",2005,24,0,15,"2005",0,"White Bass",450,"Mod","Warm"
"22473","White Bass",2005,14,0,15,"2005",0,"White Bass",450,"Mod","Warm"
"22474","White Bass",2005,23,0,15,"2005",0,"White Bass",450,"Mod","Warm"
"22475","White Bass",2005,13,0,15,"2005",0,"White Bass",450,"Mod","Warm"
"22476","White Bass",2005,28,0,15,"2005",0,"White Bass",450,"Mod","Warm"
"22477","White Bass",2005,17,1,15,"2005",0.0666666666666667,"White Bass",450,"Mod","Warm"
"22478","White Bass",2005,33,0,15,"2005",0,"White Bass",450,"Mod","Warm"
"22479","White Bass",2005,12,0,15,"2005",0,"White Bass",450,"Mod","Warm"
"22480","White Bass",2005,20,0,15,"2005",0,"White Bass",450,"Mod","Warm"
"22481","White Bass",2005,16,0,15,"2005",0,"White Bass",450,"Mod","Warm"
"22482","White Bass",2005,19,2,15,"2005",0.133333333333333,"White Bass",450,"Mod","Warm"
"22483","White Bass",2005,29,0,15,"2005",0,"White Bass",450,"Mod","Warm"
"22484","White Bass",2006,18,1,12,"2006",0.0833333333333333,"White Bass",450,"Mod","Warm"
"22485","White Bass",2006,14,0,12,"2006",0,"White Bass",450,"Mod","Warm"
"22486","White Bass",2006,17,1,12,"2006",0.0833333333333333,"White Bass",450,"Mod","Warm"
"22487","White Bass",2006,21,1,12,"2006",0.0833333333333333,"White Bass",450,"Mod","Warm"
"22488","White Bass",2006,24,0,12,"2006",0,"White Bass",450,"Mod","Warm"
"22489","White Bass",2006,20,2,12,"2006",0.166666666666667,"White Bass",450,"Mod","Warm"
"22490","White Bass",2006,11,0,12,"2006",0,"White Bass",450,"Mod","Warm"
"22491","White Bass",2006,15,0,12,"2006",0,"White Bass",450,"Mod","Warm"
"22492","White Bass",2006,30,0,12,"2006",0,"White Bass",450,"Mod","Warm"
"22493","White Bass",2006,16,0,12,"2006",0,"White Bass",450,"Mod","Warm"
"22494","White Bass",2006,31,0,12,"2006",0,"White Bass",450,"Mod","Warm"
"22495","White Bass",2006,25,0,12,"2006",0,"White Bass",450,"Mod","Warm"
"22496","White Bass",2006,29,0,12,"2006",0,"White Bass",450,"Mod","Warm"
"22497","White Bass",2006,27,0,12,"2006",0,"White Bass",450,"Mod","Warm"
"22498","White Bass",2006,22,2,12,"2006",0.166666666666667,"White Bass",450,"Mod","Warm"
"22499","White Bass",2006,34,0,12,"2006",0,"White Bass",450,"Mod","Warm"
"22500","White Bass",2006,28,0,12,"2006",0,"White Bass",450,"Mod","Warm"
"22501","White Bass",2006,26,1,12,"2006",0.0833333333333333,"White Bass",450,"Mod","Warm"
"22502","White Bass",2006,12,0,12,"2006",0,"White Bass",450,"Mod","Warm"
"22503","White Bass",2006,35,0,12,"2006",0,"White Bass",450,"Mod","Warm"
"22504","White Bass",2006,13,0,12,"2006",0,"White Bass",450,"Mod","Warm"
"22505","White Bass",2006,23,0,12,"2006",0,"White Bass",450,"Mod","Warm"
"22506","White Bass",2006,32,0,12,"2006",0,"White Bass",450,"Mod","Warm"
"22507","White Bass",2006,33,0,12,"2006",0,"White Bass",450,"Mod","Warm"
"22508","White Bass",2006,19,4,12,"2006",0.333333333333333,"White Bass",450,"Mod","Warm"
"22509","White Bass",2007,32,0,17,"2007",0,"White Bass",450,"Mod","Warm"
"22510","White Bass",2007,24,2,17,"2007",0.117647058823529,"White Bass",450,"Mod","Warm"
"22511","White Bass",2007,25,0,17,"2007",0,"White Bass",450,"Mod","Warm"
"22512","White Bass",2007,14,0,17,"2007",0,"White Bass",450,"Mod","Warm"
"22513","White Bass",2007,19,2,17,"2007",0.117647058823529,"White Bass",450,"Mod","Warm"
"22514","White Bass",2007,15,0,17,"2007",0,"White Bass",450,"Mod","Warm"
"22515","White Bass",2007,21,1,17,"2007",0.0588235294117647,"White Bass",450,"Mod","Warm"
"22516","White Bass",2007,22,4,17,"2007",0.235294117647059,"White Bass",450,"Mod","Warm"
"22517","White Bass",2007,26,0,17,"2007",0,"White Bass",450,"Mod","Warm"
"22518","White Bass",2007,34,0,17,"2007",0,"White Bass",450,"Mod","Warm"
"22519","White Bass",2007,28,1,17,"2007",0.0588235294117647,"White Bass",450,"Mod","Warm"
"22520","White Bass",2007,20,0,17,"2007",0,"White Bass",450,"Mod","Warm"
"22521","White Bass",2007,35,0,17,"2007",0,"White Bass",450,"Mod","Warm"
"22522","White Bass",2007,23,3,17,"2007",0.176470588235294,"White Bass",450,"Mod","Warm"
"22523","White Bass",2007,27,2,17,"2007",0.117647058823529,"White Bass",450,"Mod","Warm"
"22524","White Bass",2007,31,0,17,"2007",0,"White Bass",450,"Mod","Warm"
"22525","White Bass",2007,13,0,17,"2007",0,"White Bass",450,"Mod","Warm"
"22526","White Bass",2007,17,0,17,"2007",0,"White Bass",450,"Mod","Warm"
"22527","White Bass",2007,18,2,17,"2007",0.117647058823529,"White Bass",450,"Mod","Warm"
"22528","White Bass",2007,12,0,17,"2007",0,"White Bass",450,"Mod","Warm"
"22529","White Bass",2007,33,0,17,"2007",0,"White Bass",450,"Mod","Warm"
"22530","White Bass",2007,16,0,17,"2007",0,"White Bass",450,"Mod","Warm"
"22531","White Bass",2007,30,0,17,"2007",0,"White Bass",450,"Mod","Warm"
"22532","White Bass",2007,29,0,17,"2007",0,"White Bass",450,"Mod","Warm"
"22533","White Bass",2008,28,3,28,"2008",0.107142857142857,"White Bass",450,"Mod","Warm"
"22534","White Bass",2008,29,1,28,"2008",0.0357142857142857,"White Bass",450,"Mod","Warm"
"22535","White Bass",2008,30,0,28,"2008",0,"White Bass",450,"Mod","Warm"
"22536","White Bass",2008,35,0,28,"2008",0,"White Bass",450,"Mod","Warm"
"22537","White Bass",2008,23,2,28,"2008",0.0714285714285714,"White Bass",450,"Mod","Warm"
"22538","White Bass",2008,14,0,28,"2008",0,"White Bass",450,"Mod","Warm"
"22539","White Bass",2008,34,0,28,"2008",0,"White Bass",450,"Mod","Warm"
"22540","White Bass",2008,13,0,28,"2008",0,"White Bass",450,"Mod","Warm"
"22541","White Bass",2008,18,2,28,"2008",0.0714285714285714,"White Bass",450,"Mod","Warm"
"22542","White Bass",2008,32,0,28,"2008",0,"White Bass",450,"Mod","Warm"
"22543","White Bass",2008,24,1,28,"2008",0.0357142857142857,"White Bass",450,"Mod","Warm"
"22544","White Bass",2008,33,3,28,"2008",0.107142857142857,"White Bass",450,"Mod","Warm"
"22545","White Bass",2008,16,0,28,"2008",0,"White Bass",450,"Mod","Warm"
"22546","White Bass",2008,19,5,28,"2008",0.178571428571429,"White Bass",450,"Mod","Warm"
"22547","White Bass",2008,20,2,28,"2008",0.0714285714285714,"White Bass",450,"Mod","Warm"
"22548","White Bass",2008,31,0,28,"2008",0,"White Bass",450,"Mod","Warm"
"22549","White Bass",2008,15,0,28,"2008",0,"White Bass",450,"Mod","Warm"
"22550","White Bass",2008,17,2,28,"2008",0.0714285714285714,"White Bass",450,"Mod","Warm"
"22551","White Bass",2008,22,4,28,"2008",0.142857142857143,"White Bass",450,"Mod","Warm"
"22552","White Bass",2008,25,1,28,"2008",0.0357142857142857,"White Bass",450,"Mod","Warm"
"22553","White Bass",2008,21,1,28,"2008",0.0357142857142857,"White Bass",450,"Mod","Warm"
"22554","White Bass",2008,26,1,28,"2008",0.0357142857142857,"White Bass",450,"Mod","Warm"
"22555","White Bass",2008,27,0,28,"2008",0,"White Bass",450,"Mod","Warm"
"22556","White Bass",2009,15,0,20,"2009",0,"White Bass",450,"Mod","Warm"
"22557","White Bass",2009,30,1,20,"2009",0.05,"White Bass",450,"Mod","Warm"
"22558","White Bass",2009,24,1,20,"2009",0.05,"White Bass",450,"Mod","Warm"
"22559","White Bass",2009,29,2,20,"2009",0.1,"White Bass",450,"Mod","Warm"
"22560","White Bass",2009,18,0,20,"2009",0,"White Bass",450,"Mod","Warm"
"22561","White Bass",2009,19,0,20,"2009",0,"White Bass",450,"Mod","Warm"
"22562","White Bass",2009,16,0,20,"2009",0,"White Bass",450,"Mod","Warm"
"22563","White Bass",2009,22,0,20,"2009",0,"White Bass",450,"Mod","Warm"
"22564","White Bass",2009,25,0,20,"2009",0,"White Bass",450,"Mod","Warm"
"22565","White Bass",2009,34,0,20,"2009",0,"White Bass",450,"Mod","Warm"
"22566","White Bass",2009,14,1,20,"2009",0.05,"White Bass",450,"Mod","Warm"
"22567","White Bass",2009,27,0,20,"2009",0,"White Bass",450,"Mod","Warm"
"22568","White Bass",2009,35,0,20,"2009",0,"White Bass",450,"Mod","Warm"
"22569","White Bass",2009,32,0,20,"2009",0,"White Bass",450,"Mod","Warm"
"22570","White Bass",2009,13,0,20,"2009",0,"White Bass",450,"Mod","Warm"
"22571","White Bass",2009,21,4,20,"2009",0.2,"White Bass",450,"Mod","Warm"
"22572","White Bass",2009,23,4,20,"2009",0.2,"White Bass",450,"Mod","Warm"
"22573","White Bass",2009,28,1,20,"2009",0.05,"White Bass",450,"Mod","Warm"
"22574","White Bass",2009,20,3,20,"2009",0.15,"White Bass",450,"Mod","Warm"
"22575","White Bass",2009,33,1,20,"2009",0.05,"White Bass",450,"Mod","Warm"
"22576","White Bass",2009,17,0,20,"2009",0,"White Bass",450,"Mod","Warm"
"22577","White Bass",2009,12,0,20,"2009",0,"White Bass",450,"Mod","Warm"
"22578","White Bass",2009,26,1,20,"2009",0.05,"White Bass",450,"Mod","Warm"
"22579","White Bass",2009,31,1,20,"2009",0.05,"White Bass",450,"Mod","Warm"
"22580","White Bass",2009,11,0,20,"2009",0,"White Bass",450,"Mod","Warm"
"22581","White Bass",2010,12,0,47,"2010",0,"White Bass",450,"Mod","Warm"
"22582","White Bass",2010,23,1,47,"2010",0.0212765957446809,"White Bass",450,"Mod","Warm"
"22583","White Bass",2010,29,0,47,"2010",0,"White Bass",450,"Mod","Warm"
"22584","White Bass",2010,15,0,47,"2010",0,"White Bass",450,"Mod","Warm"
"22585","White Bass",2010,13,0,47,"2010",0,"White Bass",450,"Mod","Warm"
"22586","White Bass",2010,31,9,47,"2010",0.191489361702128,"White Bass",450,"Mod","Warm"
"22587","White Bass",2010,20,6,47,"2010",0.127659574468085,"White Bass",450,"Mod","Warm"
"22588","White Bass",2010,27,0,47,"2010",0,"White Bass",450,"Mod","Warm"
"22589","White Bass",2010,28,6,47,"2010",0.127659574468085,"White Bass",450,"Mod","Warm"
"22590","White Bass",2010,30,1,47,"2010",0.0212765957446809,"White Bass",450,"Mod","Warm"
"22591","White Bass",2010,35,1,47,"2010",0.0212765957446809,"White Bass",450,"Mod","Warm"
"22592","White Bass",2010,33,3,47,"2010",0.0638297872340425,"White Bass",450,"Mod","Warm"
"22593","White Bass",2010,11,0,47,"2010",0,"White Bass",450,"Mod","Warm"
"22594","White Bass",2010,21,4,47,"2010",0.0851063829787234,"White Bass",450,"Mod","Warm"
"22595","White Bass",2010,19,0,47,"2010",0,"White Bass",450,"Mod","Warm"
"22596","White Bass",2010,32,4,47,"2010",0.0851063829787234,"White Bass",450,"Mod","Warm"
"22597","White Bass",2010,16,0,47,"2010",0,"White Bass",450,"Mod","Warm"
"22598","White Bass",2010,17,0,47,"2010",0,"White Bass",450,"Mod","Warm"
"22599","White Bass",2010,34,2,47,"2010",0.0425531914893617,"White Bass",450,"Mod","Warm"
"22600","White Bass",2010,24,2,47,"2010",0.0425531914893617,"White Bass",450,"Mod","Warm"
"22601","White Bass",2010,22,4,47,"2010",0.0851063829787234,"White Bass",450,"Mod","Warm"
"22602","White Bass",2010,14,0,47,"2010",0,"White Bass",450,"Mod","Warm"
"22603","White Bass",2010,18,2,47,"2010",0.0425531914893617,"White Bass",450,"Mod","Warm"
"22604","White Bass",2010,25,0,47,"2010",0,"White Bass",450,"Mod","Warm"
"22605","White Bass",2010,26,2,47,"2010",0.0425531914893617,"White Bass",450,"Mod","Warm"
"22606","White Bass",2011,30,0,14,"2011",0,"White Bass",450,"Mod","Warm"
"22607","White Bass",2011,22,2,14,"2011",0.142857142857143,"White Bass",450,"Mod","Warm"
"22608","White Bass",2011,29,0,14,"2011",0,"White Bass",450,"Mod","Warm"
"22609","White Bass",2011,25,0,14,"2011",0,"White Bass",450,"Mod","Warm"
"22610","White Bass",2011,20,1,14,"2011",0.0714285714285714,"White Bass",450,"Mod","Warm"
"22611","White Bass",2011,21,0,14,"2011",0,"White Bass",450,"Mod","Warm"
"22612","White Bass",2011,24,2,14,"2011",0.142857142857143,"White Bass",450,"Mod","Warm"
"22613","White Bass",2011,15,0,14,"2011",0,"White Bass",450,"Mod","Warm"
"22614","White Bass",2011,26,1,14,"2011",0.0714285714285714,"White Bass",450,"Mod","Warm"
"22615","White Bass",2011,28,0,14,"2011",0,"White Bass",450,"Mod","Warm"
"22616","White Bass",2011,14,0,14,"2011",0,"White Bass",450,"Mod","Warm"
"22617","White Bass",2011,31,1,14,"2011",0.0714285714285714,"White Bass",450,"Mod","Warm"
"22618","White Bass",2011,11,0,14,"2011",0,"White Bass",450,"Mod","Warm"
"22619","White Bass",2011,32,1,14,"2011",0.0714285714285714,"White Bass",450,"Mod","Warm"
"22620","White Bass",2011,12,0,14,"2011",0,"White Bass",450,"Mod","Warm"
"22621","White Bass",2011,13,0,14,"2011",0,"White Bass",450,"Mod","Warm"
"22622","White Bass",2011,16,0,14,"2011",0,"White Bass",450,"Mod","Warm"
"22623","White Bass",2011,19,4,14,"2011",0.285714285714286,"White Bass",450,"Mod","Warm"
"22624","White Bass",2011,33,0,14,"2011",0,"White Bass",450,"Mod","Warm"
"22625","White Bass",2011,17,0,14,"2011",0,"White Bass",450,"Mod","Warm"
"22626","White Bass",2011,27,0,14,"2011",0,"White Bass",450,"Mod","Warm"
"22627","White Bass",2011,23,2,14,"2011",0.142857142857143,"White Bass",450,"Mod","Warm"
"22628","White Bass",2011,35,0,14,"2011",0,"White Bass",450,"Mod","Warm"
"22629","White Bass",2011,18,0,14,"2011",0,"White Bass",450,"Mod","Warm"
"22630","White Bass",2011,34,0,14,"2011",0,"White Bass",450,"Mod","Warm"
"22631","White Bass",2012,18,0,32,"2012",0,"White Bass",450,"Mod","Warm"
"22632","White Bass",2012,11,0,32,"2012",0,"White Bass",450,"Mod","Warm"
"22633","White Bass",2012,34,0,32,"2012",0,"White Bass",450,"Mod","Warm"
"22634","White Bass",2012,28,0,32,"2012",0,"White Bass",450,"Mod","Warm"
"22635","White Bass",2012,10,0,32,"2012",0,"White Bass",450,"Mod","Warm"
"22636","White Bass",2012,19,6,32,"2012",0.1875,"White Bass",450,"Mod","Warm"
"22637","White Bass",2012,23,2,32,"2012",0.0625,"White Bass",450,"Mod","Warm"
"22638","White Bass",2012,16,1,32,"2012",0.03125,"White Bass",450,"Mod","Warm"
"22639","White Bass",2012,30,0,32,"2012",0,"White Bass",450,"Mod","Warm"
"22640","White Bass",2012,15,0,32,"2012",0,"White Bass",450,"Mod","Warm"
"22641","White Bass",2012,31,0,32,"2012",0,"White Bass",450,"Mod","Warm"
"22642","White Bass",2012,22,4,32,"2012",0.125,"White Bass",450,"Mod","Warm"
"22643","White Bass",2012,29,0,32,"2012",0,"White Bass",450,"Mod","Warm"
"22644","White Bass",2012,21,2,32,"2012",0.0625,"White Bass",450,"Mod","Warm"
"22645","White Bass",2012,20,10,32,"2012",0.3125,"White Bass",450,"Mod","Warm"
"22646","White Bass",2012,14,0,32,"2012",0,"White Bass",450,"Mod","Warm"
"22647","White Bass",2012,13,0,32,"2012",0,"White Bass",450,"Mod","Warm"
"22648","White Bass",2012,25,1,32,"2012",0.03125,"White Bass",450,"Mod","Warm"
"22649","White Bass",2012,12,0,32,"2012",0,"White Bass",450,"Mod","Warm"
"22650","White Bass",2012,27,1,32,"2012",0.03125,"White Bass",450,"Mod","Warm"
"22651","White Bass",2012,32,0,32,"2012",0,"White Bass",450,"Mod","Warm"
"22652","White Bass",2012,17,1,32,"2012",0.03125,"White Bass",450,"Mod","Warm"
"22653","White Bass",2012,35,0,32,"2012",0,"White Bass",450,"Mod","Warm"
"22654","White Bass",2012,24,3,32,"2012",0.09375,"White Bass",450,"Mod","Warm"
"22655","White Bass",2012,33,0,32,"2012",0,"White Bass",450,"Mod","Warm"
"22656","White Bass",2012,26,1,32,"2012",0.03125,"White Bass",450,"Mod","Warm"
"22657","White Bass",2013,31,0,105,"2013",0,"White Bass",450,"Mod","Warm"
"22658","White Bass",2013,35,0,105,"2013",0,"White Bass",450,"Mod","Warm"
"22659","White Bass",2013,34,0,105,"2013",0,"White Bass",450,"Mod","Warm"
"22660","White Bass",2013,15,0,105,"2013",0,"White Bass",450,"Mod","Warm"
"22661","White Bass",2013,29,1,105,"2013",0.00952380952380952,"White Bass",450,"Mod","Warm"
"22662","White Bass",2013,32,0,105,"2013",0,"White Bass",450,"Mod","Warm"
"22663","White Bass",2013,27,0,105,"2013",0,"White Bass",450,"Mod","Warm"
"22664","White Bass",2013,12,0,105,"2013",0,"White Bass",450,"Mod","Warm"
"22665","White Bass",2013,26,2,105,"2013",0.019047619047619,"White Bass",450,"Mod","Warm"
"22666","White Bass",2013,30,0,105,"2013",0,"White Bass",450,"Mod","Warm"
"22667","White Bass",2013,13,0,105,"2013",0,"White Bass",450,"Mod","Warm"
"22668","White Bass",2013,22,19,105,"2013",0.180952380952381,"White Bass",450,"Mod","Warm"
"22669","White Bass",2013,18,4,105,"2013",0.0380952380952381,"White Bass",450,"Mod","Warm"
"22670","White Bass",2013,21,22,105,"2013",0.20952380952381,"White Bass",450,"Mod","Warm"
"22671","White Bass",2013,25,7,105,"2013",0.0666666666666667,"White Bass",450,"Mod","Warm"
"22672","White Bass",2013,16,0,105,"2013",0,"White Bass",450,"Mod","Warm"
"22673","White Bass",2013,33,0,105,"2013",0,"White Bass",450,"Mod","Warm"
"22674","White Bass",2013,14,0,105,"2013",0,"White Bass",450,"Mod","Warm"
"22675","White Bass",2013,28,3,105,"2013",0.0285714285714286,"White Bass",450,"Mod","Warm"
"22676","White Bass",2013,20,9,105,"2013",0.0857142857142857,"White Bass",450,"Mod","Warm"
"22677","White Bass",2013,19,11,105,"2013",0.104761904761905,"White Bass",450,"Mod","Warm"
"22678","White Bass",2013,17,1,105,"2013",0.00952380952380952,"White Bass",450,"Mod","Warm"
"22679","White Bass",2013,24,15,105,"2013",0.142857142857143,"White Bass",450,"Mod","Warm"
"22680","White Bass",2013,11,0,105,"2013",0,"White Bass",450,"Mod","Warm"
"22681","White Bass",2013,23,11,105,"2013",0.104761904761905,"White Bass",450,"Mod","Warm"
"22682","White Bass",2014,23,0,19,"2014",0,"White Bass",450,"Mod","Warm"
"22683","White Bass",2014,20,0,19,"2014",0,"White Bass",450,"Mod","Warm"
"22684","White Bass",2014,15,0,19,"2014",0,"White Bass",450,"Mod","Warm"
"22685","White Bass",2014,19,1,19,"2014",0.0526315789473684,"White Bass",450,"Mod","Warm"
"22686","White Bass",2014,22,0,19,"2014",0,"White Bass",450,"Mod","Warm"
"22687","White Bass",2014,29,1,19,"2014",0.0526315789473684,"White Bass",450,"Mod","Warm"
"22688","White Bass",2014,24,0,19,"2014",0,"White Bass",450,"Mod","Warm"
"22689","White Bass",2014,21,4,19,"2014",0.210526315789474,"White Bass",450,"Mod","Warm"
"22690","White Bass",2014,13,0,19,"2014",0,"White Bass",450,"Mod","Warm"
"22691","White Bass",2014,30,1,19,"2014",0.0526315789473684,"White Bass",450,"Mod","Warm"
"22692","White Bass",2014,34,0,19,"2014",0,"White Bass",450,"Mod","Warm"
"22693","White Bass",2014,25,1,19,"2014",0.0526315789473684,"White Bass",450,"Mod","Warm"
"22694","White Bass",2014,16,1,19,"2014",0.0526315789473684,"White Bass",450,"Mod","Warm"
"22695","White Bass",2014,35,1,19,"2014",0.0526315789473684,"White Bass",450,"Mod","Warm"
"22696","White Bass",2014,33,0,19,"2014",0,"White Bass",450,"Mod","Warm"
"22697","White Bass",2014,26,0,19,"2014",0,"White Bass",450,"Mod","Warm"
"22698","White Bass",2014,27,3,19,"2014",0.157894736842105,"White Bass",450,"Mod","Warm"
"22699","White Bass",2014,17,1,19,"2014",0.0526315789473684,"White Bass",450,"Mod","Warm"
"22700","White Bass",2014,32,0,19,"2014",0,"White Bass",450,"Mod","Warm"
"22701","White Bass",2014,14,0,19,"2014",0,"White Bass",450,"Mod","Warm"
"22702","White Bass",2014,18,2,19,"2014",0.105263157894737,"White Bass",450,"Mod","Warm"
"22703","White Bass",2014,28,3,19,"2014",0.157894736842105,"White Bass",450,"Mod","Warm"
"22704","White Bass",2014,31,0,19,"2014",0,"White Bass",450,"Mod","Warm"
"22705","White Bass",2015,26,0,33,"2015",0,"White Bass",450,"Mod","Warm"
"22706","White Bass",2015,13,0,33,"2015",0,"White Bass",450,"Mod","Warm"
"22707","White Bass",2015,22,7,33,"2015",0.212121212121212,"White Bass",450,"Mod","Warm"
"22708","White Bass",2015,18,0,33,"2015",0,"White Bass",450,"Mod","Warm"
"22709","White Bass",2015,19,3,33,"2015",0.0909090909090909,"White Bass",450,"Mod","Warm"
"22710","White Bass",2015,21,7,33,"2015",0.212121212121212,"White Bass",450,"Mod","Warm"
"22711","White Bass",2015,28,1,33,"2015",0.0303030303030303,"White Bass",450,"Mod","Warm"
"22712","White Bass",2015,32,0,33,"2015",0,"White Bass",450,"Mod","Warm"
"22713","White Bass",2015,33,0,33,"2015",0,"White Bass",450,"Mod","Warm"
"22714","White Bass",2015,20,3,33,"2015",0.0909090909090909,"White Bass",450,"Mod","Warm"
"22715","White Bass",2015,25,3,33,"2015",0.0909090909090909,"White Bass",450,"Mod","Warm"
"22716","White Bass",2015,17,0,33,"2015",0,"White Bass",450,"Mod","Warm"
"22717","White Bass",2015,14,0,33,"2015",0,"White Bass",450,"Mod","Warm"
"22718","White Bass",2015,15,0,33,"2015",0,"White Bass",450,"Mod","Warm"
"22719","White Bass",2015,16,0,33,"2015",0,"White Bass",450,"Mod","Warm"
"22720","White Bass",2015,23,2,33,"2015",0.0606060606060606,"White Bass",450,"Mod","Warm"
"22721","White Bass",2015,29,2,33,"2015",0.0606060606060606,"White Bass",450,"Mod","Warm"
"22722","White Bass",2015,35,0,33,"2015",0,"White Bass",450,"Mod","Warm"
"22723","White Bass",2015,27,0,33,"2015",0,"White Bass",450,"Mod","Warm"
"22724","White Bass",2015,34,0,33,"2015",0,"White Bass",450,"Mod","Warm"
"22725","White Bass",2015,30,0,33,"2015",0,"White Bass",450,"Mod","Warm"
"22726","White Bass",2015,24,5,33,"2015",0.151515151515152,"White Bass",450,"Mod","Warm"
"22727","White Bass",2015,31,0,33,"2015",0,"White Bass",450,"Mod","Warm"
"22728","White Bass",2016,24,4,32,"2016",0.125,"White Bass",450,"Mod","Warm"
"22729","White Bass",2016,22,7,32,"2016",0.21875,"White Bass",450,"Mod","Warm"
"22730","White Bass",2016,10,0,32,"2016",0,"White Bass",450,"Mod","Warm"
"22731","White Bass",2016,19,1,32,"2016",0.03125,"White Bass",450,"Mod","Warm"
"22732","White Bass",2016,11,0,32,"2016",0,"White Bass",450,"Mod","Warm"
"22733","White Bass",2016,26,1,32,"2016",0.03125,"White Bass",450,"Mod","Warm"
"22734","White Bass",2016,30,2,32,"2016",0.0625,"White Bass",450,"Mod","Warm"
"22735","White Bass",2016,14,0,32,"2016",0,"White Bass",450,"Mod","Warm"
"22736","White Bass",2016,17,2,32,"2016",0.0625,"White Bass",450,"Mod","Warm"
"22737","White Bass",2016,12,0,32,"2016",0,"White Bass",450,"Mod","Warm"
"22738","White Bass",2016,31,2,32,"2016",0.0625,"White Bass",450,"Mod","Warm"
"22739","White Bass",2016,23,4,32,"2016",0.125,"White Bass",450,"Mod","Warm"
"22740","White Bass",2016,33,0,32,"2016",0,"White Bass",450,"Mod","Warm"
"22741","White Bass",2016,16,1,32,"2016",0.03125,"White Bass",450,"Mod","Warm"
"22742","White Bass",2016,18,0,32,"2016",0,"White Bass",450,"Mod","Warm"
"22743","White Bass",2016,25,1,32,"2016",0.03125,"White Bass",450,"Mod","Warm"
"22744","White Bass",2016,27,0,32,"2016",0,"White Bass",450,"Mod","Warm"
"22745","White Bass",2016,15,0,32,"2016",0,"White Bass",450,"Mod","Warm"
"22746","White Bass",2016,28,1,32,"2016",0.03125,"White Bass",450,"Mod","Warm"
"22747","White Bass",2016,13,0,32,"2016",0,"White Bass",450,"Mod","Warm"
"22748","White Bass",2016,20,3,32,"2016",0.09375,"White Bass",450,"Mod","Warm"
"22749","White Bass",2016,29,0,32,"2016",0,"White Bass",450,"Mod","Warm"
"22750","White Bass",2016,32,0,32,"2016",0,"White Bass",450,"Mod","Warm"
"22751","White Bass",2016,34,0,32,"2016",0,"White Bass",450,"Mod","Warm"
"22752","White Bass",2016,35,0,32,"2016",0,"White Bass",450,"Mod","Warm"
"22753","White Bass",2016,21,3,32,"2016",0.09375,"White Bass",450,"Mod","Warm"
"22754","White Bass",2017,20,3,15,"2017",0.2,"White Bass",450,"Mod","Warm"
"22755","White Bass",2017,15,0,15,"2017",0,"White Bass",450,"Mod","Warm"
"22756","White Bass",2017,21,1,15,"2017",0.0666666666666667,"White Bass",450,"Mod","Warm"
"22757","White Bass",2017,22,4,15,"2017",0.266666666666667,"White Bass",450,"Mod","Warm"
"22758","White Bass",2017,18,1,15,"2017",0.0666666666666667,"White Bass",450,"Mod","Warm"
"22759","White Bass",2017,26,0,15,"2017",0,"White Bass",450,"Mod","Warm"
"22760","White Bass",2017,35,0,15,"2017",0,"White Bass",450,"Mod","Warm"
"22761","White Bass",2017,16,2,15,"2017",0.133333333333333,"White Bass",450,"Mod","Warm"
"22762","White Bass",2017,13,0,15,"2017",0,"White Bass",450,"Mod","Warm"
"22763","White Bass",2017,19,1,15,"2017",0.0666666666666667,"White Bass",450,"Mod","Warm"
"22764","White Bass",2017,10,0,15,"2017",0,"White Bass",450,"Mod","Warm"
"22765","White Bass",2017,14,0,15,"2017",0,"White Bass",450,"Mod","Warm"
"22766","White Bass",2017,12,0,15,"2017",0,"White Bass",450,"Mod","Warm"
"22767","White Bass",2017,29,0,15,"2017",0,"White Bass",450,"Mod","Warm"
"22768","White Bass",2017,23,1,15,"2017",0.0666666666666667,"White Bass",450,"Mod","Warm"
"22769","White Bass",2017,25,0,15,"2017",0,"White Bass",450,"Mod","Warm"
"22770","White Bass",2017,32,0,15,"2017",0,"White Bass",450,"Mod","Warm"
"22771","White Bass",2017,17,1,15,"2017",0.0666666666666667,"White Bass",450,"Mod","Warm"
"22772","White Bass",2017,24,0,15,"2017",0,"White Bass",450,"Mod","Warm"
"22773","White Bass",2017,31,0,15,"2017",0,"White Bass",450,"Mod","Warm"
"22774","White Bass",2017,33,0,15,"2017",0,"White Bass",450,"Mod","Warm"
"22775","White Bass",2017,27,0,15,"2017",0,"White Bass",450,"Mod","Warm"
"22776","White Bass",2017,28,0,15,"2017",0,"White Bass",450,"Mod","Warm"
"22777","White Bass",2017,30,1,15,"2017",0.0666666666666667,"White Bass",450,"Mod","Warm"
"22778","White Bass",2017,34,0,15,"2017",0,"White Bass",450,"Mod","Warm"
"22904","White Perch",1997,29,0,40,"1997",0,"White Perch",1069,"High","Warm"
"22905","White Perch",1997,14,3,40,"1997",0.075,"White Perch",1069,"High","Warm"
"22906","White Perch",1997,15,2,40,"1997",0.05,"White Perch",1069,"High","Warm"
"22907","White Perch",1997,33,0,40,"1997",0,"White Perch",1069,"High","Warm"
"22908","White Perch",1997,17,7,40,"1997",0.175,"White Perch",1069,"High","Warm"
"22909","White Perch",1997,22,7,40,"1997",0.175,"White Perch",1069,"High","Warm"
"22910","White Perch",1997,16,2,40,"1997",0.05,"White Perch",1069,"High","Warm"
"22911","White Perch",1997,26,2,40,"1997",0.05,"White Perch",1069,"High","Warm"
"22912","White Perch",1997,20,2,40,"1997",0.05,"White Perch",1069,"High","Warm"
"22913","White Perch",1997,34,0,40,"1997",0,"White Perch",1069,"High","Warm"
"22914","White Perch",1997,27,0,40,"1997",0,"White Perch",1069,"High","Warm"
"22915","White Perch",1997,13,0,40,"1997",0,"White Perch",1069,"High","Warm"
"22916","White Perch",1997,21,2,40,"1997",0.05,"White Perch",1069,"High","Warm"
"22917","White Perch",1997,23,2,40,"1997",0.05,"White Perch",1069,"High","Warm"
"22918","White Perch",1997,18,2,40,"1997",0.05,"White Perch",1069,"High","Warm"
"22919","White Perch",1997,28,0,40,"1997",0,"White Perch",1069,"High","Warm"
"22920","White Perch",1997,32,0,40,"1997",0,"White Perch",1069,"High","Warm"
"22921","White Perch",1997,35,0,40,"1997",0,"White Perch",1069,"High","Warm"
"22922","White Perch",1997,24,0,40,"1997",0,"White Perch",1069,"High","Warm"
"22923","White Perch",1997,12,2,40,"1997",0.05,"White Perch",1069,"High","Warm"
"22924","White Perch",1997,31,0,40,"1997",0,"White Perch",1069,"High","Warm"
"22925","White Perch",1997,30,0,40,"1997",0,"White Perch",1069,"High","Warm"
"22926","White Perch",1997,19,6,40,"1997",0.15,"White Perch",1069,"High","Warm"
"22927","White Perch",1997,25,1,40,"1997",0.025,"White Perch",1069,"High","Warm"
"22928","White Perch",1998,32,0,35,"1998",0,"White Perch",1069,"High","Warm"
"22929","White Perch",1998,30,0,35,"1998",0,"White Perch",1069,"High","Warm"
"22930","White Perch",1998,34,1,35,"1998",0.0285714285714286,"White Perch",1069,"High","Warm"
"22931","White Perch",1998,12,0,35,"1998",0,"White Perch",1069,"High","Warm"
"22932","White Perch",1998,33,1,35,"1998",0.0285714285714286,"White Perch",1069,"High","Warm"
"22933","White Perch",1998,24,0,35,"1998",0,"White Perch",1069,"High","Warm"
"22934","White Perch",1998,20,1,35,"1998",0.0285714285714286,"White Perch",1069,"High","Warm"
"22935","White Perch",1998,18,11,35,"1998",0.314285714285714,"White Perch",1069,"High","Warm"
"22936","White Perch",1998,31,0,35,"1998",0,"White Perch",1069,"High","Warm"
"22937","White Perch",1998,29,1,35,"1998",0.0285714285714286,"White Perch",1069,"High","Warm"
"22938","White Perch",1998,10,0,35,"1998",0,"White Perch",1069,"High","Warm"
"22939","White Perch",1998,25,1,35,"1998",0.0285714285714286,"White Perch",1069,"High","Warm"
"22940","White Perch",1998,16,5,35,"1998",0.142857142857143,"White Perch",1069,"High","Warm"
"22941","White Perch",1998,13,1,35,"1998",0.0285714285714286,"White Perch",1069,"High","Warm"
"22942","White Perch",1998,22,0,35,"1998",0,"White Perch",1069,"High","Warm"
"22943","White Perch",1998,23,0,35,"1998",0,"White Perch",1069,"High","Warm"
"22944","White Perch",1998,15,0,35,"1998",0,"White Perch",1069,"High","Warm"
"22945","White Perch",1998,17,6,35,"1998",0.171428571428571,"White Perch",1069,"High","Warm"
"22946","White Perch",1998,14,0,35,"1998",0,"White Perch",1069,"High","Warm"
"22947","White Perch",1998,19,3,35,"1998",0.0857142857142857,"White Perch",1069,"High","Warm"
"22948","White Perch",1998,27,0,35,"1998",0,"White Perch",1069,"High","Warm"
"22949","White Perch",1998,35,0,35,"1998",0,"White Perch",1069,"High","Warm"
"22950","White Perch",1998,26,1,35,"1998",0.0285714285714286,"White Perch",1069,"High","Warm"
"22951","White Perch",1998,28,1,35,"1998",0.0285714285714286,"White Perch",1069,"High","Warm"
"22952","White Perch",1998,21,2,35,"1998",0.0571428571428571,"White Perch",1069,"High","Warm"
"22953","White Perch",2000,25,8,130,"2000",0.0615384615384615,"White Perch",1069,"High","Warm"
"22954","White Perch",2000,29,0,130,"2000",0,"White Perch",1069,"High","Warm"
"22955","White Perch",2000,9,0,130,"2000",0,"White Perch",1069,"High","Warm"
"22956","White Perch",2000,34,1,130,"2000",0.00769230769230769,"White Perch",1069,"High","Warm"
"22957","White Perch",2000,22,13,130,"2000",0.1,"White Perch",1069,"High","Warm"
"22958","White Perch",2000,12,1,130,"2000",0.00769230769230769,"White Perch",1069,"High","Warm"
"22959","White Perch",2000,10,0,130,"2000",0,"White Perch",1069,"High","Warm"
"22960","White Perch",2000,35,0,130,"2000",0,"White Perch",1069,"High","Warm"
"22961","White Perch",2000,26,6,130,"2000",0.0461538461538462,"White Perch",1069,"High","Warm"
"22962","White Perch",2000,32,0,130,"2000",0,"White Perch",1069,"High","Warm"
"22963","White Perch",2000,31,0,130,"2000",0,"White Perch",1069,"High","Warm"
"22964","White Perch",2000,11,0,130,"2000",0,"White Perch",1069,"High","Warm"
"22965","White Perch",2000,21,7,130,"2000",0.0538461538461538,"White Perch",1069,"High","Warm"
"22966","White Perch",2000,30,0,130,"2000",0,"White Perch",1069,"High","Warm"
"22967","White Perch",2000,27,1,130,"2000",0.00769230769230769,"White Perch",1069,"High","Warm"
"22968","White Perch",2000,19,6,130,"2000",0.0461538461538462,"White Perch",1069,"High","Warm"
"22969","White Perch",2000,33,2,130,"2000",0.0153846153846154,"White Perch",1069,"High","Warm"
"22970","White Perch",2000,16,0,130,"2000",0,"White Perch",1069,"High","Warm"
"22971","White Perch",2000,24,10,130,"2000",0.0769230769230769,"White Perch",1069,"High","Warm"
"22972","White Perch",2000,28,0,130,"2000",0,"White Perch",1069,"High","Warm"
"22973","White Perch",2000,18,15,130,"2000",0.115384615384615,"White Perch",1069,"High","Warm"
"22974","White Perch",2000,15,0,130,"2000",0,"White Perch",1069,"High","Warm"
"22975","White Perch",2000,23,8,130,"2000",0.0615384615384615,"White Perch",1069,"High","Warm"
"22976","White Perch",2000,13,2,130,"2000",0.0153846153846154,"White Perch",1069,"High","Warm"
"22977","White Perch",2000,17,14,130,"2000",0.107692307692308,"White Perch",1069,"High","Warm"
"22978","White Perch",2000,14,1,130,"2000",0.00769230769230769,"White Perch",1069,"High","Warm"
"22979","White Perch",2000,20,35,130,"2000",0.269230769230769,"White Perch",1069,"High","Warm"
"22980","White Perch",2001,15,0,41,"2001",0,"White Perch",1069,"High","Warm"
"22981","White Perch",2001,20,5,41,"2001",0.121951219512195,"White Perch",1069,"High","Warm"
"22982","White Perch",2001,18,6,41,"2001",0.146341463414634,"White Perch",1069,"High","Warm"
"22983","White Perch",2001,19,5,41,"2001",0.121951219512195,"White Perch",1069,"High","Warm"
"22984","White Perch",2001,34,0,41,"2001",0,"White Perch",1069,"High","Warm"
"22985","White Perch",2001,14,1,41,"2001",0.024390243902439,"White Perch",1069,"High","Warm"
"22986","White Perch",2001,17,10,41,"2001",0.24390243902439,"White Perch",1069,"High","Warm"
"22987","White Perch",2001,26,0,41,"2001",0,"White Perch",1069,"High","Warm"
"22988","White Perch",2001,32,1,41,"2001",0.024390243902439,"White Perch",1069,"High","Warm"
"22989","White Perch",2001,16,1,41,"2001",0.024390243902439,"White Perch",1069,"High","Warm"
"22990","White Perch",2001,21,1,41,"2001",0.024390243902439,"White Perch",1069,"High","Warm"
"22991","White Perch",2001,35,0,41,"2001",0,"White Perch",1069,"High","Warm"
"22992","White Perch",2001,27,0,41,"2001",0,"White Perch",1069,"High","Warm"
"22993","White Perch",2001,29,0,41,"2001",0,"White Perch",1069,"High","Warm"
"22994","White Perch",2001,24,4,41,"2001",0.0975609756097561,"White Perch",1069,"High","Warm"
"22995","White Perch",2001,25,3,41,"2001",0.0731707317073171,"White Perch",1069,"High","Warm"
"22996","White Perch",2001,23,0,41,"2001",0,"White Perch",1069,"High","Warm"
"22997","White Perch",2001,31,0,41,"2001",0,"White Perch",1069,"High","Warm"
"22998","White Perch",2001,28,0,41,"2001",0,"White Perch",1069,"High","Warm"
"22999","White Perch",2001,33,0,41,"2001",0,"White Perch",1069,"High","Warm"
"23000","White Perch",2001,30,0,41,"2001",0,"White Perch",1069,"High","Warm"
"23001","White Perch",2001,12,0,41,"2001",0,"White Perch",1069,"High","Warm"
"23002","White Perch",2001,13,1,41,"2001",0.024390243902439,"White Perch",1069,"High","Warm"
"23003","White Perch",2001,11,0,41,"2001",0,"White Perch",1069,"High","Warm"
"23004","White Perch",2001,22,3,41,"2001",0.0731707317073171,"White Perch",1069,"High","Warm"
"23005","White Perch",2002,19,12,49,"2002",0.244897959183673,"White Perch",1069,"High","Warm"
"23006","White Perch",2002,18,2,49,"2002",0.0408163265306122,"White Perch",1069,"High","Warm"
"23007","White Perch",2002,20,5,49,"2002",0.102040816326531,"White Perch",1069,"High","Warm"
"23008","White Perch",2002,25,0,49,"2002",0,"White Perch",1069,"High","Warm"
"23009","White Perch",2002,23,2,49,"2002",0.0408163265306122,"White Perch",1069,"High","Warm"
"23010","White Perch",2002,16,6,49,"2002",0.122448979591837,"White Perch",1069,"High","Warm"
"23011","White Perch",2002,17,9,49,"2002",0.183673469387755,"White Perch",1069,"High","Warm"
"23012","White Perch",2002,24,3,49,"2002",0.0612244897959184,"White Perch",1069,"High","Warm"
"23013","White Perch",2002,28,1,49,"2002",0.0204081632653061,"White Perch",1069,"High","Warm"
"23014","White Perch",2002,26,1,49,"2002",0.0204081632653061,"White Perch",1069,"High","Warm"
"23015","White Perch",2002,21,0,49,"2002",0,"White Perch",1069,"High","Warm"
"23016","White Perch",2002,10,0,49,"2002",0,"White Perch",1069,"High","Warm"
"23017","White Perch",2002,12,0,49,"2002",0,"White Perch",1069,"High","Warm"
"23018","White Perch",2002,22,5,49,"2002",0.102040816326531,"White Perch",1069,"High","Warm"
"23019","White Perch",2002,29,0,49,"2002",0,"White Perch",1069,"High","Warm"
"23020","White Perch",2002,34,1,49,"2002",0.0204081632653061,"White Perch",1069,"High","Warm"
"23021","White Perch",2002,31,0,49,"2002",0,"White Perch",1069,"High","Warm"
"23022","White Perch",2002,11,0,49,"2002",0,"White Perch",1069,"High","Warm"
"23023","White Perch",2002,13,0,49,"2002",0,"White Perch",1069,"High","Warm"
"23024","White Perch",2002,15,1,49,"2002",0.0204081632653061,"White Perch",1069,"High","Warm"
"23025","White Perch",2002,27,0,49,"2002",0,"White Perch",1069,"High","Warm"
"23026","White Perch",2002,32,0,49,"2002",0,"White Perch",1069,"High","Warm"
"23027","White Perch",2002,35,1,49,"2002",0.0204081632653061,"White Perch",1069,"High","Warm"
"23028","White Perch",2002,33,0,49,"2002",0,"White Perch",1069,"High","Warm"
"23029","White Perch",2002,14,0,49,"2002",0,"White Perch",1069,"High","Warm"
"23030","White Perch",2002,30,0,49,"2002",0,"White Perch",1069,"High","Warm"
"23031","White Perch",2003,30,2,33,"2003",0.0606060606060606,"White Perch",1069,"High","Warm"
"23032","White Perch",2003,31,0,33,"2003",0,"White Perch",1069,"High","Warm"
"23033","White Perch",2003,20,1,33,"2003",0.0303030303030303,"White Perch",1069,"High","Warm"
"23034","White Perch",2003,17,6,33,"2003",0.181818181818182,"White Perch",1069,"High","Warm"
"23035","White Perch",2003,16,0,33,"2003",0,"White Perch",1069,"High","Warm"
"23036","White Perch",2003,18,7,33,"2003",0.212121212121212,"White Perch",1069,"High","Warm"
"23037","White Perch",2003,28,0,33,"2003",0,"White Perch",1069,"High","Warm"
"23038","White Perch",2003,29,1,33,"2003",0.0303030303030303,"White Perch",1069,"High","Warm"
"23039","White Perch",2003,26,0,33,"2003",0,"White Perch",1069,"High","Warm"
"23040","White Perch",2003,32,2,33,"2003",0.0606060606060606,"White Perch",1069,"High","Warm"
"23041","White Perch",2003,35,0,33,"2003",0,"White Perch",1069,"High","Warm"
"23042","White Perch",2003,22,1,33,"2003",0.0303030303030303,"White Perch",1069,"High","Warm"
"23043","White Perch",2003,15,0,33,"2003",0,"White Perch",1069,"High","Warm"
"23044","White Perch",2003,14,0,33,"2003",0,"White Perch",1069,"High","Warm"
"23045","White Perch",2003,12,0,33,"2003",0,"White Perch",1069,"High","Warm"
"23046","White Perch",2003,23,1,33,"2003",0.0303030303030303,"White Perch",1069,"High","Warm"
"23047","White Perch",2003,21,2,33,"2003",0.0606060606060606,"White Perch",1069,"High","Warm"
"23048","White Perch",2003,19,8,33,"2003",0.242424242424242,"White Perch",1069,"High","Warm"
"23049","White Perch",2003,24,0,33,"2003",0,"White Perch",1069,"High","Warm"
"23050","White Perch",2003,34,0,33,"2003",0,"White Perch",1069,"High","Warm"
"23051","White Perch",2003,27,1,33,"2003",0.0303030303030303,"White Perch",1069,"High","Warm"
"23052","White Perch",2003,33,0,33,"2003",0,"White Perch",1069,"High","Warm"
"23053","White Perch",2003,13,0,33,"2003",0,"White Perch",1069,"High","Warm"
"23054","White Perch",2003,25,1,33,"2003",0.0303030303030303,"White Perch",1069,"High","Warm"
"23055","White Perch",2004,26,0,157,"2004",0,"White Perch",1069,"High","Warm"
"23056","White Perch",2004,12,0,157,"2004",0,"White Perch",1069,"High","Warm"
"23057","White Perch",2004,23,18,157,"2004",0.114649681528662,"White Perch",1069,"High","Warm"
"23058","White Perch",2004,31,0,157,"2004",0,"White Perch",1069,"High","Warm"
"23059","White Perch",2004,25,2,157,"2004",0.0127388535031847,"White Perch",1069,"High","Warm"
"23060","White Perch",2004,28,0,157,"2004",0,"White Perch",1069,"High","Warm"
"23061","White Perch",2004,19,21,157,"2004",0.133757961783439,"White Perch",1069,"High","Warm"
"23062","White Perch",2004,20,7,157,"2004",0.0445859872611465,"White Perch",1069,"High","Warm"
"23063","White Perch",2004,30,1,157,"2004",0.00636942675159236,"White Perch",1069,"High","Warm"
"23064","White Perch",2004,16,42,157,"2004",0.267515923566879,"White Perch",1069,"High","Warm"
"23065","White Perch",2004,22,1,157,"2004",0.00636942675159236,"White Perch",1069,"High","Warm"
"23066","White Perch",2004,32,0,157,"2004",0,"White Perch",1069,"High","Warm"
"23067","White Perch",2004,29,0,157,"2004",0,"White Perch",1069,"High","Warm"
"23068","White Perch",2004,15,0,157,"2004",0,"White Perch",1069,"High","Warm"
"23069","White Perch",2004,18,17,157,"2004",0.10828025477707,"White Perch",1069,"High","Warm"
"23070","White Perch",2004,27,1,157,"2004",0.00636942675159236,"White Perch",1069,"High","Warm"
"23071","White Perch",2004,13,0,157,"2004",0,"White Perch",1069,"High","Warm"
"23072","White Perch",2004,17,42,157,"2004",0.267515923566879,"White Perch",1069,"High","Warm"
"23073","White Perch",2004,24,0,157,"2004",0,"White Perch",1069,"High","Warm"
"23074","White Perch",2004,14,0,157,"2004",0,"White Perch",1069,"High","Warm"
"23075","White Perch",2004,35,0,157,"2004",0,"White Perch",1069,"High","Warm"
"23076","White Perch",2004,34,0,157,"2004",0,"White Perch",1069,"High","Warm"
"23077","White Perch",2004,21,5,157,"2004",0.0318471337579618,"White Perch",1069,"High","Warm"
"23078","White Perch",2004,33,0,157,"2004",0,"White Perch",1069,"High","Warm"
"23079","White Perch",2005,20,4,59,"2005",0.0677966101694915,"White Perch",1069,"High","Warm"
"23080","White Perch",2005,17,18,59,"2005",0.305084745762712,"White Perch",1069,"High","Warm"
"23081","White Perch",2005,27,0,59,"2005",0,"White Perch",1069,"High","Warm"
"23082","White Perch",2005,18,4,59,"2005",0.0677966101694915,"White Perch",1069,"High","Warm"
"23083","White Perch",2005,30,0,59,"2005",0,"White Perch",1069,"High","Warm"
"23084","White Perch",2005,14,0,59,"2005",0,"White Perch",1069,"High","Warm"
"23085","White Perch",2005,21,1,59,"2005",0.0169491525423729,"White Perch",1069,"High","Warm"
"23086","White Perch",2005,19,5,59,"2005",0.0847457627118644,"White Perch",1069,"High","Warm"
"23087","White Perch",2005,31,0,59,"2005",0,"White Perch",1069,"High","Warm"
"23088","White Perch",2005,13,0,59,"2005",0,"White Perch",1069,"High","Warm"
"23089","White Perch",2005,32,0,59,"2005",0,"White Perch",1069,"High","Warm"
"23090","White Perch",2005,12,0,59,"2005",0,"White Perch",1069,"High","Warm"
"23091","White Perch",2005,28,1,59,"2005",0.0169491525423729,"White Perch",1069,"High","Warm"
"23092","White Perch",2005,26,0,59,"2005",0,"White Perch",1069,"High","Warm"
"23093","White Perch",2005,23,0,59,"2005",0,"White Perch",1069,"High","Warm"
"23094","White Perch",2005,25,0,59,"2005",0,"White Perch",1069,"High","Warm"
"23095","White Perch",2005,22,1,59,"2005",0.0169491525423729,"White Perch",1069,"High","Warm"
"23096","White Perch",2005,15,6,59,"2005",0.101694915254237,"White Perch",1069,"High","Warm"
"23097","White Perch",2005,34,0,59,"2005",0,"White Perch",1069,"High","Warm"
"23098","White Perch",2005,29,0,59,"2005",0,"White Perch",1069,"High","Warm"
"23099","White Perch",2005,33,0,59,"2005",0,"White Perch",1069,"High","Warm"
"23100","White Perch",2005,35,0,59,"2005",0,"White Perch",1069,"High","Warm"
"23101","White Perch",2005,16,19,59,"2005",0.322033898305085,"White Perch",1069,"High","Warm"
"23102","White Perch",2005,24,0,59,"2005",0,"White Perch",1069,"High","Warm"
"23103","White Perch",2006,19,2,56,"2006",0.0357142857142857,"White Perch",1069,"High","Warm"
"23104","White Perch",2006,11,0,56,"2006",0,"White Perch",1069,"High","Warm"
"23105","White Perch",2006,18,9,56,"2006",0.160714285714286,"White Perch",1069,"High","Warm"
"23106","White Perch",2006,33,0,56,"2006",0,"White Perch",1069,"High","Warm"
"23107","White Perch",2006,20,5,56,"2006",0.0892857142857143,"White Perch",1069,"High","Warm"
"23108","White Perch",2006,21,1,56,"2006",0.0178571428571429,"White Perch",1069,"High","Warm"
"23109","White Perch",2006,17,16,56,"2006",0.285714285714286,"White Perch",1069,"High","Warm"
"23110","White Perch",2006,23,0,56,"2006",0,"White Perch",1069,"High","Warm"
"23111","White Perch",2006,12,0,56,"2006",0,"White Perch",1069,"High","Warm"
"23112","White Perch",2006,16,4,56,"2006",0.0714285714285714,"White Perch",1069,"High","Warm"
"23113","White Perch",2006,28,2,56,"2006",0.0357142857142857,"White Perch",1069,"High","Warm"
"23114","White Perch",2006,13,1,56,"2006",0.0178571428571429,"White Perch",1069,"High","Warm"
"23115","White Perch",2006,34,0,56,"2006",0,"White Perch",1069,"High","Warm"
"23116","White Perch",2006,22,9,56,"2006",0.160714285714286,"White Perch",1069,"High","Warm"
"23117","White Perch",2006,30,1,56,"2006",0.0178571428571429,"White Perch",1069,"High","Warm"
"23118","White Perch",2006,25,0,56,"2006",0,"White Perch",1069,"High","Warm"
"23119","White Perch",2006,14,0,56,"2006",0,"White Perch",1069,"High","Warm"
"23120","White Perch",2006,29,0,56,"2006",0,"White Perch",1069,"High","Warm"
"23121","White Perch",2006,15,0,56,"2006",0,"White Perch",1069,"High","Warm"
"23122","White Perch",2006,32,0,56,"2006",0,"White Perch",1069,"High","Warm"
"23123","White Perch",2006,24,2,56,"2006",0.0357142857142857,"White Perch",1069,"High","Warm"
"23124","White Perch",2006,26,1,56,"2006",0.0178571428571429,"White Perch",1069,"High","Warm"
"23125","White Perch",2006,31,2,56,"2006",0.0357142857142857,"White Perch",1069,"High","Warm"
"23126","White Perch",2006,35,0,56,"2006",0,"White Perch",1069,"High","Warm"
"23127","White Perch",2006,27,1,56,"2006",0.0178571428571429,"White Perch",1069,"High","Warm"
"23128","White Perch",2007,16,1,30,"2007",0.0333333333333333,"White Perch",1069,"High","Warm"
"23129","White Perch",2007,30,1,30,"2007",0.0333333333333333,"White Perch",1069,"High","Warm"
"23130","White Perch",2007,29,2,30,"2007",0.0666666666666667,"White Perch",1069,"High","Warm"
"23131","White Perch",2007,35,0,30,"2007",0,"White Perch",1069,"High","Warm"
"23132","White Perch",2007,31,1,30,"2007",0.0333333333333333,"White Perch",1069,"High","Warm"
"23133","White Perch",2007,22,3,30,"2007",0.1,"White Perch",1069,"High","Warm"
"23134","White Perch",2007,23,0,30,"2007",0,"White Perch",1069,"High","Warm"
"23135","White Perch",2007,32,1,30,"2007",0.0333333333333333,"White Perch",1069,"High","Warm"
"23136","White Perch",2007,26,1,30,"2007",0.0333333333333333,"White Perch",1069,"High","Warm"
"23137","White Perch",2007,17,2,30,"2007",0.0666666666666667,"White Perch",1069,"High","Warm"
"23138","White Perch",2007,21,0,30,"2007",0,"White Perch",1069,"High","Warm"
"23139","White Perch",2007,27,9,30,"2007",0.3,"White Perch",1069,"High","Warm"
"23140","White Perch",2007,33,0,30,"2007",0,"White Perch",1069,"High","Warm"
"23141","White Perch",2007,20,0,30,"2007",0,"White Perch",1069,"High","Warm"
"23142","White Perch",2007,34,0,30,"2007",0,"White Perch",1069,"High","Warm"
"23143","White Perch",2007,25,0,30,"2007",0,"White Perch",1069,"High","Warm"
"23144","White Perch",2007,15,0,30,"2007",0,"White Perch",1069,"High","Warm"
"23145","White Perch",2007,14,0,30,"2007",0,"White Perch",1069,"High","Warm"
"23146","White Perch",2007,24,0,30,"2007",0,"White Perch",1069,"High","Warm"
"23147","White Perch",2007,28,1,30,"2007",0.0333333333333333,"White Perch",1069,"High","Warm"
"23148","White Perch",2007,12,0,30,"2007",0,"White Perch",1069,"High","Warm"
"23149","White Perch",2007,18,1,30,"2007",0.0333333333333333,"White Perch",1069,"High","Warm"
"23150","White Perch",2007,19,1,30,"2007",0.0333333333333333,"White Perch",1069,"High","Warm"
"23151","White Perch",2007,13,6,30,"2007",0.2,"White Perch",1069,"High","Warm"
"23152","White Perch",2008,28,1,14,"2008",0.0714285714285714,"White Perch",1069,"High","Warm"
"23153","White Perch",2008,13,0,14,"2008",0,"White Perch",1069,"High","Warm"
"23154","White Perch",2008,29,0,14,"2008",0,"White Perch",1069,"High","Warm"
"23155","White Perch",2008,34,0,14,"2008",0,"White Perch",1069,"High","Warm"
"23156","White Perch",2008,14,0,14,"2008",0,"White Perch",1069,"High","Warm"
"23157","White Perch",2008,35,0,14,"2008",0,"White Perch",1069,"High","Warm"
"23158","White Perch",2008,21,0,14,"2008",0,"White Perch",1069,"High","Warm"
"23159","White Perch",2008,31,1,14,"2008",0.0714285714285714,"White Perch",1069,"High","Warm"
"23160","White Perch",2008,32,0,14,"2008",0,"White Perch",1069,"High","Warm"
"23161","White Perch",2008,30,0,14,"2008",0,"White Perch",1069,"High","Warm"
"23162","White Perch",2008,33,0,14,"2008",0,"White Perch",1069,"High","Warm"
"23163","White Perch",2008,20,0,14,"2008",0,"White Perch",1069,"High","Warm"
"23164","White Perch",2008,17,1,14,"2008",0.0714285714285714,"White Perch",1069,"High","Warm"
"23165","White Perch",2008,23,2,14,"2008",0.142857142857143,"White Perch",1069,"High","Warm"
"23166","White Perch",2008,16,3,14,"2008",0.214285714285714,"White Perch",1069,"High","Warm"
"23167","White Perch",2008,19,0,14,"2008",0,"White Perch",1069,"High","Warm"
"23168","White Perch",2008,22,0,14,"2008",0,"White Perch",1069,"High","Warm"
"23169","White Perch",2008,26,0,14,"2008",0,"White Perch",1069,"High","Warm"
"23170","White Perch",2008,27,1,14,"2008",0.0714285714285714,"White Perch",1069,"High","Warm"
"23171","White Perch",2008,18,0,14,"2008",0,"White Perch",1069,"High","Warm"
"23172","White Perch",2008,25,0,14,"2008",0,"White Perch",1069,"High","Warm"
"23173","White Perch",2008,15,3,14,"2008",0.214285714285714,"White Perch",1069,"High","Warm"
"23174","White Perch",2008,24,2,14,"2008",0.142857142857143,"White Perch",1069,"High","Warm"
"23175","White Perch",2009,13,0,25,"2009",0,"White Perch",1069,"High","Warm"
"23176","White Perch",2009,25,0,25,"2009",0,"White Perch",1069,"High","Warm"
"23177","White Perch",2009,14,1,25,"2009",0.04,"White Perch",1069,"High","Warm"
"23178","White Perch",2009,11,0,25,"2009",0,"White Perch",1069,"High","Warm"
"23179","White Perch",2009,12,1,25,"2009",0.04,"White Perch",1069,"High","Warm"
"23180","White Perch",2009,17,6,25,"2009",0.24,"White Perch",1069,"High","Warm"
"23181","White Perch",2009,18,5,25,"2009",0.2,"White Perch",1069,"High","Warm"
"23182","White Perch",2009,15,0,25,"2009",0,"White Perch",1069,"High","Warm"
"23183","White Perch",2009,30,0,25,"2009",0,"White Perch",1069,"High","Warm"
"23184","White Perch",2009,24,0,25,"2009",0,"White Perch",1069,"High","Warm"
"23185","White Perch",2009,28,0,25,"2009",0,"White Perch",1069,"High","Warm"
"23186","White Perch",2009,31,0,25,"2009",0,"White Perch",1069,"High","Warm"
"23187","White Perch",2009,16,3,25,"2009",0.12,"White Perch",1069,"High","Warm"
"23188","White Perch",2009,35,1,25,"2009",0.04,"White Perch",1069,"High","Warm"
"23189","White Perch",2009,23,2,25,"2009",0.08,"White Perch",1069,"High","Warm"
"23190","White Perch",2009,29,0,25,"2009",0,"White Perch",1069,"High","Warm"
"23191","White Perch",2009,19,0,25,"2009",0,"White Perch",1069,"High","Warm"
"23192","White Perch",2009,27,1,25,"2009",0.04,"White Perch",1069,"High","Warm"
"23193","White Perch",2009,33,0,25,"2009",0,"White Perch",1069,"High","Warm"
"23194","White Perch",2009,20,1,25,"2009",0.04,"White Perch",1069,"High","Warm"
"23195","White Perch",2009,26,1,25,"2009",0.04,"White Perch",1069,"High","Warm"
"23196","White Perch",2009,21,1,25,"2009",0.04,"White Perch",1069,"High","Warm"
"23197","White Perch",2009,32,0,25,"2009",0,"White Perch",1069,"High","Warm"
"23198","White Perch",2009,34,0,25,"2009",0,"White Perch",1069,"High","Warm"
"23199","White Perch",2009,22,2,25,"2009",0.08,"White Perch",1069,"High","Warm"
"23200","White Perch",2010,11,0,27,"2010",0,"White Perch",1069,"High","Warm"
"23201","White Perch",2010,23,0,27,"2010",0,"White Perch",1069,"High","Warm"
"23202","White Perch",2010,12,0,27,"2010",0,"White Perch",1069,"High","Warm"
"23203","White Perch",2010,22,1,27,"2010",0.037037037037037,"White Perch",1069,"High","Warm"
"23204","White Perch",2010,14,3,27,"2010",0.111111111111111,"White Perch",1069,"High","Warm"
"23205","White Perch",2010,13,0,27,"2010",0,"White Perch",1069,"High","Warm"
"23206","White Perch",2010,20,0,27,"2010",0,"White Perch",1069,"High","Warm"
"23207","White Perch",2010,21,2,27,"2010",0.0740740740740741,"White Perch",1069,"High","Warm"
"23208","White Perch",2010,15,10,27,"2010",0.37037037037037,"White Perch",1069,"High","Warm"
"23209","White Perch",2010,17,0,27,"2010",0,"White Perch",1069,"High","Warm"
"23210","White Perch",2010,25,0,27,"2010",0,"White Perch",1069,"High","Warm"
"23211","White Perch",2010,32,1,27,"2010",0.037037037037037,"White Perch",1069,"High","Warm"
"23212","White Perch",2010,19,0,27,"2010",0,"White Perch",1069,"High","Warm"
"23213","White Perch",2010,30,0,27,"2010",0,"White Perch",1069,"High","Warm"
"23214","White Perch",2010,18,1,27,"2010",0.037037037037037,"White Perch",1069,"High","Warm"
"23215","White Perch",2010,31,2,27,"2010",0.0740740740740741,"White Perch",1069,"High","Warm"
"23216","White Perch",2010,16,5,27,"2010",0.185185185185185,"White Perch",1069,"High","Warm"
"23217","White Perch",2010,33,0,27,"2010",0,"White Perch",1069,"High","Warm"
"23218","White Perch",2010,24,2,27,"2010",0.0740740740740741,"White Perch",1069,"High","Warm"
"23219","White Perch",2010,34,0,27,"2010",0,"White Perch",1069,"High","Warm"
"23220","White Perch",2010,28,0,27,"2010",0,"White Perch",1069,"High","Warm"
"23221","White Perch",2010,29,0,27,"2010",0,"White Perch",1069,"High","Warm"
"23222","White Perch",2010,27,0,27,"2010",0,"White Perch",1069,"High","Warm"
"23223","White Perch",2010,35,0,27,"2010",0,"White Perch",1069,"High","Warm"
"23224","White Perch",2010,26,0,27,"2010",0,"White Perch",1069,"High","Warm"
"23225","White Perch",2011,13,0,53,"2011",0,"White Perch",1069,"High","Warm"
"23226","White Perch",2011,15,2,53,"2011",0.0377358490566038,"White Perch",1069,"High","Warm"
"23227","White Perch",2011,11,0,53,"2011",0,"White Perch",1069,"High","Warm"
"23228","White Perch",2011,12,0,53,"2011",0,"White Perch",1069,"High","Warm"
"23229","White Perch",2011,17,3,53,"2011",0.0566037735849057,"White Perch",1069,"High","Warm"
"23230","White Perch",2011,16,0,53,"2011",0,"White Perch",1069,"High","Warm"
"23231","White Perch",2011,18,19,53,"2011",0.358490566037736,"White Perch",1069,"High","Warm"
"23232","White Perch",2011,14,0,53,"2011",0,"White Perch",1069,"High","Warm"
"23233","White Perch",2011,22,3,53,"2011",0.0566037735849057,"White Perch",1069,"High","Warm"
"23234","White Perch",2011,23,7,53,"2011",0.132075471698113,"White Perch",1069,"High","Warm"
"23235","White Perch",2011,24,2,53,"2011",0.0377358490566038,"White Perch",1069,"High","Warm"
"23236","White Perch",2011,19,8,53,"2011",0.150943396226415,"White Perch",1069,"High","Warm"
"23237","White Perch",2011,21,5,53,"2011",0.0943396226415094,"White Perch",1069,"High","Warm"
"23238","White Perch",2011,26,1,53,"2011",0.0188679245283019,"White Perch",1069,"High","Warm"
"23239","White Perch",2011,30,1,53,"2011",0.0188679245283019,"White Perch",1069,"High","Warm"
"23240","White Perch",2011,20,2,53,"2011",0.0377358490566038,"White Perch",1069,"High","Warm"
"23241","White Perch",2011,35,0,53,"2011",0,"White Perch",1069,"High","Warm"
"23242","White Perch",2011,34,0,53,"2011",0,"White Perch",1069,"High","Warm"
"23243","White Perch",2011,28,0,53,"2011",0,"White Perch",1069,"High","Warm"
"23244","White Perch",2011,31,0,53,"2011",0,"White Perch",1069,"High","Warm"
"23245","White Perch",2011,33,0,53,"2011",0,"White Perch",1069,"High","Warm"
"23246","White Perch",2011,27,0,53,"2011",0,"White Perch",1069,"High","Warm"
"23247","White Perch",2011,25,0,53,"2011",0,"White Perch",1069,"High","Warm"
"23248","White Perch",2011,29,0,53,"2011",0,"White Perch",1069,"High","Warm"
"23249","White Perch",2011,32,0,53,"2011",0,"White Perch",1069,"High","Warm"
"23250","White Perch",2012,22,2,15,"2012",0.133333333333333,"White Perch",1069,"High","Warm"
"23251","White Perch",2012,33,1,15,"2012",0.0666666666666667,"White Perch",1069,"High","Warm"
"23252","White Perch",2012,19,0,15,"2012",0,"White Perch",1069,"High","Warm"
"23253","White Perch",2012,20,1,15,"2012",0.0666666666666667,"White Perch",1069,"High","Warm"
"23254","White Perch",2012,35,0,15,"2012",0,"White Perch",1069,"High","Warm"
"23255","White Perch",2012,34,1,15,"2012",0.0666666666666667,"White Perch",1069,"High","Warm"
"23256","White Perch",2012,30,0,15,"2012",0,"White Perch",1069,"High","Warm"
"23257","White Perch",2012,29,1,15,"2012",0.0666666666666667,"White Perch",1069,"High","Warm"
"23258","White Perch",2012,21,0,15,"2012",0,"White Perch",1069,"High","Warm"
"23259","White Perch",2012,10,0,15,"2012",0,"White Perch",1069,"High","Warm"
"23260","White Perch",2012,28,0,15,"2012",0,"White Perch",1069,"High","Warm"
"23261","White Perch",2012,23,0,15,"2012",0,"White Perch",1069,"High","Warm"
"23262","White Perch",2012,32,0,15,"2012",0,"White Perch",1069,"High","Warm"
"23263","White Perch",2012,15,0,15,"2012",0,"White Perch",1069,"High","Warm"
"23264","White Perch",2012,14,0,15,"2012",0,"White Perch",1069,"High","Warm"
"23265","White Perch",2012,17,4,15,"2012",0.266666666666667,"White Perch",1069,"High","Warm"
"23266","White Perch",2012,31,0,15,"2012",0,"White Perch",1069,"High","Warm"
"23267","White Perch",2012,27,0,15,"2012",0,"White Perch",1069,"High","Warm"
"23268","White Perch",2012,13,1,15,"2012",0.0666666666666667,"White Perch",1069,"High","Warm"
"23269","White Perch",2012,25,0,15,"2012",0,"White Perch",1069,"High","Warm"
"23270","White Perch",2012,11,0,15,"2012",0,"White Perch",1069,"High","Warm"
"23271","White Perch",2012,16,4,15,"2012",0.266666666666667,"White Perch",1069,"High","Warm"
"23272","White Perch",2012,12,0,15,"2012",0,"White Perch",1069,"High","Warm"
"23273","White Perch",2012,24,0,15,"2012",0,"White Perch",1069,"High","Warm"
"23274","White Perch",2012,26,0,15,"2012",0,"White Perch",1069,"High","Warm"
"23275","White Perch",2012,18,0,15,"2012",0,"White Perch",1069,"High","Warm"
"23276","White Perch",2013,28,0,24,"2013",0,"White Perch",1069,"High","Warm"
"23277","White Perch",2013,13,0,24,"2013",0,"White Perch",1069,"High","Warm"
"23278","White Perch",2013,29,0,24,"2013",0,"White Perch",1069,"High","Warm"
"23279","White Perch",2013,32,0,24,"2013",0,"White Perch",1069,"High","Warm"
"23280","White Perch",2013,20,0,24,"2013",0,"White Perch",1069,"High","Warm"
"23281","White Perch",2013,30,0,24,"2013",0,"White Perch",1069,"High","Warm"
"23282","White Perch",2013,31,0,24,"2013",0,"White Perch",1069,"High","Warm"
"23283","White Perch",2013,34,0,24,"2013",0,"White Perch",1069,"High","Warm"
"23284","White Perch",2013,14,0,24,"2013",0,"White Perch",1069,"High","Warm"
"23285","White Perch",2013,19,5,24,"2013",0.208333333333333,"White Perch",1069,"High","Warm"
"23286","White Perch",2013,27,0,24,"2013",0,"White Perch",1069,"High","Warm"
"23287","White Perch",2013,22,3,24,"2013",0.125,"White Perch",1069,"High","Warm"
"23288","White Perch",2013,23,2,24,"2013",0.0833333333333333,"White Perch",1069,"High","Warm"
"23289","White Perch",2013,35,0,24,"2013",0,"White Perch",1069,"High","Warm"
"23290","White Perch",2013,33,0,24,"2013",0,"White Perch",1069,"High","Warm"
"23291","White Perch",2013,17,5,24,"2013",0.208333333333333,"White Perch",1069,"High","Warm"
"23292","White Perch",2013,16,2,24,"2013",0.0833333333333333,"White Perch",1069,"High","Warm"
"23293","White Perch",2013,25,1,24,"2013",0.0416666666666667,"White Perch",1069,"High","Warm"
"23294","White Perch",2013,24,2,24,"2013",0.0833333333333333,"White Perch",1069,"High","Warm"
"23295","White Perch",2013,12,0,24,"2013",0,"White Perch",1069,"High","Warm"
"23296","White Perch",2013,15,1,24,"2013",0.0416666666666667,"White Perch",1069,"High","Warm"
"23297","White Perch",2013,21,2,24,"2013",0.0833333333333333,"White Perch",1069,"High","Warm"
"23298","White Perch",2013,26,0,24,"2013",0,"White Perch",1069,"High","Warm"
"23299","White Perch",2013,18,1,24,"2013",0.0416666666666667,"White Perch",1069,"High","Warm"
"23300","White Perch",2013,11,0,24,"2013",0,"White Perch",1069,"High","Warm"
"23301","White Perch",2014,15,10,123,"2014",0.0813008130081301,"White Perch",1069,"High","Warm"
"23302","White Perch",2014,21,8,123,"2014",0.0650406504065041,"White Perch",1069,"High","Warm"
"23303","White Perch",2014,29,2,123,"2014",0.016260162601626,"White Perch",1069,"High","Warm"
"23304","White Perch",2014,20,50,123,"2014",0.40650406504065,"White Perch",1069,"High","Warm"
"23305","White Perch",2014,16,0,123,"2014",0,"White Perch",1069,"High","Warm"
"23306","White Perch",2014,14,0,123,"2014",0,"White Perch",1069,"High","Warm"
"23307","White Perch",2014,25,8,123,"2014",0.0650406504065041,"White Perch",1069,"High","Warm"
"23308","White Perch",2014,13,0,123,"2014",0,"White Perch",1069,"High","Warm"
"23309","White Perch",2014,30,0,123,"2014",0,"White Perch",1069,"High","Warm"
"23310","White Perch",2014,18,12,123,"2014",0.0975609756097561,"White Perch",1069,"High","Warm"
"23311","White Perch",2014,19,7,123,"2014",0.0569105691056911,"White Perch",1069,"High","Warm"
"23312","White Perch",2014,17,7,123,"2014",0.0569105691056911,"White Perch",1069,"High","Warm"
"23313","White Perch",2014,24,6,123,"2014",0.0487804878048781,"White Perch",1069,"High","Warm"
"23314","White Perch",2014,26,4,123,"2014",0.032520325203252,"White Perch",1069,"High","Warm"
"23315","White Perch",2014,27,4,123,"2014",0.032520325203252,"White Perch",1069,"High","Warm"
"23316","White Perch",2014,22,0,123,"2014",0,"White Perch",1069,"High","Warm"
"23317","White Perch",2014,23,5,123,"2014",0.040650406504065,"White Perch",1069,"High","Warm"
"23318","White Perch",2014,33,0,123,"2014",0,"White Perch",1069,"High","Warm"
"23319","White Perch",2014,32,0,123,"2014",0,"White Perch",1069,"High","Warm"
"23320","White Perch",2014,34,0,123,"2014",0,"White Perch",1069,"High","Warm"
"23321","White Perch",2014,28,0,123,"2014",0,"White Perch",1069,"High","Warm"
"23322","White Perch",2014,35,0,123,"2014",0,"White Perch",1069,"High","Warm"
"23323","White Perch",2014,31,0,123,"2014",0,"White Perch",1069,"High","Warm"
"23324","White Perch",2015,13,0,40,"2015",0,"White Perch",1069,"High","Warm"
"23325","White Perch",2015,23,1,40,"2015",0.025,"White Perch",1069,"High","Warm"
"23326","White Perch",2015,22,1,40,"2015",0.025,"White Perch",1069,"High","Warm"
"23327","White Perch",2015,14,0,40,"2015",0,"White Perch",1069,"High","Warm"
"23328","White Perch",2015,21,2,40,"2015",0.05,"White Perch",1069,"High","Warm"
"23329","White Perch",2015,16,1,40,"2015",0.025,"White Perch",1069,"High","Warm"
"23330","White Perch",2015,17,3,40,"2015",0.075,"White Perch",1069,"High","Warm"
"23331","White Perch",2015,18,10,40,"2015",0.25,"White Perch",1069,"High","Warm"
"23332","White Perch",2015,15,1,40,"2015",0.025,"White Perch",1069,"High","Warm"
"23333","White Perch",2015,20,4,40,"2015",0.1,"White Perch",1069,"High","Warm"
"23334","White Perch",2015,33,0,40,"2015",0,"White Perch",1069,"High","Warm"
"23335","White Perch",2015,24,1,40,"2015",0.025,"White Perch",1069,"High","Warm"
"23336","White Perch",2015,19,14,40,"2015",0.35,"White Perch",1069,"High","Warm"
"23337","White Perch",2015,25,0,40,"2015",0,"White Perch",1069,"High","Warm"
"23338","White Perch",2015,32,0,40,"2015",0,"White Perch",1069,"High","Warm"
"23339","White Perch",2015,34,0,40,"2015",0,"White Perch",1069,"High","Warm"
"23340","White Perch",2015,35,0,40,"2015",0,"White Perch",1069,"High","Warm"
"23341","White Perch",2015,31,1,40,"2015",0.025,"White Perch",1069,"High","Warm"
"23342","White Perch",2015,26,0,40,"2015",0,"White Perch",1069,"High","Warm"
"23343","White Perch",2015,29,1,40,"2015",0.025,"White Perch",1069,"High","Warm"
"23344","White Perch",2015,30,0,40,"2015",0,"White Perch",1069,"High","Warm"
"23345","White Perch",2015,27,0,40,"2015",0,"White Perch",1069,"High","Warm"
"23346","White Perch",2015,28,0,40,"2015",0,"White Perch",1069,"High","Warm"
"23347","White Perch",2016,31,0,32,"2016",0,"White Perch",1069,"High","Warm"
"23348","White Perch",2016,12,0,32,"2016",0,"White Perch",1069,"High","Warm"
"23349","White Perch",2016,10,0,32,"2016",0,"White Perch",1069,"High","Warm"
"23350","White Perch",2016,25,0,32,"2016",0,"White Perch",1069,"High","Warm"
"23351","White Perch",2016,13,0,32,"2016",0,"White Perch",1069,"High","Warm"
"23352","White Perch",2016,21,1,32,"2016",0.03125,"White Perch",1069,"High","Warm"
"23353","White Perch",2016,34,0,32,"2016",0,"White Perch",1069,"High","Warm"
"23354","White Perch",2016,28,0,32,"2016",0,"White Perch",1069,"High","Warm"
"23355","White Perch",2016,27,2,32,"2016",0.0625,"White Perch",1069,"High","Warm"
"23356","White Perch",2016,29,0,32,"2016",0,"White Perch",1069,"High","Warm"
"23357","White Perch",2016,22,6,32,"2016",0.1875,"White Perch",1069,"High","Warm"
"23358","White Perch",2016,32,0,32,"2016",0,"White Perch",1069,"High","Warm"
"23359","White Perch",2016,16,0,32,"2016",0,"White Perch",1069,"High","Warm"
"23360","White Perch",2016,11,0,32,"2016",0,"White Perch",1069,"High","Warm"
"23361","White Perch",2016,15,0,32,"2016",0,"White Perch",1069,"High","Warm"
"23362","White Perch",2016,23,3,32,"2016",0.09375,"White Perch",1069,"High","Warm"
"23363","White Perch",2016,35,0,32,"2016",0,"White Perch",1069,"High","Warm"
"23364","White Perch",2016,24,0,32,"2016",0,"White Perch",1069,"High","Warm"
"23365","White Perch",2016,33,0,32,"2016",0,"White Perch",1069,"High","Warm"
"23366","White Perch",2016,26,1,32,"2016",0.03125,"White Perch",1069,"High","Warm"
"23367","White Perch",2016,30,0,32,"2016",0,"White Perch",1069,"High","Warm"
"23368","White Perch",2016,20,1,32,"2016",0.03125,"White Perch",1069,"High","Warm"
"23369","White Perch",2016,19,1,32,"2016",0.03125,"White Perch",1069,"High","Warm"
"23370","White Perch",2016,14,0,32,"2016",0,"White Perch",1069,"High","Warm"
"23371","White Perch",2016,18,3,32,"2016",0.09375,"White Perch",1069,"High","Warm"
"23372","White Perch",2016,17,14,32,"2016",0.4375,"White Perch",1069,"High","Warm"
"23373","White Perch",2017,18,8,31,"2017",0.258064516129032,"White Perch",1069,"High","Warm"
"23374","White Perch",2017,23,1,31,"2017",0.032258064516129,"White Perch",1069,"High","Warm"
"23375","White Perch",2017,32,0,31,"2017",0,"White Perch",1069,"High","Warm"
"23376","White Perch",2017,17,6,31,"2017",0.193548387096774,"White Perch",1069,"High","Warm"
"23377","White Perch",2017,19,4,31,"2017",0.129032258064516,"White Perch",1069,"High","Warm"
"23378","White Perch",2017,31,1,31,"2017",0.032258064516129,"White Perch",1069,"High","Warm"
"23379","White Perch",2017,30,0,31,"2017",0,"White Perch",1069,"High","Warm"
"23380","White Perch",2017,20,1,31,"2017",0.032258064516129,"White Perch",1069,"High","Warm"
"23381","White Perch",2017,22,3,31,"2017",0.0967741935483871,"White Perch",1069,"High","Warm"
"23382","White Perch",2017,29,0,31,"2017",0,"White Perch",1069,"High","Warm"
"23383","White Perch",2017,16,1,31,"2017",0.032258064516129,"White Perch",1069,"High","Warm"
"23384","White Perch",2017,15,2,31,"2017",0.0645161290322581,"White Perch",1069,"High","Warm"
"23385","White Perch",2017,21,0,31,"2017",0,"White Perch",1069,"High","Warm"
"23386","White Perch",2017,13,0,31,"2017",0,"White Perch",1069,"High","Warm"
"23387","White Perch",2017,10,0,31,"2017",0,"White Perch",1069,"High","Warm"
"23388","White Perch",2017,34,0,31,"2017",0,"White Perch",1069,"High","Warm"
"23389","White Perch",2017,28,0,31,"2017",0,"White Perch",1069,"High","Warm"
"23390","White Perch",2017,26,2,31,"2017",0.0645161290322581,"White Perch",1069,"High","Warm"
"23391","White Perch",2017,33,0,31,"2017",0,"White Perch",1069,"High","Warm"
"23392","White Perch",2017,27,0,31,"2017",0,"White Perch",1069,"High","Warm"
"23393","White Perch",2017,25,0,31,"2017",0,"White Perch",1069,"High","Warm"
"23394","White Perch",2017,35,0,31,"2017",0,"White Perch",1069,"High","Warm"
"23395","White Perch",2017,12,0,31,"2017",0,"White Perch",1069,"High","Warm"
"23396","White Perch",2017,14,0,31,"2017",0,"White Perch",1069,"High","Warm"
"23397","White Perch",2017,24,2,31,"2017",0.0645161290322581,"White Perch",1069,"High","Warm"
"23398","White Perch",2018,14,0,24,"2018",0,"White Perch",1069,"High","Warm"
"23399","White Perch",2018,21,0,24,"2018",0,"White Perch",1069,"High","Warm"
"23400","White Perch",2018,22,5,24,"2018",0.208333333333333,"White Perch",1069,"High","Warm"
"23401","White Perch",2018,10,0,24,"2018",0,"White Perch",1069,"High","Warm"
"23402","White Perch",2018,20,9,24,"2018",0.375,"White Perch",1069,"High","Warm"
"23403","White Perch",2018,30,1,24,"2018",0.0416666666666667,"White Perch",1069,"High","Warm"
"23404","White Perch",2018,31,0,24,"2018",0,"White Perch",1069,"High","Warm"
"23405","White Perch",2018,27,1,24,"2018",0.0416666666666667,"White Perch",1069,"High","Warm"
"23406","White Perch",2018,19,2,24,"2018",0.0833333333333333,"White Perch",1069,"High","Warm"
"23407","White Perch",2018,29,0,24,"2018",0,"White Perch",1069,"High","Warm"
"23408","White Perch",2018,9,0,24,"2018",0,"White Perch",1069,"High","Warm"
"23409","White Perch",2018,16,0,24,"2018",0,"White Perch",1069,"High","Warm"
"23410","White Perch",2018,32,0,24,"2018",0,"White Perch",1069,"High","Warm"
"23411","White Perch",2018,23,0,24,"2018",0,"White Perch",1069,"High","Warm"
"23412","White Perch",2018,26,2,24,"2018",0.0833333333333333,"White Perch",1069,"High","Warm"
"23413","White Perch",2018,13,0,24,"2018",0,"White Perch",1069,"High","Warm"
"23414","White Perch",2018,18,1,24,"2018",0.0416666666666667,"White Perch",1069,"High","Warm"
"23415","White Perch",2018,24,0,24,"2018",0,"White Perch",1069,"High","Warm"
"23416","White Perch",2018,35,0,24,"2018",0,"White Perch",1069,"High","Warm"
"23417","White Perch",2018,28,1,24,"2018",0.0416666666666667,"White Perch",1069,"High","Warm"
"23418","White Perch",2018,25,1,24,"2018",0.0416666666666667,"White Perch",1069,"High","Warm"
"23419","White Perch",2018,33,1,24,"2018",0.0416666666666667,"White Perch",1069,"High","Warm"
"23420","White Perch",2018,17,0,24,"2018",0,"White Perch",1069,"High","Warm"
"23421","White Perch",2018,15,0,24,"2018",0,"White Perch",1069,"High","Warm"
"23422","White Perch",2018,12,0,24,"2018",0,"White Perch",1069,"High","Warm"
"23423","White Perch",2018,34,0,24,"2018",0,"White Perch",1069,"High","Warm"
"23474","White Perch",2021,15,4,14,"2021",0.285714285714286,"White Perch",1069,"High","Warm"
"23475","White Perch",2021,16,6,14,"2021",0.428571428571429,"White Perch",1069,"High","Warm"
"23476","White Perch",2021,14,0,14,"2021",0,"White Perch",1069,"High","Warm"
"23477","White Perch",2021,25,0,14,"2021",0,"White Perch",1069,"High","Warm"
"23478","White Perch",2021,26,0,14,"2021",0,"White Perch",1069,"High","Warm"
"23479","White Perch",2021,28,0,14,"2021",0,"White Perch",1069,"High","Warm"
"23480","White Perch",2021,24,0,14,"2021",0,"White Perch",1069,"High","Warm"
"23481","White Perch",2021,32,0,14,"2021",0,"White Perch",1069,"High","Warm"
"23482","White Perch",2021,27,0,14,"2021",0,"White Perch",1069,"High","Warm"
"23483","White Perch",2021,34,0,14,"2021",0,"White Perch",1069,"High","Warm"
"23484","White Perch",2021,22,0,14,"2021",0,"White Perch",1069,"High","Warm"
"23485","White Perch",2021,23,0,14,"2021",0,"White Perch",1069,"High","Warm"
"23486","White Perch",2021,11,0,14,"2021",0,"White Perch",1069,"High","Warm"
"23487","White Perch",2021,18,2,14,"2021",0.142857142857143,"White Perch",1069,"High","Warm"
"23488","White Perch",2021,17,2,14,"2021",0.142857142857143,"White Perch",1069,"High","Warm"
"23489","White Perch",2021,12,0,14,"2021",0,"White Perch",1069,"High","Warm"
"23490","White Perch",2021,33,0,14,"2021",0,"White Perch",1069,"High","Warm"
"23491","White Perch",2021,21,0,14,"2021",0,"White Perch",1069,"High","Warm"
"23492","White Perch",2021,13,0,14,"2021",0,"White Perch",1069,"High","Warm"
"23493","White Perch",2021,19,0,14,"2021",0,"White Perch",1069,"High","Warm"
"23494","White Perch",2021,35,0,14,"2021",0,"White Perch",1069,"High","Warm"
"23495","White Perch",2021,20,0,14,"2021",0,"White Perch",1069,"High","Warm"
"23496","White Perch",2021,31,0,14,"2021",0,"White Perch",1069,"High","Warm"
"23497","White Perch",2021,29,0,14,"2021",0,"White Perch",1069,"High","Warm"
"23498","White Perch",2021,30,0,14,"2021",0,"White Perch",1069,"High","Warm"
"9310","Gizzard Shad",1998,22,28,152,"1998",0.184210526315789,"Gizzard Shad",45221,"High","Cool"
"9311","Gizzard Shad",1998,20,5,152,"1998",0.0328947368421053,"Gizzard Shad",45221,"High","Cool"
"9312","Gizzard Shad",1998,14,1,152,"1998",0.00657894736842105,"Gizzard Shad",45221,"High","Cool"
"9313","Gizzard Shad",1998,33,0,152,"1998",0,"Gizzard Shad",45221,"High","Cool"
"9314","Gizzard Shad",1998,16,3,152,"1998",0.0197368421052632,"Gizzard Shad",45221,"High","Cool"
"9315","Gizzard Shad",1998,34,0,152,"1998",0,"Gizzard Shad",45221,"High","Cool"
"9316","Gizzard Shad",1998,21,10,152,"1998",0.0657894736842105,"Gizzard Shad",45221,"High","Cool"
"9317","Gizzard Shad",1998,23,4,152,"1998",0.0263157894736842,"Gizzard Shad",45221,"High","Cool"
"9318","Gizzard Shad",1998,15,1,152,"1998",0.00657894736842105,"Gizzard Shad",45221,"High","Cool"
"9319","Gizzard Shad",1998,28,16,152,"1998",0.105263157894737,"Gizzard Shad",45221,"High","Cool"
"9320","Gizzard Shad",1998,17,17,152,"1998",0.111842105263158,"Gizzard Shad",45221,"High","Cool"
"9321","Gizzard Shad",1998,13,0,152,"1998",0,"Gizzard Shad",45221,"High","Cool"
"9322","Gizzard Shad",1998,19,11,152,"1998",0.0723684210526316,"Gizzard Shad",45221,"High","Cool"
"9323","Gizzard Shad",1998,27,6,152,"1998",0.0394736842105263,"Gizzard Shad",45221,"High","Cool"
"9324","Gizzard Shad",1998,10,0,152,"1998",0,"Gizzard Shad",45221,"High","Cool"
"9325","Gizzard Shad",1998,24,6,152,"1998",0.0394736842105263,"Gizzard Shad",45221,"High","Cool"
"9326","Gizzard Shad",1998,25,2,152,"1998",0.0131578947368421,"Gizzard Shad",45221,"High","Cool"
"9327","Gizzard Shad",1998,32,0,152,"1998",0,"Gizzard Shad",45221,"High","Cool"
"9328","Gizzard Shad",1998,35,0,152,"1998",0,"Gizzard Shad",45221,"High","Cool"
"9329","Gizzard Shad",1998,12,0,152,"1998",0,"Gizzard Shad",45221,"High","Cool"
"9330","Gizzard Shad",1998,31,2,152,"1998",0.0131578947368421,"Gizzard Shad",45221,"High","Cool"
"9331","Gizzard Shad",1998,18,16,152,"1998",0.105263157894737,"Gizzard Shad",45221,"High","Cool"
"9332","Gizzard Shad",1998,26,18,152,"1998",0.118421052631579,"Gizzard Shad",45221,"High","Cool"
"9333","Gizzard Shad",1998,29,4,152,"1998",0.0263157894736842,"Gizzard Shad",45221,"High","Cool"
"9334","Gizzard Shad",1998,30,2,152,"1998",0.0131578947368421,"Gizzard Shad",45221,"High","Cool"
"9335","Gizzard Shad",2000,17,28,359,"2000",0.0779944289693593,"Gizzard Shad",45221,"High","Cool"
"9336","Gizzard Shad",2000,13,5,359,"2000",0.0139275766016713,"Gizzard Shad",45221,"High","Cool"
"9337","Gizzard Shad",2000,12,3,359,"2000",0.00835654596100279,"Gizzard Shad",45221,"High","Cool"
"9338","Gizzard Shad",2000,16,35,359,"2000",0.0974930362116992,"Gizzard Shad",45221,"High","Cool"
"9339","Gizzard Shad",2000,11,3,359,"2000",0.00835654596100279,"Gizzard Shad",45221,"High","Cool"
"9340","Gizzard Shad",2000,18,25,359,"2000",0.0696378830083565,"Gizzard Shad",45221,"High","Cool"
"9341","Gizzard Shad",2000,25,9,359,"2000",0.0250696378830084,"Gizzard Shad",45221,"High","Cool"
"9342","Gizzard Shad",2000,31,4,359,"2000",0.011142061281337,"Gizzard Shad",45221,"High","Cool"
"9343","Gizzard Shad",2000,33,4,359,"2000",0.011142061281337,"Gizzard Shad",45221,"High","Cool"
"9344","Gizzard Shad",2000,15,5,359,"2000",0.0139275766016713,"Gizzard Shad",45221,"High","Cool"
"9345","Gizzard Shad",2000,28,36,359,"2000",0.100278551532033,"Gizzard Shad",45221,"High","Cool"
"9346","Gizzard Shad",2000,32,4,359,"2000",0.011142061281337,"Gizzard Shad",45221,"High","Cool"
"9347","Gizzard Shad",2000,30,6,359,"2000",0.0167130919220056,"Gizzard Shad",45221,"High","Cool"
"9348","Gizzard Shad",2000,27,41,359,"2000",0.114206128133705,"Gizzard Shad",45221,"High","Cool"
"9349","Gizzard Shad",2000,19,29,359,"2000",0.0807799442896936,"Gizzard Shad",45221,"High","Cool"
"9350","Gizzard Shad",2000,29,14,359,"2000",0.0389972144846797,"Gizzard Shad",45221,"High","Cool"
"9351","Gizzard Shad",2000,35,0,359,"2000",0,"Gizzard Shad",45221,"High","Cool"
"9352","Gizzard Shad",2000,22,13,359,"2000",0.0362116991643454,"Gizzard Shad",45221,"High","Cool"
"9353","Gizzard Shad",2000,20,25,359,"2000",0.0696378830083565,"Gizzard Shad",45221,"High","Cool"
"9354","Gizzard Shad",2000,21,20,359,"2000",0.0557103064066852,"Gizzard Shad",45221,"High","Cool"
"9355","Gizzard Shad",2000,34,0,359,"2000",0,"Gizzard Shad",45221,"High","Cool"
"9356","Gizzard Shad",2000,23,15,359,"2000",0.0417827298050139,"Gizzard Shad",45221,"High","Cool"
"9357","Gizzard Shad",2000,24,6,359,"2000",0.0167130919220056,"Gizzard Shad",45221,"High","Cool"
"9358","Gizzard Shad",2000,9,0,359,"2000",0,"Gizzard Shad",45221,"High","Cool"
"9359","Gizzard Shad",2000,14,19,359,"2000",0.052924791086351,"Gizzard Shad",45221,"High","Cool"
"9360","Gizzard Shad",2000,26,10,359,"2000",0.0278551532033426,"Gizzard Shad",45221,"High","Cool"
"9361","Gizzard Shad",2000,10,0,359,"2000",0,"Gizzard Shad",45221,"High","Cool"
"9362","Gizzard Shad",2001,35,0,575,"2001",0,"Gizzard Shad",45221,"High","Cool"
"9363","Gizzard Shad",2001,11,0,575,"2001",0,"Gizzard Shad",45221,"High","Cool"
"9364","Gizzard Shad",2001,12,0,575,"2001",0,"Gizzard Shad",45221,"High","Cool"
"9365","Gizzard Shad",2001,20,26,575,"2001",0.0452173913043478,"Gizzard Shad",45221,"High","Cool"
"9366","Gizzard Shad",2001,34,1,575,"2001",0.00173913043478261,"Gizzard Shad",45221,"High","Cool"
"9367","Gizzard Shad",2001,16,3,575,"2001",0.00521739130434783,"Gizzard Shad",45221,"High","Cool"
"9368","Gizzard Shad",2001,14,5,575,"2001",0.00869565217391304,"Gizzard Shad",45221,"High","Cool"
"9369","Gizzard Shad",2001,13,0,575,"2001",0,"Gizzard Shad",45221,"High","Cool"
"9370","Gizzard Shad",2001,30,30,575,"2001",0.0521739130434783,"Gizzard Shad",45221,"High","Cool"
"9371","Gizzard Shad",2001,18,20,575,"2001",0.0347826086956522,"Gizzard Shad",45221,"High","Cool"
"9372","Gizzard Shad",2001,32,0,575,"2001",0,"Gizzard Shad",45221,"High","Cool"
"9373","Gizzard Shad",2001,17,14,575,"2001",0.0243478260869565,"Gizzard Shad",45221,"High","Cool"
"9374","Gizzard Shad",2001,28,52,575,"2001",0.0904347826086957,"Gizzard Shad",45221,"High","Cool"
"9375","Gizzard Shad",2001,21,7,575,"2001",0.0121739130434783,"Gizzard Shad",45221,"High","Cool"
"9376","Gizzard Shad",2001,15,5,575,"2001",0.00869565217391304,"Gizzard Shad",45221,"High","Cool"
"9377","Gizzard Shad",2001,33,0,575,"2001",0,"Gizzard Shad",45221,"High","Cool"
"9378","Gizzard Shad",2001,26,104,575,"2001",0.180869565217391,"Gizzard Shad",45221,"High","Cool"
"9379","Gizzard Shad",2001,25,135,575,"2001",0.234782608695652,"Gizzard Shad",45221,"High","Cool"
"9380","Gizzard Shad",2001,19,6,575,"2001",0.0104347826086957,"Gizzard Shad",45221,"High","Cool"
"9381","Gizzard Shad",2001,27,13,575,"2001",0.0226086956521739,"Gizzard Shad",45221,"High","Cool"
"9382","Gizzard Shad",2001,23,2,575,"2001",0.00347826086956522,"Gizzard Shad",45221,"High","Cool"
"9383","Gizzard Shad",2001,22,16,575,"2001",0.0278260869565217,"Gizzard Shad",45221,"High","Cool"
"9384","Gizzard Shad",2001,29,80,575,"2001",0.139130434782609,"Gizzard Shad",45221,"High","Cool"
"9385","Gizzard Shad",2001,31,0,575,"2001",0,"Gizzard Shad",45221,"High","Cool"
"9386","Gizzard Shad",2001,24,56,575,"2001",0.0973913043478261,"Gizzard Shad",45221,"High","Cool"
"9387","Gizzard Shad",2002,35,0,698,"2002",0,"Gizzard Shad",45221,"High","Cool"
"9388","Gizzard Shad",2002,28,47,698,"2002",0.0673352435530086,"Gizzard Shad",45221,"High","Cool"
"9389","Gizzard Shad",2002,29,9,698,"2002",0.0128939828080229,"Gizzard Shad",45221,"High","Cool"
"9390","Gizzard Shad",2002,25,79,698,"2002",0.113180515759312,"Gizzard Shad",45221,"High","Cool"
"9391","Gizzard Shad",2002,21,12,698,"2002",0.0171919770773639,"Gizzard Shad",45221,"High","Cool"
"9392","Gizzard Shad",2002,34,0,698,"2002",0,"Gizzard Shad",45221,"High","Cool"
"9393","Gizzard Shad",2002,32,0,698,"2002",0,"Gizzard Shad",45221,"High","Cool"
"9394","Gizzard Shad",2002,23,8,698,"2002",0.0114613180515759,"Gizzard Shad",45221,"High","Cool"
"9395","Gizzard Shad",2002,22,11,698,"2002",0.0157593123209169,"Gizzard Shad",45221,"High","Cool"
"9396","Gizzard Shad",2002,31,1,698,"2002",0.00143266475644699,"Gizzard Shad",45221,"High","Cool"
"9397","Gizzard Shad",2002,30,4,698,"2002",0.00573065902578797,"Gizzard Shad",45221,"High","Cool"
"9398","Gizzard Shad",2002,19,62,698,"2002",0.0888252148997135,"Gizzard Shad",45221,"High","Cool"
"9399","Gizzard Shad",2002,27,113,698,"2002",0.16189111747851,"Gizzard Shad",45221,"High","Cool"
"9400","Gizzard Shad",2002,33,0,698,"2002",0,"Gizzard Shad",45221,"High","Cool"
"9401","Gizzard Shad",2002,20,31,698,"2002",0.0444126074498567,"Gizzard Shad",45221,"High","Cool"
"9402","Gizzard Shad",2002,17,17,698,"2002",0.0243553008595989,"Gizzard Shad",45221,"High","Cool"
"9403","Gizzard Shad",2002,14,0,698,"2002",0,"Gizzard Shad",45221,"High","Cool"
"9404","Gizzard Shad",2002,11,0,698,"2002",0,"Gizzard Shad",45221,"High","Cool"
"9405","Gizzard Shad",2002,26,138,698,"2002",0.197707736389685,"Gizzard Shad",45221,"High","Cool"
"9406","Gizzard Shad",2002,12,13,698,"2002",0.0186246418338109,"Gizzard Shad",45221,"High","Cool"
"9407","Gizzard Shad",2002,15,14,698,"2002",0.0200573065902579,"Gizzard Shad",45221,"High","Cool"
"9408","Gizzard Shad",2002,13,1,698,"2002",0.00143266475644699,"Gizzard Shad",45221,"High","Cool"
"9409","Gizzard Shad",2002,18,35,698,"2002",0.0501432664756447,"Gizzard Shad",45221,"High","Cool"
"9410","Gizzard Shad",2002,16,37,698,"2002",0.0530085959885387,"Gizzard Shad",45221,"High","Cool"
"9411","Gizzard Shad",2002,24,66,698,"2002",0.0945558739255014,"Gizzard Shad",45221,"High","Cool"
"9412","Gizzard Shad",2002,10,0,698,"2002",0,"Gizzard Shad",45221,"High","Cool"
"9485","Gizzard Shad",2006,21,28,2900,"2006",0.0096551724137931,"Gizzard Shad",45221,"High","Cool"
"9486","Gizzard Shad",2006,18,365,2900,"2006",0.125862068965517,"Gizzard Shad",45221,"High","Cool"
"9487","Gizzard Shad",2006,20,61,2900,"2006",0.0210344827586207,"Gizzard Shad",45221,"High","Cool"
"9488","Gizzard Shad",2006,19,72,2900,"2006",0.0248275862068966,"Gizzard Shad",45221,"High","Cool"
"9489","Gizzard Shad",2006,32,6,2900,"2006",0.00206896551724138,"Gizzard Shad",45221,"High","Cool"
"9490","Gizzard Shad",2006,29,68,2900,"2006",0.023448275862069,"Gizzard Shad",45221,"High","Cool"
"9491","Gizzard Shad",2006,33,6,2900,"2006",0.00206896551724138,"Gizzard Shad",45221,"High","Cool"
"9492","Gizzard Shad",2006,25,266,2900,"2006",0.0917241379310345,"Gizzard Shad",45221,"High","Cool"
"9493","Gizzard Shad",2006,23,154,2900,"2006",0.0531034482758621,"Gizzard Shad",45221,"High","Cool"
"9494","Gizzard Shad",2006,17,161,2900,"2006",0.0555172413793103,"Gizzard Shad",45221,"High","Cool"
"9495","Gizzard Shad",2006,14,39,2900,"2006",0.013448275862069,"Gizzard Shad",45221,"High","Cool"
"9496","Gizzard Shad",2006,24,224,2900,"2006",0.0772413793103448,"Gizzard Shad",45221,"High","Cool"
"9497","Gizzard Shad",2006,26,237,2900,"2006",0.0817241379310345,"Gizzard Shad",45221,"High","Cool"
"9498","Gizzard Shad",2006,16,45,2900,"2006",0.0155172413793103,"Gizzard Shad",45221,"High","Cool"
"9499","Gizzard Shad",2006,35,2,2900,"2006",0.000689655172413793,"Gizzard Shad",45221,"High","Cool"
"9500","Gizzard Shad",2006,11,0,2900,"2006",0,"Gizzard Shad",45221,"High","Cool"
"9501","Gizzard Shad",2006,28,223,2900,"2006",0.0768965517241379,"Gizzard Shad",45221,"High","Cool"
"9502","Gizzard Shad",2006,15,162,2900,"2006",0.0558620689655172,"Gizzard Shad",45221,"High","Cool"
"9503","Gizzard Shad",2006,13,3,2900,"2006",0.00103448275862069,"Gizzard Shad",45221,"High","Cool"
"9504","Gizzard Shad",2006,22,621,2900,"2006",0.214137931034483,"Gizzard Shad",45221,"High","Cool"
"9505","Gizzard Shad",2006,27,146,2900,"2006",0.0503448275862069,"Gizzard Shad",45221,"High","Cool"
"9506","Gizzard Shad",2006,31,9,2900,"2006",0.00310344827586207,"Gizzard Shad",45221,"High","Cool"
"9507","Gizzard Shad",2006,30,0,2900,"2006",0,"Gizzard Shad",45221,"High","Cool"
"9508","Gizzard Shad",2006,12,0,2900,"2006",0,"Gizzard Shad",45221,"High","Cool"
"9509","Gizzard Shad",2006,34,2,2900,"2006",0.000689655172413793,"Gizzard Shad",45221,"High","Cool"
"9557","Gizzard Shad",2009,24,61,768,"2009",0.0794270833333333,"Gizzard Shad",45221,"High","Cool"
"9558","Gizzard Shad",2009,27,47,768,"2009",0.0611979166666667,"Gizzard Shad",45221,"High","Cool"
"9559","Gizzard Shad",2009,11,0,768,"2009",0,"Gizzard Shad",45221,"High","Cool"
"9560","Gizzard Shad",2009,30,36,768,"2009",0.046875,"Gizzard Shad",45221,"High","Cool"
"9561","Gizzard Shad",2009,12,1,768,"2009",0.00130208333333333,"Gizzard Shad",45221,"High","Cool"
"9562","Gizzard Shad",2009,31,10,768,"2009",0.0130208333333333,"Gizzard Shad",45221,"High","Cool"
"9563","Gizzard Shad",2009,23,61,768,"2009",0.0794270833333333,"Gizzard Shad",45221,"High","Cool"
"9564","Gizzard Shad",2009,16,28,768,"2009",0.0364583333333333,"Gizzard Shad",45221,"High","Cool"
"9565","Gizzard Shad",2009,28,28,768,"2009",0.0364583333333333,"Gizzard Shad",45221,"High","Cool"
"9566","Gizzard Shad",2009,13,2,768,"2009",0.00260416666666667,"Gizzard Shad",45221,"High","Cool"
"9567","Gizzard Shad",2009,33,5,768,"2009",0.00651041666666667,"Gizzard Shad",45221,"High","Cool"
"9568","Gizzard Shad",2009,32,10,768,"2009",0.0130208333333333,"Gizzard Shad",45221,"High","Cool"
"9569","Gizzard Shad",2009,34,1,768,"2009",0.00130208333333333,"Gizzard Shad",45221,"High","Cool"
"9570","Gizzard Shad",2009,18,102,768,"2009",0.1328125,"Gizzard Shad",45221,"High","Cool"
"9571","Gizzard Shad",2009,35,0,768,"2009",0,"Gizzard Shad",45221,"High","Cool"
"9572","Gizzard Shad",2009,17,78,768,"2009",0.1015625,"Gizzard Shad",45221,"High","Cool"
"9573","Gizzard Shad",2009,26,60,768,"2009",0.078125,"Gizzard Shad",45221,"High","Cool"
"9574","Gizzard Shad",2009,15,3,768,"2009",0.00390625,"Gizzard Shad",45221,"High","Cool"
"9575","Gizzard Shad",2009,22,20,768,"2009",0.0260416666666667,"Gizzard Shad",45221,"High","Cool"
"9576","Gizzard Shad",2009,29,11,768,"2009",0.0143229166666667,"Gizzard Shad",45221,"High","Cool"
"9577","Gizzard Shad",2009,14,4,768,"2009",0.00520833333333333,"Gizzard Shad",45221,"High","Cool"
"9578","Gizzard Shad",2009,19,27,768,"2009",0.03515625,"Gizzard Shad",45221,"High","Cool"
"9579","Gizzard Shad",2009,25,141,768,"2009",0.18359375,"Gizzard Shad",45221,"High","Cool"
"9580","Gizzard Shad",2009,20,25,768,"2009",0.0325520833333333,"Gizzard Shad",45221,"High","Cool"
"9581","Gizzard Shad",2009,21,7,768,"2009",0.00911458333333333,"Gizzard Shad",45221,"High","Cool"
"9582","Gizzard Shad",2010,14,28,1320,"2010",0.0212121212121212,"Gizzard Shad",45221,"High","Cool"
"9583","Gizzard Shad",2010,16,47,1320,"2010",0.0356060606060606,"Gizzard Shad",45221,"High","Cool"
"9584","Gizzard Shad",2010,18,41,1320,"2010",0.0310606060606061,"Gizzard Shad",45221,"High","Cool"
"9585","Gizzard Shad",2010,19,9,1320,"2010",0.00681818181818182,"Gizzard Shad",45221,"High","Cool"
"9586","Gizzard Shad",2010,31,6,1320,"2010",0.00454545454545455,"Gizzard Shad",45221,"High","Cool"
"9587","Gizzard Shad",2010,11,1,1320,"2010",0.000757575757575758,"Gizzard Shad",45221,"High","Cool"
"9588","Gizzard Shad",2010,13,37,1320,"2010",0.028030303030303,"Gizzard Shad",45221,"High","Cool"
"9589","Gizzard Shad",2010,12,32,1320,"2010",0.0242424242424242,"Gizzard Shad",45221,"High","Cool"
"9590","Gizzard Shad",2010,24,142,1320,"2010",0.107575757575758,"Gizzard Shad",45221,"High","Cool"
"9591","Gizzard Shad",2010,20,33,1320,"2010",0.025,"Gizzard Shad",45221,"High","Cool"
"9592","Gizzard Shad",2010,15,118,1320,"2010",0.0893939393939394,"Gizzard Shad",45221,"High","Cool"
"9593","Gizzard Shad",2010,25,218,1320,"2010",0.165151515151515,"Gizzard Shad",45221,"High","Cool"
"9594","Gizzard Shad",2010,30,17,1320,"2010",0.0128787878787879,"Gizzard Shad",45221,"High","Cool"
"9595","Gizzard Shad",2010,22,121,1320,"2010",0.0916666666666667,"Gizzard Shad",45221,"High","Cool"
"9596","Gizzard Shad",2010,29,28,1320,"2010",0.0212121212121212,"Gizzard Shad",45221,"High","Cool"
"9597","Gizzard Shad",2010,35,0,1320,"2010",0,"Gizzard Shad",45221,"High","Cool"
"9598","Gizzard Shad",2010,34,0,1320,"2010",0,"Gizzard Shad",45221,"High","Cool"
"9599","Gizzard Shad",2010,21,117,1320,"2010",0.0886363636363636,"Gizzard Shad",45221,"High","Cool"
"9600","Gizzard Shad",2010,17,30,1320,"2010",0.0227272727272727,"Gizzard Shad",45221,"High","Cool"
"9601","Gizzard Shad",2010,26,74,1320,"2010",0.0560606060606061,"Gizzard Shad",45221,"High","Cool"
"9602","Gizzard Shad",2010,33,0,1320,"2010",0,"Gizzard Shad",45221,"High","Cool"
"9603","Gizzard Shad",2010,23,94,1320,"2010",0.0712121212121212,"Gizzard Shad",45221,"High","Cool"
"9604","Gizzard Shad",2010,32,3,1320,"2010",0.00227272727272727,"Gizzard Shad",45221,"High","Cool"
"9605","Gizzard Shad",2010,28,40,1320,"2010",0.0303030303030303,"Gizzard Shad",45221,"High","Cool"
"9606","Gizzard Shad",2010,27,84,1320,"2010",0.0636363636363636,"Gizzard Shad",45221,"High","Cool"
"9607","Gizzard Shad",2011,12,1,1465,"2011",0.00068259385665529,"Gizzard Shad",45221,"High","Cool"
"9608","Gizzard Shad",2011,13,16,1465,"2011",0.0109215017064846,"Gizzard Shad",45221,"High","Cool"
"9609","Gizzard Shad",2011,25,200,1465,"2011",0.136518771331058,"Gizzard Shad",45221,"High","Cool"
"9610","Gizzard Shad",2011,23,25,1465,"2011",0.0170648464163823,"Gizzard Shad",45221,"High","Cool"
"9611","Gizzard Shad",2011,30,20,1465,"2011",0.0136518771331058,"Gizzard Shad",45221,"High","Cool"
"9612","Gizzard Shad",2011,16,13,1465,"2011",0.00887372013651877,"Gizzard Shad",45221,"High","Cool"
"9613","Gizzard Shad",2011,32,1,1465,"2011",0.00068259385665529,"Gizzard Shad",45221,"High","Cool"
"9614","Gizzard Shad",2011,31,0,1465,"2011",0,"Gizzard Shad",45221,"High","Cool"
"9615","Gizzard Shad",2011,11,0,1465,"2011",0,"Gizzard Shad",45221,"High","Cool"
"9616","Gizzard Shad",2011,28,30,1465,"2011",0.0204778156996587,"Gizzard Shad",45221,"High","Cool"
"9617","Gizzard Shad",2011,21,45,1465,"2011",0.0307167235494881,"Gizzard Shad",45221,"High","Cool"
"9618","Gizzard Shad",2011,18,118,1465,"2011",0.0805460750853242,"Gizzard Shad",45221,"High","Cool"
"9619","Gizzard Shad",2011,33,0,1465,"2011",0,"Gizzard Shad",45221,"High","Cool"
"9620","Gizzard Shad",2011,24,108,1465,"2011",0.0737201365187713,"Gizzard Shad",45221,"High","Cool"
"9621","Gizzard Shad",2011,34,0,1465,"2011",0,"Gizzard Shad",45221,"High","Cool"
"9622","Gizzard Shad",2011,29,52,1465,"2011",0.0354948805460751,"Gizzard Shad",45221,"High","Cool"
"9623","Gizzard Shad",2011,19,179,1465,"2011",0.122184300341297,"Gizzard Shad",45221,"High","Cool"
"9624","Gizzard Shad",2011,15,211,1465,"2011",0.144027303754266,"Gizzard Shad",45221,"High","Cool"
"9625","Gizzard Shad",2011,20,99,1465,"2011",0.0675767918088737,"Gizzard Shad",45221,"High","Cool"
"9626","Gizzard Shad",2011,17,102,1465,"2011",0.0696245733788396,"Gizzard Shad",45221,"High","Cool"
"9627","Gizzard Shad",2011,14,38,1465,"2011",0.025938566552901,"Gizzard Shad",45221,"High","Cool"
"9628","Gizzard Shad",2011,35,0,1465,"2011",0,"Gizzard Shad",45221,"High","Cool"
"9629","Gizzard Shad",2011,27,55,1465,"2011",0.037542662116041,"Gizzard Shad",45221,"High","Cool"
"9630","Gizzard Shad",2011,22,22,1465,"2011",0.0150170648464164,"Gizzard Shad",45221,"High","Cool"
"9631","Gizzard Shad",2011,26,130,1465,"2011",0.0887372013651877,"Gizzard Shad",45221,"High","Cool"
"9632","Gizzard Shad",2012,23,53,1391,"2012",0.0381020848310568,"Gizzard Shad",45221,"High","Cool"
"9633","Gizzard Shad",2012,15,23,1391,"2012",0.0165348670021567,"Gizzard Shad",45221,"High","Cool"
"9634","Gizzard Shad",2012,12,45,1391,"2012",0.0323508267433501,"Gizzard Shad",45221,"High","Cool"
"9635","Gizzard Shad",2012,16,103,1391,"2012",0.0740474478792236,"Gizzard Shad",45221,"High","Cool"
"9636","Gizzard Shad",2012,24,97,1391,"2012",0.0697340043134436,"Gizzard Shad",45221,"High","Cool"
"9637","Gizzard Shad",2012,10,0,1391,"2012",0,"Gizzard Shad",45221,"High","Cool"
"9638","Gizzard Shad",2012,19,57,1391,"2012",0.0409777138749101,"Gizzard Shad",45221,"High","Cool"
"9639","Gizzard Shad",2012,22,163,1391,"2012",0.117181883537024,"Gizzard Shad",45221,"High","Cool"
"9640","Gizzard Shad",2012,34,0,1391,"2012",0,"Gizzard Shad",45221,"High","Cool"
"9641","Gizzard Shad",2012,20,16,1391,"2012",0.0115025161754134,"Gizzard Shad",45221,"High","Cool"
"9642","Gizzard Shad",2012,14,11,1391,"2012",0.00790797987059669,"Gizzard Shad",45221,"High","Cool"
"9643","Gizzard Shad",2012,11,13,1391,"2012",0.00934579439252336,"Gizzard Shad",45221,"High","Cool"
"9644","Gizzard Shad",2012,13,46,1391,"2012",0.0330697340043134,"Gizzard Shad",45221,"High","Cool"
"9645","Gizzard Shad",2012,28,0,1391,"2012",0,"Gizzard Shad",45221,"High","Cool"
"9646","Gizzard Shad",2012,32,0,1391,"2012",0,"Gizzard Shad",45221,"High","Cool"
"9647","Gizzard Shad",2012,17,35,1391,"2012",0.0251617541337168,"Gizzard Shad",45221,"High","Cool"
"9648","Gizzard Shad",2012,25,252,1391,"2012",0.181164629762761,"Gizzard Shad",45221,"High","Cool"
"9649","Gizzard Shad",2012,35,0,1391,"2012",0,"Gizzard Shad",45221,"High","Cool"
"9650","Gizzard Shad",2012,26,87,1391,"2012",0.0625449317038102,"Gizzard Shad",45221,"High","Cool"
"9651","Gizzard Shad",2012,27,38,1391,"2012",0.0273184759166068,"Gizzard Shad",45221,"High","Cool"
"9652","Gizzard Shad",2012,29,8,1391,"2012",0.00575125808770669,"Gizzard Shad",45221,"High","Cool"
"9653","Gizzard Shad",2012,18,41,1391,"2012",0.0294751976994968,"Gizzard Shad",45221,"High","Cool"
"9654","Gizzard Shad",2012,30,5,1391,"2012",0.00359453630481668,"Gizzard Shad",45221,"High","Cool"
"9655","Gizzard Shad",2012,31,153,1391,"2012",0.10999281092739,"Gizzard Shad",45221,"High","Cool"
"9656","Gizzard Shad",2012,33,3,1391,"2012",0.00215672178289001,"Gizzard Shad",45221,"High","Cool"
"9657","Gizzard Shad",2012,21,142,1391,"2012",0.102084831056794,"Gizzard Shad",45221,"High","Cool"
"9658","Gizzard Shad",2013,12,0,3028,"2013",0,"Gizzard Shad",45221,"High","Cool"
"9659","Gizzard Shad",2013,20,8,3028,"2013",0.00264200792602378,"Gizzard Shad",45221,"High","Cool"
"9660","Gizzard Shad",2013,16,151,3028,"2013",0.0498678996036988,"Gizzard Shad",45221,"High","Cool"
"9661","Gizzard Shad",2013,19,264,3028,"2013",0.0871862615587847,"Gizzard Shad",45221,"High","Cool"
"9662","Gizzard Shad",2013,29,36,3028,"2013",0.011889035667107,"Gizzard Shad",45221,"High","Cool"
"9663","Gizzard Shad",2013,13,2,3028,"2013",0.000660501981505945,"Gizzard Shad",45221,"High","Cool"
"9664","Gizzard Shad",2013,18,124,3028,"2013",0.0409511228533686,"Gizzard Shad",45221,"High","Cool"
"9665","Gizzard Shad",2013,28,52,3028,"2013",0.0171730515191546,"Gizzard Shad",45221,"High","Cool"
"9666","Gizzard Shad",2013,33,0,3028,"2013",0,"Gizzard Shad",45221,"High","Cool"
"9667","Gizzard Shad",2013,34,1,3028,"2013",0.000330250990752972,"Gizzard Shad",45221,"High","Cool"
"9668","Gizzard Shad",2013,30,1003,3028,"2013",0.331241743725231,"Gizzard Shad",45221,"High","Cool"
"9669","Gizzard Shad",2013,14,9,3028,"2013",0.00297225891677675,"Gizzard Shad",45221,"High","Cool"
"9670","Gizzard Shad",2013,11,0,3028,"2013",0,"Gizzard Shad",45221,"High","Cool"
"9671","Gizzard Shad",2013,26,256,3028,"2013",0.0845442536327609,"Gizzard Shad",45221,"High","Cool"
"9672","Gizzard Shad",2013,21,66,3028,"2013",0.0217965653896962,"Gizzard Shad",45221,"High","Cool"
"9673","Gizzard Shad",2013,23,161,3028,"2013",0.0531704095112285,"Gizzard Shad",45221,"High","Cool"
"9674","Gizzard Shad",2013,25,189,3028,"2013",0.0624174372523118,"Gizzard Shad",45221,"High","Cool"
"9675","Gizzard Shad",2013,24,100,3028,"2013",0.0330250990752972,"Gizzard Shad",45221,"High","Cool"
"9676","Gizzard Shad",2013,17,31,3028,"2013",0.0102377807133421,"Gizzard Shad",45221,"High","Cool"
"9677","Gizzard Shad",2013,35,0,3028,"2013",0,"Gizzard Shad",45221,"High","Cool"
"9678","Gizzard Shad",2013,27,15,3028,"2013",0.00495376486129458,"Gizzard Shad",45221,"High","Cool"
"9679","Gizzard Shad",2013,15,144,3028,"2013",0.047556142668428,"Gizzard Shad",45221,"High","Cool"
"9680","Gizzard Shad",2013,32,1,3028,"2013",0.000330250990752972,"Gizzard Shad",45221,"High","Cool"
"9681","Gizzard Shad",2013,22,415,3028,"2013",0.137054161162483,"Gizzard Shad",45221,"High","Cool"
"9682","Gizzard Shad",2013,31,0,3028,"2013",0,"Gizzard Shad",45221,"High","Cool"
"9729","Gizzard Shad",2016,30,18,1790,"2016",0.0100558659217877,"Gizzard Shad",45221,"High","Cool"
"9730","Gizzard Shad",2016,33,0,1790,"2016",0,"Gizzard Shad",45221,"High","Cool"
"9731","Gizzard Shad",2016,11,9,1790,"2016",0.00502793296089385,"Gizzard Shad",45221,"High","Cool"
"9732","Gizzard Shad",2016,32,0,1790,"2016",0,"Gizzard Shad",45221,"High","Cool"
"9733","Gizzard Shad",2016,10,0,1790,"2016",0,"Gizzard Shad",45221,"High","Cool"
"9734","Gizzard Shad",2016,12,3,1790,"2016",0.00167597765363128,"Gizzard Shad",45221,"High","Cool"
"9735","Gizzard Shad",2016,14,5,1790,"2016",0.00279329608938547,"Gizzard Shad",45221,"High","Cool"
"9736","Gizzard Shad",2016,23,226,1790,"2016",0.126256983240223,"Gizzard Shad",45221,"High","Cool"
"9737","Gizzard Shad",2016,31,14,1790,"2016",0.00782122905027933,"Gizzard Shad",45221,"High","Cool"
"9738","Gizzard Shad",2016,28,98,1790,"2016",0.0547486033519553,"Gizzard Shad",45221,"High","Cool"
"9739","Gizzard Shad",2016,24,164,1790,"2016",0.0916201117318436,"Gizzard Shad",45221,"High","Cool"
"9740","Gizzard Shad",2016,34,0,1790,"2016",0,"Gizzard Shad",45221,"High","Cool"
"9741","Gizzard Shad",2016,16,43,1790,"2016",0.0240223463687151,"Gizzard Shad",45221,"High","Cool"
"9742","Gizzard Shad",2016,17,61,1790,"2016",0.0340782122905028,"Gizzard Shad",45221,"High","Cool"
"9743","Gizzard Shad",2016,13,16,1790,"2016",0.00893854748603352,"Gizzard Shad",45221,"High","Cool"
"9744","Gizzard Shad",2016,29,40,1790,"2016",0.0223463687150838,"Gizzard Shad",45221,"High","Cool"
"9745","Gizzard Shad",2016,26,256,1790,"2016",0.143016759776536,"Gizzard Shad",45221,"High","Cool"
"9746","Gizzard Shad",2016,27,163,1790,"2016",0.0910614525139665,"Gizzard Shad",45221,"High","Cool"
"9747","Gizzard Shad",2016,18,7,1790,"2016",0.00391061452513967,"Gizzard Shad",45221,"High","Cool"
"9748","Gizzard Shad",2016,19,33,1790,"2016",0.0184357541899441,"Gizzard Shad",45221,"High","Cool"
"9749","Gizzard Shad",2016,25,250,1790,"2016",0.139664804469274,"Gizzard Shad",45221,"High","Cool"
"9750","Gizzard Shad",2016,21,37,1790,"2016",0.0206703910614525,"Gizzard Shad",45221,"High","Cool"
"9751","Gizzard Shad",2016,35,0,1790,"2016",0,"Gizzard Shad",45221,"High","Cool"
"9752","Gizzard Shad",2016,22,312,1790,"2016",0.174301675977654,"Gizzard Shad",45221,"High","Cool"
"9753","Gizzard Shad",2016,15,18,1790,"2016",0.0100558659217877,"Gizzard Shad",45221,"High","Cool"
"9754","Gizzard Shad",2016,20,17,1790,"2016",0.00949720670391061,"Gizzard Shad",45221,"High","Cool"
"9755","Gizzard Shad",2017,21,35,2103,"2017",0.016642891107941,"Gizzard Shad",45221,"High","Cool"
"9756","Gizzard Shad",2017,16,47,2103,"2017",0.0223490252020923,"Gizzard Shad",45221,"High","Cool"
"9757","Gizzard Shad",2017,28,40,2103,"2017",0.019020446980504,"Gizzard Shad",45221,"High","Cool"
"9758","Gizzard Shad",2017,33,1,2103,"2017",0.000475511174512601,"Gizzard Shad",45221,"High","Cool"
"9759","Gizzard Shad",2017,20,223,2103,"2017",0.10603899191631,"Gizzard Shad",45221,"High","Cool"
"9760","Gizzard Shad",2017,22,95,2103,"2017",0.0451735615786971,"Gizzard Shad",45221,"High","Cool"
"9761","Gizzard Shad",2017,27,76,2103,"2017",0.0361388492629577,"Gizzard Shad",45221,"High","Cool"
"9762","Gizzard Shad",2017,32,0,2103,"2017",0,"Gizzard Shad",45221,"High","Cool"
"9763","Gizzard Shad",2017,35,1,2103,"2017",0.000475511174512601,"Gizzard Shad",45221,"High","Cool"
"9764","Gizzard Shad",2017,34,0,2103,"2017",0,"Gizzard Shad",45221,"High","Cool"
"9765","Gizzard Shad",2017,23,279,2103,"2017",0.132667617689016,"Gizzard Shad",45221,"High","Cool"
"9766","Gizzard Shad",2017,12,0,2103,"2017",0,"Gizzard Shad",45221,"High","Cool"
"9767","Gizzard Shad",2017,13,1,2103,"2017",0.000475511174512601,"Gizzard Shad",45221,"High","Cool"
"9768","Gizzard Shad",2017,25,142,2103,"2017",0.0675225867807893,"Gizzard Shad",45221,"High","Cool"
"9769","Gizzard Shad",2017,14,30,2103,"2017",0.014265335235378,"Gizzard Shad",45221,"High","Cool"
"9770","Gizzard Shad",2017,26,186,2103,"2017",0.0884450784593438,"Gizzard Shad",45221,"High","Cool"
"9771","Gizzard Shad",2017,29,13,2103,"2017",0.00618164526866381,"Gizzard Shad",45221,"High","Cool"
"9772","Gizzard Shad",2017,24,300,2103,"2017",0.14265335235378,"Gizzard Shad",45221,"High","Cool"
"9773","Gizzard Shad",2017,17,66,2103,"2017",0.0313837375178317,"Gizzard Shad",45221,"High","Cool"
"9774","Gizzard Shad",2017,10,2,2103,"2017",0.000951022349025202,"Gizzard Shad",45221,"High","Cool"
"9775","Gizzard Shad",2017,19,276,2103,"2017",0.131241084165478,"Gizzard Shad",45221,"High","Cool"
"9776","Gizzard Shad",2017,30,4,2103,"2017",0.0019020446980504,"Gizzard Shad",45221,"High","Cool"
"9777","Gizzard Shad",2017,31,1,2103,"2017",0.000475511174512601,"Gizzard Shad",45221,"High","Cool"
"9778","Gizzard Shad",2017,18,264,2103,"2017",0.125534950071327,"Gizzard Shad",45221,"High","Cool"
"9779","Gizzard Shad",2017,15,21,2103,"2017",0.00998573466476462,"Gizzard Shad",45221,"High","Cool"
"9780","Gizzard Shad",2018,26,1315,4798,"2018",0.274072530220925,"Gizzard Shad",45221,"High","Cool"
"9781","Gizzard Shad",2018,13,6,4798,"2018",0.00125052105043768,"Gizzard Shad",45221,"High","Cool"
"9782","Gizzard Shad",2018,12,1,4798,"2018",0.000208420175072947,"Gizzard Shad",45221,"High","Cool"
"9783","Gizzard Shad",2018,25,1191,4798,"2018",0.24822842851188,"Gizzard Shad",45221,"High","Cool"
"9784","Gizzard Shad",2018,9,0,4798,"2018",0,"Gizzard Shad",45221,"High","Cool"
"9785","Gizzard Shad",2018,10,0,4798,"2018",0,"Gizzard Shad",45221,"High","Cool"
"9786","Gizzard Shad",2018,22,913,4798,"2018",0.190287619841601,"Gizzard Shad",45221,"High","Cool"
"9787","Gizzard Shad",2018,24,419,4798,"2018",0.0873280533555648,"Gizzard Shad",45221,"High","Cool"
"9788","Gizzard Shad",2018,14,2,4798,"2018",0.000416840350145894,"Gizzard Shad",45221,"High","Cool"
"9789","Gizzard Shad",2018,23,119,4798,"2018",0.0248020008336807,"Gizzard Shad",45221,"High","Cool"
"9790","Gizzard Shad",2018,30,4,4798,"2018",0.000833680700291788,"Gizzard Shad",45221,"High","Cool"
"9791","Gizzard Shad",2018,19,22,4798,"2018",0.00458524385160484,"Gizzard Shad",45221,"High","Cool"
"9792","Gizzard Shad",2018,28,168,4798,"2018",0.0350145894122551,"Gizzard Shad",45221,"High","Cool"
"9793","Gizzard Shad",2018,33,0,4798,"2018",0,"Gizzard Shad",45221,"High","Cool"
"9794","Gizzard Shad",2018,29,80,4798,"2018",0.0166736140058358,"Gizzard Shad",45221,"High","Cool"
"9795","Gizzard Shad",2018,18,19,4798,"2018",0.00395998332638599,"Gizzard Shad",45221,"High","Cool"
"9796","Gizzard Shad",2018,35,1,4798,"2018",0.000208420175072947,"Gizzard Shad",45221,"High","Cool"
"9797","Gizzard Shad",2018,21,82,4798,"2018",0.0170904543559817,"Gizzard Shad",45221,"High","Cool"
"9798","Gizzard Shad",2018,16,3,4798,"2018",0.000625260525218841,"Gizzard Shad",45221,"High","Cool"
"9799","Gizzard Shad",2018,15,0,4798,"2018",0,"Gizzard Shad",45221,"High","Cool"
"9800","Gizzard Shad",2018,17,44,4798,"2018",0.00917048770320967,"Gizzard Shad",45221,"High","Cool"
"9801","Gizzard Shad",2018,27,274,4798,"2018",0.0571071279699875,"Gizzard Shad",45221,"High","Cool"
"9802","Gizzard Shad",2018,31,0,4798,"2018",0,"Gizzard Shad",45221,"High","Cool"
"9803","Gizzard Shad",2018,34,0,4798,"2018",0,"Gizzard Shad",45221,"High","Cool"
"9804","Gizzard Shad",2018,20,135,4798,"2018",0.0281367236348479,"Gizzard Shad",45221,"High","Cool"
"9805","Gizzard Shad",2018,32,0,4798,"2018",0,"Gizzard Shad",45221,"High","Cool"
"9806","Gizzard Shad",2019,11,0,1571,"2019",0,"Gizzard Shad",45221,"High","Cool"
"9807","Gizzard Shad",2019,13,0,1571,"2019",0,"Gizzard Shad",45221,"High","Cool"
"9808","Gizzard Shad",2019,30,7,1571,"2019",0.00445576066199873,"Gizzard Shad",45221,"High","Cool"
"9809","Gizzard Shad",2019,24,6,1571,"2019",0.00381922342457034,"Gizzard Shad",45221,"High","Cool"
"9810","Gizzard Shad",2019,16,27,1571,"2019",0.0171865054105665,"Gizzard Shad",45221,"High","Cool"
"9811","Gizzard Shad",2019,17,55,1571,"2019",0.0350095480585614,"Gizzard Shad",45221,"High","Cool"
"9812","Gizzard Shad",2019,14,2,1571,"2019",0.00127307447485678,"Gizzard Shad",45221,"High","Cool"
"9813","Gizzard Shad",2019,34,0,1571,"2019",0,"Gizzard Shad",45221,"High","Cool"
"9814","Gizzard Shad",2019,15,86,1571,"2019",0.0547422024188415,"Gizzard Shad",45221,"High","Cool"
"9815","Gizzard Shad",2019,25,168,1571,"2019",0.106938255887969,"Gizzard Shad",45221,"High","Cool"
"9816","Gizzard Shad",2019,32,0,1571,"2019",0,"Gizzard Shad",45221,"High","Cool"
"9817","Gizzard Shad",2019,18,19,1571,"2019",0.0120942075111394,"Gizzard Shad",45221,"High","Cool"
"9818","Gizzard Shad",2019,12,0,1571,"2019",0,"Gizzard Shad",45221,"High","Cool"
"9819","Gizzard Shad",2019,20,279,1571,"2019",0.177593889242521,"Gizzard Shad",45221,"High","Cool"
"9820","Gizzard Shad",2019,21,86,1571,"2019",0.0547422024188415,"Gizzard Shad",45221,"High","Cool"
"9821","Gizzard Shad",2019,26,122,1571,"2019",0.0776575429662635,"Gizzard Shad",45221,"High","Cool"
"9822","Gizzard Shad",2019,33,1,1571,"2019",0.00063653723742839,"Gizzard Shad",45221,"High","Cool"
"9823","Gizzard Shad",2019,19,415,1571,"2019",0.264162953532782,"Gizzard Shad",45221,"High","Cool"
"9824","Gizzard Shad",2019,28,128,1571,"2019",0.0814767663908339,"Gizzard Shad",45221,"High","Cool"
"9825","Gizzard Shad",2019,29,14,1571,"2019",0.00891152132399745,"Gizzard Shad",45221,"High","Cool"
"9826","Gizzard Shad",2019,22,73,1571,"2019",0.0464672183322724,"Gizzard Shad",45221,"High","Cool"
"9827","Gizzard Shad",2019,23,15,1571,"2019",0.00954805856142584,"Gizzard Shad",45221,"High","Cool"
"9828","Gizzard Shad",2019,35,1,1571,"2019",0.00063653723742839,"Gizzard Shad",45221,"High","Cool"
"9829","Gizzard Shad",2019,31,6,1571,"2019",0.00381922342457034,"Gizzard Shad",45221,"High","Cool"
"9830","Gizzard Shad",2019,27,61,1571,"2019",0.0388287714831318,"Gizzard Shad",45221,"High","Cool"
"9831","Gizzard Shad",2020,22,234,2784,"2020",0.084051724137931,"Gizzard Shad",45221,"High","Cool"
"9832","Gizzard Shad",2020,35,0,2784,"2020",0,"Gizzard Shad",45221,"High","Cool"
"9833","Gizzard Shad",2020,15,65,2784,"2020",0.0233477011494253,"Gizzard Shad",45221,"High","Cool"
"9834","Gizzard Shad",2020,13,11,2784,"2020",0.00395114942528736,"Gizzard Shad",45221,"High","Cool"
"9835","Gizzard Shad",2020,30,3,2784,"2020",0.00107758620689655,"Gizzard Shad",45221,"High","Cool"
"9836","Gizzard Shad",2020,26,115,2784,"2020",0.0413074712643678,"Gizzard Shad",45221,"High","Cool"
"9837","Gizzard Shad",2020,18,144,2784,"2020",0.0517241379310345,"Gizzard Shad",45221,"High","Cool"
"9838","Gizzard Shad",2020,27,153,2784,"2020",0.0549568965517241,"Gizzard Shad",45221,"High","Cool"
"9839","Gizzard Shad",2020,21,145,2784,"2020",0.0520833333333333,"Gizzard Shad",45221,"High","Cool"
"9840","Gizzard Shad",2020,34,0,2784,"2020",0,"Gizzard Shad",45221,"High","Cool"
"9841","Gizzard Shad",2020,29,12,2784,"2020",0.00431034482758621,"Gizzard Shad",45221,"High","Cool"
"9842","Gizzard Shad",2020,25,656,2784,"2020",0.235632183908046,"Gizzard Shad",45221,"High","Cool"
"9843","Gizzard Shad",2020,11,14,2784,"2020",0.00502873563218391,"Gizzard Shad",45221,"High","Cool"
"9844","Gizzard Shad",2020,12,27,2784,"2020",0.00969827586206897,"Gizzard Shad",45221,"High","Cool"
"9845","Gizzard Shad",2020,19,56,2784,"2020",0.0201149425287356,"Gizzard Shad",45221,"High","Cool"
"9846","Gizzard Shad",2020,33,0,2784,"2020",0,"Gizzard Shad",45221,"High","Cool"
"9847","Gizzard Shad",2020,23,451,2784,"2020",0.161997126436782,"Gizzard Shad",45221,"High","Cool"
"9848","Gizzard Shad",2020,20,33,2784,"2020",0.0118534482758621,"Gizzard Shad",45221,"High","Cool"
"9849","Gizzard Shad",2020,32,1,2784,"2020",0.000359195402298851,"Gizzard Shad",45221,"High","Cool"
"9850","Gizzard Shad",2020,17,43,2784,"2020",0.0154454022988506,"Gizzard Shad",45221,"High","Cool"
"9851","Gizzard Shad",2020,31,1,2784,"2020",0.000359195402298851,"Gizzard Shad",45221,"High","Cool"
"9852","Gizzard Shad",2020,28,77,2784,"2020",0.0276580459770115,"Gizzard Shad",45221,"High","Cool"
"9853","Gizzard Shad",2020,16,43,2784,"2020",0.0154454022988506,"Gizzard Shad",45221,"High","Cool"
"9854","Gizzard Shad",2020,24,459,2784,"2020",0.164870689655172,"Gizzard Shad",45221,"High","Cool"
"9855","Gizzard Shad",2020,14,41,2784,"2020",0.0147270114942529,"Gizzard Shad",45221,"High","Cool"
"9856","Gizzard Shad",2021,18,266,3198,"2021",0.08317698561601,"Gizzard Shad",45221,"High","Cool"
"9857","Gizzard Shad",2021,24,299,3198,"2021",0.0934959349593496,"Gizzard Shad",45221,"High","Cool"
"9858","Gizzard Shad",2021,27,356,3198,"2021",0.111319574734209,"Gizzard Shad",45221,"High","Cool"
"9859","Gizzard Shad",2021,30,64,3198,"2021",0.0200125078173859,"Gizzard Shad",45221,"High","Cool"
"9860","Gizzard Shad",2021,35,2,3198,"2021",0.000625390869293308,"Gizzard Shad",45221,"High","Cool"
"9861","Gizzard Shad",2021,12,13,3198,"2021",0.0040650406504065,"Gizzard Shad",45221,"High","Cool"
"9862","Gizzard Shad",2021,11,1,3198,"2021",0.000312695434646654,"Gizzard Shad",45221,"High","Cool"
"9863","Gizzard Shad",2021,19,98,3198,"2021",0.0306441525953721,"Gizzard Shad",45221,"High","Cool"
"9864","Gizzard Shad",2021,25,100,3198,"2021",0.0312695434646654,"Gizzard Shad",45221,"High","Cool"
"9865","Gizzard Shad",2021,16,88,3198,"2021",0.0275171982489056,"Gizzard Shad",45221,"High","Cool"
"9866","Gizzard Shad",2021,28,264,3198,"2021",0.0825515947467167,"Gizzard Shad",45221,"High","Cool"
"9867","Gizzard Shad",2021,32,6,3198,"2021",0.00187617260787992,"Gizzard Shad",45221,"High","Cool"
"9868","Gizzard Shad",2021,15,99,3198,"2021",0.0309568480300188,"Gizzard Shad",45221,"High","Cool"
"9869","Gizzard Shad",2021,29,161,3198,"2021",0.0503439649781113,"Gizzard Shad",45221,"High","Cool"
"9870","Gizzard Shad",2021,17,125,3198,"2021",0.0390869293308318,"Gizzard Shad",45221,"High","Cool"
"9871","Gizzard Shad",2021,31,7,3198,"2021",0.00218886804252658,"Gizzard Shad",45221,"High","Cool"
"9872","Gizzard Shad",2021,34,1,3198,"2021",0.000312695434646654,"Gizzard Shad",45221,"High","Cool"
"9873","Gizzard Shad",2021,23,310,3198,"2021",0.0969355847404628,"Gizzard Shad",45221,"High","Cool"
"9874","Gizzard Shad",2021,20,95,3198,"2021",0.0297060662914321,"Gizzard Shad",45221,"High","Cool"
"9875","Gizzard Shad",2021,13,9,3198,"2021",0.00281425891181989,"Gizzard Shad",45221,"High","Cool"
"9876","Gizzard Shad",2021,14,24,3198,"2021",0.0075046904315197,"Gizzard Shad",45221,"High","Cool"
"9877","Gizzard Shad",2021,22,93,3198,"2021",0.0290806754221388,"Gizzard Shad",45221,"High","Cool"
"9878","Gizzard Shad",2021,26,664,3198,"2021",0.207629768605378,"Gizzard Shad",45221,"High","Cool"
"9879","Gizzard Shad",2021,33,2,3198,"2021",0.000625390869293308,"Gizzard Shad",45221,"High","Cool"
"9880","Gizzard Shad",2021,21,51,3198,"2021",0.0159474671669794,"Gizzard Shad",45221,"High","Cool"
"14881","Northern Pike",1998,10,0,26,"1998",0,"Northern Pike",1066,"High","Cool"
"14882","Northern Pike",1998,34,3,26,"1998",0.115384615384615,"Northern Pike",1066,"High","Cool"
"14883","Northern Pike",1998,29,0,26,"1998",0,"Northern Pike",1066,"High","Cool"
"14884","Northern Pike",1998,27,0,26,"1998",0,"Northern Pike",1066,"High","Cool"
"14885","Northern Pike",1998,20,0,26,"1998",0,"Northern Pike",1066,"High","Cool"
"14886","Northern Pike",1998,33,0,26,"1998",0,"Northern Pike",1066,"High","Cool"
"14887","Northern Pike",1998,23,0,26,"1998",0,"Northern Pike",1066,"High","Cool"
"14888","Northern Pike",1998,12,3,26,"1998",0.115384615384615,"Northern Pike",1066,"High","Cool"
"14889","Northern Pike",1998,32,0,26,"1998",0,"Northern Pike",1066,"High","Cool"
"14890","Northern Pike",1998,25,0,26,"1998",0,"Northern Pike",1066,"High","Cool"
"14891","Northern Pike",1998,28,0,26,"1998",0,"Northern Pike",1066,"High","Cool"
"14892","Northern Pike",1998,19,4,26,"1998",0.153846153846154,"Northern Pike",1066,"High","Cool"
"14893","Northern Pike",1998,22,1,26,"1998",0.0384615384615385,"Northern Pike",1066,"High","Cool"
"14894","Northern Pike",1998,18,0,26,"1998",0,"Northern Pike",1066,"High","Cool"
"14895","Northern Pike",1998,14,3,26,"1998",0.115384615384615,"Northern Pike",1066,"High","Cool"
"14896","Northern Pike",1998,30,0,26,"1998",0,"Northern Pike",1066,"High","Cool"
"14897","Northern Pike",1998,31,0,26,"1998",0,"Northern Pike",1066,"High","Cool"
"14898","Northern Pike",1998,17,1,26,"1998",0.0384615384615385,"Northern Pike",1066,"High","Cool"
"14899","Northern Pike",1998,16,0,26,"1998",0,"Northern Pike",1066,"High","Cool"
"14900","Northern Pike",1998,35,0,26,"1998",0,"Northern Pike",1066,"High","Cool"
"14901","Northern Pike",1998,15,0,26,"1998",0,"Northern Pike",1066,"High","Cool"
"14902","Northern Pike",1998,26,0,26,"1998",0,"Northern Pike",1066,"High","Cool"
"14903","Northern Pike",1998,13,8,26,"1998",0.307692307692308,"Northern Pike",1066,"High","Cool"
"14904","Northern Pike",1998,24,2,26,"1998",0.0769230769230769,"Northern Pike",1066,"High","Cool"
"14905","Northern Pike",1998,21,1,26,"1998",0.0384615384615385,"Northern Pike",1066,"High","Cool"
"14906","Northern Pike",2000,14,8,174,"2000",0.0459770114942529,"Northern Pike",1066,"High","Cool"
"14907","Northern Pike",2000,19,10,174,"2000",0.0574712643678161,"Northern Pike",1066,"High","Cool"
"14908","Northern Pike",2000,30,0,174,"2000",0,"Northern Pike",1066,"High","Cool"
"14909","Northern Pike",2000,11,24,174,"2000",0.137931034482759,"Northern Pike",1066,"High","Cool"
"14910","Northern Pike",2000,29,0,174,"2000",0,"Northern Pike",1066,"High","Cool"
"14911","Northern Pike",2000,33,0,174,"2000",0,"Northern Pike",1066,"High","Cool"
"14912","Northern Pike",2000,12,22,174,"2000",0.126436781609195,"Northern Pike",1066,"High","Cool"
"14913","Northern Pike",2000,15,4,174,"2000",0.0229885057471264,"Northern Pike",1066,"High","Cool"
"14914","Northern Pike",2000,13,5,174,"2000",0.028735632183908,"Northern Pike",1066,"High","Cool"
"14915","Northern Pike",2000,18,4,174,"2000",0.0229885057471264,"Northern Pike",1066,"High","Cool"
"14916","Northern Pike",2000,27,0,174,"2000",0,"Northern Pike",1066,"High","Cool"
"14917","Northern Pike",2000,32,0,174,"2000",0,"Northern Pike",1066,"High","Cool"
"14918","Northern Pike",2000,28,0,174,"2000",0,"Northern Pike",1066,"High","Cool"
"14919","Northern Pike",2000,10,53,174,"2000",0.304597701149425,"Northern Pike",1066,"High","Cool"
"14920","Northern Pike",2000,16,20,174,"2000",0.114942528735632,"Northern Pike",1066,"High","Cool"
"14921","Northern Pike",2000,35,0,174,"2000",0,"Northern Pike",1066,"High","Cool"
"14922","Northern Pike",2000,9,11,174,"2000",0.0632183908045977,"Northern Pike",1066,"High","Cool"
"14923","Northern Pike",2000,24,2,174,"2000",0.0114942528735632,"Northern Pike",1066,"High","Cool"
"14924","Northern Pike",2000,25,0,174,"2000",0,"Northern Pike",1066,"High","Cool"
"14925","Northern Pike",2000,17,3,174,"2000",0.0172413793103448,"Northern Pike",1066,"High","Cool"
"14926","Northern Pike",2000,34,0,174,"2000",0,"Northern Pike",1066,"High","Cool"
"14927","Northern Pike",2000,23,3,174,"2000",0.0172413793103448,"Northern Pike",1066,"High","Cool"
"14928","Northern Pike",2000,31,1,174,"2000",0.00574712643678161,"Northern Pike",1066,"High","Cool"
"14929","Northern Pike",2000,22,3,174,"2000",0.0172413793103448,"Northern Pike",1066,"High","Cool"
"14930","Northern Pike",2000,26,0,174,"2000",0,"Northern Pike",1066,"High","Cool"
"14931","Northern Pike",2000,21,0,174,"2000",0,"Northern Pike",1066,"High","Cool"
"14932","Northern Pike",2000,20,1,174,"2000",0.00574712643678161,"Northern Pike",1066,"High","Cool"
"14933","Northern Pike",2001,21,0,81,"2001",0,"Northern Pike",1066,"High","Cool"
"14934","Northern Pike",2001,24,0,81,"2001",0,"Northern Pike",1066,"High","Cool"
"14935","Northern Pike",2001,22,1,81,"2001",0.0123456790123457,"Northern Pike",1066,"High","Cool"
"14936","Northern Pike",2001,29,0,81,"2001",0,"Northern Pike",1066,"High","Cool"
"14937","Northern Pike",2001,20,2,81,"2001",0.0246913580246914,"Northern Pike",1066,"High","Cool"
"14938","Northern Pike",2001,28,0,81,"2001",0,"Northern Pike",1066,"High","Cool"
"14939","Northern Pike",2001,31,0,81,"2001",0,"Northern Pike",1066,"High","Cool"
"14940","Northern Pike",2001,23,0,81,"2001",0,"Northern Pike",1066,"High","Cool"
"14941","Northern Pike",2001,11,10,81,"2001",0.123456790123457,"Northern Pike",1066,"High","Cool"
"14942","Northern Pike",2001,17,7,81,"2001",0.0864197530864197,"Northern Pike",1066,"High","Cool"
"14943","Northern Pike",2001,27,0,81,"2001",0,"Northern Pike",1066,"High","Cool"
"14944","Northern Pike",2001,34,0,81,"2001",0,"Northern Pike",1066,"High","Cool"
"14945","Northern Pike",2001,19,2,81,"2001",0.0246913580246914,"Northern Pike",1066,"High","Cool"
"14946","Northern Pike",2001,25,0,81,"2001",0,"Northern Pike",1066,"High","Cool"
"14947","Northern Pike",2001,26,0,81,"2001",0,"Northern Pike",1066,"High","Cool"
"14948","Northern Pike",2001,18,19,81,"2001",0.234567901234568,"Northern Pike",1066,"High","Cool"
"14949","Northern Pike",2001,30,0,81,"2001",0,"Northern Pike",1066,"High","Cool"
"14950","Northern Pike",2001,12,21,81,"2001",0.259259259259259,"Northern Pike",1066,"High","Cool"
"14951","Northern Pike",2001,32,0,81,"2001",0,"Northern Pike",1066,"High","Cool"
"14952","Northern Pike",2001,16,1,81,"2001",0.0123456790123457,"Northern Pike",1066,"High","Cool"
"14953","Northern Pike",2001,33,0,81,"2001",0,"Northern Pike",1066,"High","Cool"
"14954","Northern Pike",2001,14,6,81,"2001",0.0740740740740741,"Northern Pike",1066,"High","Cool"
"14955","Northern Pike",2001,15,7,81,"2001",0.0864197530864197,"Northern Pike",1066,"High","Cool"
"14956","Northern Pike",2001,13,5,81,"2001",0.0617283950617284,"Northern Pike",1066,"High","Cool"
"14957","Northern Pike",2001,35,0,81,"2001",0,"Northern Pike",1066,"High","Cool"
"14958","Northern Pike",2002,26,0,42,"2002",0,"Northern Pike",1066,"High","Cool"
"14959","Northern Pike",2002,35,0,42,"2002",0,"Northern Pike",1066,"High","Cool"
"14960","Northern Pike",2002,32,0,42,"2002",0,"Northern Pike",1066,"High","Cool"
"14961","Northern Pike",2002,33,0,42,"2002",0,"Northern Pike",1066,"High","Cool"
"14962","Northern Pike",2002,10,1,42,"2002",0.0238095238095238,"Northern Pike",1066,"High","Cool"
"14963","Northern Pike",2002,34,0,42,"2002",0,"Northern Pike",1066,"High","Cool"
"14964","Northern Pike",2002,27,0,42,"2002",0,"Northern Pike",1066,"High","Cool"
"14965","Northern Pike",2002,19,1,42,"2002",0.0238095238095238,"Northern Pike",1066,"High","Cool"
"14966","Northern Pike",2002,16,1,42,"2002",0.0238095238095238,"Northern Pike",1066,"High","Cool"
"14967","Northern Pike",2002,25,0,42,"2002",0,"Northern Pike",1066,"High","Cool"
"14968","Northern Pike",2002,29,0,42,"2002",0,"Northern Pike",1066,"High","Cool"
"14969","Northern Pike",2002,24,0,42,"2002",0,"Northern Pike",1066,"High","Cool"
"14970","Northern Pike",2002,31,0,42,"2002",0,"Northern Pike",1066,"High","Cool"
"14971","Northern Pike",2002,11,9,42,"2002",0.214285714285714,"Northern Pike",1066,"High","Cool"
"14972","Northern Pike",2002,30,1,42,"2002",0.0238095238095238,"Northern Pike",1066,"High","Cool"
"14973","Northern Pike",2002,23,1,42,"2002",0.0238095238095238,"Northern Pike",1066,"High","Cool"
"14974","Northern Pike",2002,18,0,42,"2002",0,"Northern Pike",1066,"High","Cool"
"14975","Northern Pike",2002,15,9,42,"2002",0.214285714285714,"Northern Pike",1066,"High","Cool"
"14976","Northern Pike",2002,22,2,42,"2002",0.0476190476190476,"Northern Pike",1066,"High","Cool"
"14977","Northern Pike",2002,21,2,42,"2002",0.0476190476190476,"Northern Pike",1066,"High","Cool"
"14978","Northern Pike",2002,13,1,42,"2002",0.0238095238095238,"Northern Pike",1066,"High","Cool"
"14979","Northern Pike",2002,20,0,42,"2002",0,"Northern Pike",1066,"High","Cool"
"14980","Northern Pike",2002,17,0,42,"2002",0,"Northern Pike",1066,"High","Cool"
"14981","Northern Pike",2002,14,6,42,"2002",0.142857142857143,"Northern Pike",1066,"High","Cool"
"14982","Northern Pike",2002,28,0,42,"2002",0,"Northern Pike",1066,"High","Cool"
"14983","Northern Pike",2002,12,8,42,"2002",0.19047619047619,"Northern Pike",1066,"High","Cool"
"15056","Northern Pike",2006,31,0,10,"2006",0,"Northern Pike",1066,"High","Cool"
"15057","Northern Pike",2006,12,0,10,"2006",0,"Northern Pike",1066,"High","Cool"
"15058","Northern Pike",2006,15,1,10,"2006",0.1,"Northern Pike",1066,"High","Cool"
"15059","Northern Pike",2006,17,1,10,"2006",0.1,"Northern Pike",1066,"High","Cool"
"15060","Northern Pike",2006,21,0,10,"2006",0,"Northern Pike",1066,"High","Cool"
"15061","Northern Pike",2006,22,0,10,"2006",0,"Northern Pike",1066,"High","Cool"
"15062","Northern Pike",2006,20,0,10,"2006",0,"Northern Pike",1066,"High","Cool"
"15063","Northern Pike",2006,23,0,10,"2006",0,"Northern Pike",1066,"High","Cool"
"15064","Northern Pike",2006,11,0,10,"2006",0,"Northern Pike",1066,"High","Cool"
"15065","Northern Pike",2006,25,0,10,"2006",0,"Northern Pike",1066,"High","Cool"
"15066","Northern Pike",2006,32,0,10,"2006",0,"Northern Pike",1066,"High","Cool"
"15067","Northern Pike",2006,26,0,10,"2006",0,"Northern Pike",1066,"High","Cool"
"15068","Northern Pike",2006,13,3,10,"2006",0.3,"Northern Pike",1066,"High","Cool"
"15069","Northern Pike",2006,28,0,10,"2006",0,"Northern Pike",1066,"High","Cool"
"15070","Northern Pike",2006,14,0,10,"2006",0,"Northern Pike",1066,"High","Cool"
"15071","Northern Pike",2006,34,0,10,"2006",0,"Northern Pike",1066,"High","Cool"
"15072","Northern Pike",2006,18,1,10,"2006",0.1,"Northern Pike",1066,"High","Cool"
"15073","Northern Pike",2006,24,0,10,"2006",0,"Northern Pike",1066,"High","Cool"
"15074","Northern Pike",2006,29,0,10,"2006",0,"Northern Pike",1066,"High","Cool"
"15075","Northern Pike",2006,16,4,10,"2006",0.4,"Northern Pike",1066,"High","Cool"
"15076","Northern Pike",2006,35,0,10,"2006",0,"Northern Pike",1066,"High","Cool"
"15077","Northern Pike",2006,30,0,10,"2006",0,"Northern Pike",1066,"High","Cool"
"15078","Northern Pike",2006,33,0,10,"2006",0,"Northern Pike",1066,"High","Cool"
"15079","Northern Pike",2006,27,0,10,"2006",0,"Northern Pike",1066,"High","Cool"
"15080","Northern Pike",2006,19,0,10,"2006",0,"Northern Pike",1066,"High","Cool"
"15128","Northern Pike",2009,30,0,11,"2009",0,"Northern Pike",1066,"High","Cool"
"15129","Northern Pike",2009,16,1,11,"2009",0.0909090909090909,"Northern Pike",1066,"High","Cool"
"15130","Northern Pike",2009,20,0,11,"2009",0,"Northern Pike",1066,"High","Cool"
"15131","Northern Pike",2009,12,0,11,"2009",0,"Northern Pike",1066,"High","Cool"
"15132","Northern Pike",2009,19,2,11,"2009",0.181818181818182,"Northern Pike",1066,"High","Cool"
"15133","Northern Pike",2009,11,1,11,"2009",0.0909090909090909,"Northern Pike",1066,"High","Cool"
"15134","Northern Pike",2009,14,2,11,"2009",0.181818181818182,"Northern Pike",1066,"High","Cool"
"15135","Northern Pike",2009,18,0,11,"2009",0,"Northern Pike",1066,"High","Cool"
"15136","Northern Pike",2009,34,0,11,"2009",0,"Northern Pike",1066,"High","Cool"
"15137","Northern Pike",2009,32,0,11,"2009",0,"Northern Pike",1066,"High","Cool"
"15138","Northern Pike",2009,23,0,11,"2009",0,"Northern Pike",1066,"High","Cool"
"15139","Northern Pike",2009,24,0,11,"2009",0,"Northern Pike",1066,"High","Cool"
"15140","Northern Pike",2009,17,0,11,"2009",0,"Northern Pike",1066,"High","Cool"
"15141","Northern Pike",2009,35,0,11,"2009",0,"Northern Pike",1066,"High","Cool"
"15142","Northern Pike",2009,33,0,11,"2009",0,"Northern Pike",1066,"High","Cool"
"15143","Northern Pike",2009,15,1,11,"2009",0.0909090909090909,"Northern Pike",1066,"High","Cool"
"15144","Northern Pike",2009,27,0,11,"2009",0,"Northern Pike",1066,"High","Cool"
"15145","Northern Pike",2009,31,0,11,"2009",0,"Northern Pike",1066,"High","Cool"
"15146","Northern Pike",2009,25,0,11,"2009",0,"Northern Pike",1066,"High","Cool"
"15147","Northern Pike",2009,22,0,11,"2009",0,"Northern Pike",1066,"High","Cool"
"15148","Northern Pike",2009,28,0,11,"2009",0,"Northern Pike",1066,"High","Cool"
"15149","Northern Pike",2009,21,1,11,"2009",0.0909090909090909,"Northern Pike",1066,"High","Cool"
"15150","Northern Pike",2009,26,0,11,"2009",0,"Northern Pike",1066,"High","Cool"
"15151","Northern Pike",2009,29,0,11,"2009",0,"Northern Pike",1066,"High","Cool"
"15152","Northern Pike",2009,13,3,11,"2009",0.272727272727273,"Northern Pike",1066,"High","Cool"
"15153","Northern Pike",2010,16,7,43,"2010",0.162790697674419,"Northern Pike",1066,"High","Cool"
"15154","Northern Pike",2010,31,0,43,"2010",0,"Northern Pike",1066,"High","Cool"
"15155","Northern Pike",2010,11,3,43,"2010",0.0697674418604651,"Northern Pike",1066,"High","Cool"
"15156","Northern Pike",2010,18,1,43,"2010",0.0232558139534884,"Northern Pike",1066,"High","Cool"
"15157","Northern Pike",2010,17,7,43,"2010",0.162790697674419,"Northern Pike",1066,"High","Cool"
"15158","Northern Pike",2010,24,0,43,"2010",0,"Northern Pike",1066,"High","Cool"
"15159","Northern Pike",2010,29,0,43,"2010",0,"Northern Pike",1066,"High","Cool"
"15160","Northern Pike",2010,33,0,43,"2010",0,"Northern Pike",1066,"High","Cool"
"15161","Northern Pike",2010,21,2,43,"2010",0.0465116279069767,"Northern Pike",1066,"High","Cool"
"15162","Northern Pike",2010,12,4,43,"2010",0.0930232558139535,"Northern Pike",1066,"High","Cool"
"15163","Northern Pike",2010,13,7,43,"2010",0.162790697674419,"Northern Pike",1066,"High","Cool"
"15164","Northern Pike",2010,14,2,43,"2010",0.0465116279069767,"Northern Pike",1066,"High","Cool"
"15165","Northern Pike",2010,25,0,43,"2010",0,"Northern Pike",1066,"High","Cool"
"15166","Northern Pike",2010,26,0,43,"2010",0,"Northern Pike",1066,"High","Cool"
"15167","Northern Pike",2010,28,0,43,"2010",0,"Northern Pike",1066,"High","Cool"
"15168","Northern Pike",2010,15,4,43,"2010",0.0930232558139535,"Northern Pike",1066,"High","Cool"
"15169","Northern Pike",2010,30,0,43,"2010",0,"Northern Pike",1066,"High","Cool"
"15170","Northern Pike",2010,27,0,43,"2010",0,"Northern Pike",1066,"High","Cool"
"15171","Northern Pike",2010,32,1,43,"2010",0.0232558139534884,"Northern Pike",1066,"High","Cool"
"15172","Northern Pike",2010,23,0,43,"2010",0,"Northern Pike",1066,"High","Cool"
"15173","Northern Pike",2010,19,0,43,"2010",0,"Northern Pike",1066,"High","Cool"
"15174","Northern Pike",2010,34,0,43,"2010",0,"Northern Pike",1066,"High","Cool"
"15175","Northern Pike",2010,22,2,43,"2010",0.0465116279069767,"Northern Pike",1066,"High","Cool"
"15176","Northern Pike",2010,35,0,43,"2010",0,"Northern Pike",1066,"High","Cool"
"15177","Northern Pike",2010,20,3,43,"2010",0.0697674418604651,"Northern Pike",1066,"High","Cool"
"15178","Northern Pike",2011,11,4,43,"2011",0.0930232558139535,"Northern Pike",1066,"High","Cool"
"15179","Northern Pike",2011,31,0,43,"2011",0,"Northern Pike",1066,"High","Cool"
"15180","Northern Pike",2011,13,3,43,"2011",0.0697674418604651,"Northern Pike",1066,"High","Cool"
"15181","Northern Pike",2011,21,1,43,"2011",0.0232558139534884,"Northern Pike",1066,"High","Cool"
"15182","Northern Pike",2011,16,1,43,"2011",0.0232558139534884,"Northern Pike",1066,"High","Cool"
"15183","Northern Pike",2011,29,1,43,"2011",0.0232558139534884,"Northern Pike",1066,"High","Cool"
"15184","Northern Pike",2011,14,2,43,"2011",0.0465116279069767,"Northern Pike",1066,"High","Cool"
"15185","Northern Pike",2011,30,0,43,"2011",0,"Northern Pike",1066,"High","Cool"
"15186","Northern Pike",2011,20,2,43,"2011",0.0465116279069767,"Northern Pike",1066,"High","Cool"
"15187","Northern Pike",2011,17,3,43,"2011",0.0697674418604651,"Northern Pike",1066,"High","Cool"
"15188","Northern Pike",2011,26,2,43,"2011",0.0465116279069767,"Northern Pike",1066,"High","Cool"
"15189","Northern Pike",2011,22,0,43,"2011",0,"Northern Pike",1066,"High","Cool"
"15190","Northern Pike",2011,35,0,43,"2011",0,"Northern Pike",1066,"High","Cool"
"15191","Northern Pike",2011,15,8,43,"2011",0.186046511627907,"Northern Pike",1066,"High","Cool"
"15192","Northern Pike",2011,28,0,43,"2011",0,"Northern Pike",1066,"High","Cool"
"15193","Northern Pike",2011,19,11,43,"2011",0.255813953488372,"Northern Pike",1066,"High","Cool"
"15194","Northern Pike",2011,34,0,43,"2011",0,"Northern Pike",1066,"High","Cool"
"15195","Northern Pike",2011,27,0,43,"2011",0,"Northern Pike",1066,"High","Cool"
"15196","Northern Pike",2011,32,0,43,"2011",0,"Northern Pike",1066,"High","Cool"
"15197","Northern Pike",2011,12,3,43,"2011",0.0697674418604651,"Northern Pike",1066,"High","Cool"
"15198","Northern Pike",2011,24,1,43,"2011",0.0232558139534884,"Northern Pike",1066,"High","Cool"
"15199","Northern Pike",2011,25,0,43,"2011",0,"Northern Pike",1066,"High","Cool"
"15200","Northern Pike",2011,18,0,43,"2011",0,"Northern Pike",1066,"High","Cool"
"15201","Northern Pike",2011,23,1,43,"2011",0.0232558139534884,"Northern Pike",1066,"High","Cool"
"15202","Northern Pike",2011,33,0,43,"2011",0,"Northern Pike",1066,"High","Cool"
"15203","Northern Pike",2012,10,3,58,"2012",0.0517241379310345,"Northern Pike",1066,"High","Cool"
"15204","Northern Pike",2012,11,23,58,"2012",0.396551724137931,"Northern Pike",1066,"High","Cool"
"15205","Northern Pike",2012,32,0,58,"2012",0,"Northern Pike",1066,"High","Cool"
"15206","Northern Pike",2012,33,0,58,"2012",0,"Northern Pike",1066,"High","Cool"
"15207","Northern Pike",2012,27,0,58,"2012",0,"Northern Pike",1066,"High","Cool"
"15208","Northern Pike",2012,23,0,58,"2012",0,"Northern Pike",1066,"High","Cool"
"15209","Northern Pike",2012,12,4,58,"2012",0.0689655172413793,"Northern Pike",1066,"High","Cool"
"15210","Northern Pike",2012,26,0,58,"2012",0,"Northern Pike",1066,"High","Cool"
"15211","Northern Pike",2012,28,0,58,"2012",0,"Northern Pike",1066,"High","Cool"
"15212","Northern Pike",2012,22,1,58,"2012",0.0172413793103448,"Northern Pike",1066,"High","Cool"
"15213","Northern Pike",2012,30,0,58,"2012",0,"Northern Pike",1066,"High","Cool"
"15214","Northern Pike",2012,29,0,58,"2012",0,"Northern Pike",1066,"High","Cool"
"15215","Northern Pike",2012,20,4,58,"2012",0.0689655172413793,"Northern Pike",1066,"High","Cool"
"15216","Northern Pike",2012,21,0,58,"2012",0,"Northern Pike",1066,"High","Cool"
"15217","Northern Pike",2012,13,0,58,"2012",0,"Northern Pike",1066,"High","Cool"
"15218","Northern Pike",2012,34,1,58,"2012",0.0172413793103448,"Northern Pike",1066,"High","Cool"
"15219","Northern Pike",2012,19,6,58,"2012",0.103448275862069,"Northern Pike",1066,"High","Cool"
"15220","Northern Pike",2012,16,5,58,"2012",0.0862068965517241,"Northern Pike",1066,"High","Cool"
"15221","Northern Pike",2012,18,5,58,"2012",0.0862068965517241,"Northern Pike",1066,"High","Cool"
"15222","Northern Pike",2012,17,3,58,"2012",0.0517241379310345,"Northern Pike",1066,"High","Cool"
"15223","Northern Pike",2012,31,0,58,"2012",0,"Northern Pike",1066,"High","Cool"
"15224","Northern Pike",2012,35,0,58,"2012",0,"Northern Pike",1066,"High","Cool"
"15225","Northern Pike",2012,25,0,58,"2012",0,"Northern Pike",1066,"High","Cool"
"15226","Northern Pike",2012,15,3,58,"2012",0.0517241379310345,"Northern Pike",1066,"High","Cool"
"15227","Northern Pike",2012,14,0,58,"2012",0,"Northern Pike",1066,"High","Cool"
"15228","Northern Pike",2012,24,0,58,"2012",0,"Northern Pike",1066,"High","Cool"
"15229","Northern Pike",2013,23,2,51,"2013",0.0392156862745098,"Northern Pike",1066,"High","Cool"
"15230","Northern Pike",2013,14,1,51,"2013",0.0196078431372549,"Northern Pike",1066,"High","Cool"
"15231","Northern Pike",2013,28,0,51,"2013",0,"Northern Pike",1066,"High","Cool"
"15232","Northern Pike",2013,24,1,51,"2013",0.0196078431372549,"Northern Pike",1066,"High","Cool"
"15233","Northern Pike",2013,25,0,51,"2013",0,"Northern Pike",1066,"High","Cool"
"15234","Northern Pike",2013,20,1,51,"2013",0.0196078431372549,"Northern Pike",1066,"High","Cool"
"15235","Northern Pike",2013,13,19,51,"2013",0.372549019607843,"Northern Pike",1066,"High","Cool"
"15236","Northern Pike",2013,17,2,51,"2013",0.0392156862745098,"Northern Pike",1066,"High","Cool"
"15237","Northern Pike",2013,11,0,51,"2013",0,"Northern Pike",1066,"High","Cool"
"15238","Northern Pike",2013,27,0,51,"2013",0,"Northern Pike",1066,"High","Cool"
"15239","Northern Pike",2013,30,0,51,"2013",0,"Northern Pike",1066,"High","Cool"
"15240","Northern Pike",2013,12,0,51,"2013",0,"Northern Pike",1066,"High","Cool"
"15241","Northern Pike",2013,29,0,51,"2013",0,"Northern Pike",1066,"High","Cool"
"15242","Northern Pike",2013,19,7,51,"2013",0.137254901960784,"Northern Pike",1066,"High","Cool"
"15243","Northern Pike",2013,26,0,51,"2013",0,"Northern Pike",1066,"High","Cool"
"15244","Northern Pike",2013,15,14,51,"2013",0.274509803921569,"Northern Pike",1066,"High","Cool"
"15245","Northern Pike",2013,16,0,51,"2013",0,"Northern Pike",1066,"High","Cool"
"15246","Northern Pike",2013,18,2,51,"2013",0.0392156862745098,"Northern Pike",1066,"High","Cool"
"15247","Northern Pike",2013,22,1,51,"2013",0.0196078431372549,"Northern Pike",1066,"High","Cool"
"15248","Northern Pike",2013,35,0,51,"2013",0,"Northern Pike",1066,"High","Cool"
"15249","Northern Pike",2013,33,0,51,"2013",0,"Northern Pike",1066,"High","Cool"
"15250","Northern Pike",2013,31,0,51,"2013",0,"Northern Pike",1066,"High","Cool"
"15251","Northern Pike",2013,21,1,51,"2013",0.0196078431372549,"Northern Pike",1066,"High","Cool"
"15252","Northern Pike",2013,32,0,51,"2013",0,"Northern Pike",1066,"High","Cool"
"15253","Northern Pike",2013,34,0,51,"2013",0,"Northern Pike",1066,"High","Cool"
"15300","Northern Pike",2016,20,2,68,"2016",0.0294117647058824,"Northern Pike",1066,"High","Cool"
"15301","Northern Pike",2016,27,0,68,"2016",0,"Northern Pike",1066,"High","Cool"
"15302","Northern Pike",2016,26,1,68,"2016",0.0147058823529412,"Northern Pike",1066,"High","Cool"
"15303","Northern Pike",2016,11,26,68,"2016",0.382352941176471,"Northern Pike",1066,"High","Cool"
"15304","Northern Pike",2016,29,0,68,"2016",0,"Northern Pike",1066,"High","Cool"
"15305","Northern Pike",2016,24,2,68,"2016",0.0294117647058824,"Northern Pike",1066,"High","Cool"
"15306","Northern Pike",2016,16,4,68,"2016",0.0588235294117647,"Northern Pike",1066,"High","Cool"
"15307","Northern Pike",2016,21,5,68,"2016",0.0735294117647059,"Northern Pike",1066,"High","Cool"
"15308","Northern Pike",2016,19,0,68,"2016",0,"Northern Pike",1066,"High","Cool"
"15309","Northern Pike",2016,31,0,68,"2016",0,"Northern Pike",1066,"High","Cool"
"15310","Northern Pike",2016,23,1,68,"2016",0.0147058823529412,"Northern Pike",1066,"High","Cool"
"15311","Northern Pike",2016,10,0,68,"2016",0,"Northern Pike",1066,"High","Cool"
"15312","Northern Pike",2016,14,5,68,"2016",0.0735294117647059,"Northern Pike",1066,"High","Cool"
"15313","Northern Pike",2016,28,0,68,"2016",0,"Northern Pike",1066,"High","Cool"
"15314","Northern Pike",2016,15,0,68,"2016",0,"Northern Pike",1066,"High","Cool"
"15315","Northern Pike",2016,17,4,68,"2016",0.0588235294117647,"Northern Pike",1066,"High","Cool"
"15316","Northern Pike",2016,30,1,68,"2016",0.0147058823529412,"Northern Pike",1066,"High","Cool"
"15317","Northern Pike",2016,18,4,68,"2016",0.0588235294117647,"Northern Pike",1066,"High","Cool"
"15318","Northern Pike",2016,22,1,68,"2016",0.0147058823529412,"Northern Pike",1066,"High","Cool"
"15319","Northern Pike",2016,35,0,68,"2016",0,"Northern Pike",1066,"High","Cool"
"15320","Northern Pike",2016,12,2,68,"2016",0.0294117647058824,"Northern Pike",1066,"High","Cool"
"15321","Northern Pike",2016,13,8,68,"2016",0.117647058823529,"Northern Pike",1066,"High","Cool"
"15322","Northern Pike",2016,34,0,68,"2016",0,"Northern Pike",1066,"High","Cool"
"15323","Northern Pike",2016,33,1,68,"2016",0.0147058823529412,"Northern Pike",1066,"High","Cool"
"15324","Northern Pike",2016,25,1,68,"2016",0.0147058823529412,"Northern Pike",1066,"High","Cool"
"15325","Northern Pike",2016,32,0,68,"2016",0,"Northern Pike",1066,"High","Cool"
"15326","Northern Pike",2017,16,0,68,"2017",0,"Northern Pike",1066,"High","Cool"
"15327","Northern Pike",2017,10,1,68,"2017",0.0147058823529412,"Northern Pike",1066,"High","Cool"
"15328","Northern Pike",2017,17,0,68,"2017",0,"Northern Pike",1066,"High","Cool"
"15329","Northern Pike",2017,14,17,68,"2017",0.25,"Northern Pike",1066,"High","Cool"
"15330","Northern Pike",2017,15,6,68,"2017",0.0882352941176471,"Northern Pike",1066,"High","Cool"
"15331","Northern Pike",2017,23,4,68,"2017",0.0588235294117647,"Northern Pike",1066,"High","Cool"
"15332","Northern Pike",2017,20,3,68,"2017",0.0441176470588235,"Northern Pike",1066,"High","Cool"
"15333","Northern Pike",2017,22,2,68,"2017",0.0294117647058824,"Northern Pike",1066,"High","Cool"
"15334","Northern Pike",2017,18,2,68,"2017",0.0294117647058824,"Northern Pike",1066,"High","Cool"
"15335","Northern Pike",2017,33,0,68,"2017",0,"Northern Pike",1066,"High","Cool"
"15336","Northern Pike",2017,19,0,68,"2017",0,"Northern Pike",1066,"High","Cool"
"15337","Northern Pike",2017,21,4,68,"2017",0.0588235294117647,"Northern Pike",1066,"High","Cool"
"15338","Northern Pike",2017,12,0,68,"2017",0,"Northern Pike",1066,"High","Cool"
"15339","Northern Pike",2017,13,20,68,"2017",0.294117647058824,"Northern Pike",1066,"High","Cool"
"15340","Northern Pike",2017,32,0,68,"2017",0,"Northern Pike",1066,"High","Cool"
"15341","Northern Pike",2017,29,1,68,"2017",0.0147058823529412,"Northern Pike",1066,"High","Cool"
"15342","Northern Pike",2017,24,5,68,"2017",0.0735294117647059,"Northern Pike",1066,"High","Cool"
"15343","Northern Pike",2017,25,1,68,"2017",0.0147058823529412,"Northern Pike",1066,"High","Cool"
"15344","Northern Pike",2017,26,1,68,"2017",0.0147058823529412,"Northern Pike",1066,"High","Cool"
"15345","Northern Pike",2017,28,0,68,"2017",0,"Northern Pike",1066,"High","Cool"
"15346","Northern Pike",2017,34,0,68,"2017",0,"Northern Pike",1066,"High","Cool"
"15347","Northern Pike",2017,35,0,68,"2017",0,"Northern Pike",1066,"High","Cool"
"15348","Northern Pike",2017,30,0,68,"2017",0,"Northern Pike",1066,"High","Cool"
"15349","Northern Pike",2017,27,1,68,"2017",0.0147058823529412,"Northern Pike",1066,"High","Cool"
"15350","Northern Pike",2017,31,0,68,"2017",0,"Northern Pike",1066,"High","Cool"
"15351","Northern Pike",2018,12,4,73,"2018",0.0547945205479452,"Northern Pike",1066,"High","Cool"
"15352","Northern Pike",2018,25,1,73,"2018",0.0136986301369863,"Northern Pike",1066,"High","Cool"
"15353","Northern Pike",2018,10,0,73,"2018",0,"Northern Pike",1066,"High","Cool"
"15354","Northern Pike",2018,24,1,73,"2018",0.0136986301369863,"Northern Pike",1066,"High","Cool"
"15355","Northern Pike",2018,18,0,73,"2018",0,"Northern Pike",1066,"High","Cool"
"15356","Northern Pike",2018,34,0,73,"2018",0,"Northern Pike",1066,"High","Cool"
"15357","Northern Pike",2018,9,3,73,"2018",0.0410958904109589,"Northern Pike",1066,"High","Cool"
"15358","Northern Pike",2018,19,3,73,"2018",0.0410958904109589,"Northern Pike",1066,"High","Cool"
"15359","Northern Pike",2018,33,0,73,"2018",0,"Northern Pike",1066,"High","Cool"
"15360","Northern Pike",2018,21,3,73,"2018",0.0410958904109589,"Northern Pike",1066,"High","Cool"
"15361","Northern Pike",2018,35,0,73,"2018",0,"Northern Pike",1066,"High","Cool"
"15362","Northern Pike",2018,23,1,73,"2018",0.0136986301369863,"Northern Pike",1066,"High","Cool"
"15363","Northern Pike",2018,17,11,73,"2018",0.150684931506849,"Northern Pike",1066,"High","Cool"
"15364","Northern Pike",2018,20,5,73,"2018",0.0684931506849315,"Northern Pike",1066,"High","Cool"
"15365","Northern Pike",2018,26,0,73,"2018",0,"Northern Pike",1066,"High","Cool"
"15366","Northern Pike",2018,22,11,73,"2018",0.150684931506849,"Northern Pike",1066,"High","Cool"
"15367","Northern Pike",2018,16,5,73,"2018",0.0684931506849315,"Northern Pike",1066,"High","Cool"
"15368","Northern Pike",2018,32,0,73,"2018",0,"Northern Pike",1066,"High","Cool"
"15369","Northern Pike",2018,14,10,73,"2018",0.136986301369863,"Northern Pike",1066,"High","Cool"
"15370","Northern Pike",2018,27,0,73,"2018",0,"Northern Pike",1066,"High","Cool"
"15371","Northern Pike",2018,15,14,73,"2018",0.191780821917808,"Northern Pike",1066,"High","Cool"
"15372","Northern Pike",2018,31,0,73,"2018",0,"Northern Pike",1066,"High","Cool"
"15373","Northern Pike",2018,13,1,73,"2018",0.0136986301369863,"Northern Pike",1066,"High","Cool"
"15374","Northern Pike",2018,30,0,73,"2018",0,"Northern Pike",1066,"High","Cool"
"15375","Northern Pike",2018,29,0,73,"2018",0,"Northern Pike",1066,"High","Cool"
"15376","Northern Pike",2018,28,0,73,"2018",0,"Northern Pike",1066,"High","Cool"
"15377","Northern Pike",2019,33,0,43,"2019",0,"Northern Pike",1066,"High","Cool"
"15378","Northern Pike",2019,32,0,43,"2019",0,"Northern Pike",1066,"High","Cool"
"15379","Northern Pike",2019,26,0,43,"2019",0,"Northern Pike",1066,"High","Cool"
"15380","Northern Pike",2019,23,2,43,"2019",0.0465116279069767,"Northern Pike",1066,"High","Cool"
"15381","Northern Pike",2019,28,0,43,"2019",0,"Northern Pike",1066,"High","Cool"
"15382","Northern Pike",2019,25,0,43,"2019",0,"Northern Pike",1066,"High","Cool"
"15383","Northern Pike",2019,30,0,43,"2019",0,"Northern Pike",1066,"High","Cool"
"15384","Northern Pike",2019,31,0,43,"2019",0,"Northern Pike",1066,"High","Cool"
"15385","Northern Pike",2019,35,0,43,"2019",0,"Northern Pike",1066,"High","Cool"
"15386","Northern Pike",2019,34,0,43,"2019",0,"Northern Pike",1066,"High","Cool"
"15387","Northern Pike",2019,29,0,43,"2019",0,"Northern Pike",1066,"High","Cool"
"15388","Northern Pike",2019,27,1,43,"2019",0.0232558139534884,"Northern Pike",1066,"High","Cool"
"15389","Northern Pike",2019,11,0,43,"2019",0,"Northern Pike",1066,"High","Cool"
"15390","Northern Pike",2019,16,2,43,"2019",0.0465116279069767,"Northern Pike",1066,"High","Cool"
"15391","Northern Pike",2019,19,0,43,"2019",0,"Northern Pike",1066,"High","Cool"
"15392","Northern Pike",2019,15,4,43,"2019",0.0930232558139535,"Northern Pike",1066,"High","Cool"
"15393","Northern Pike",2019,24,2,43,"2019",0.0465116279069767,"Northern Pike",1066,"High","Cool"
"15394","Northern Pike",2019,22,3,43,"2019",0.0697674418604651,"Northern Pike",1066,"High","Cool"
"15395","Northern Pike",2019,21,2,43,"2019",0.0465116279069767,"Northern Pike",1066,"High","Cool"
"15396","Northern Pike",2019,12,0,43,"2019",0,"Northern Pike",1066,"High","Cool"
"15397","Northern Pike",2019,14,9,43,"2019",0.209302325581395,"Northern Pike",1066,"High","Cool"
"15398","Northern Pike",2019,18,0,43,"2019",0,"Northern Pike",1066,"High","Cool"
"15399","Northern Pike",2019,13,18,43,"2019",0.418604651162791,"Northern Pike",1066,"High","Cool"
"15400","Northern Pike",2019,17,0,43,"2019",0,"Northern Pike",1066,"High","Cool"
"15401","Northern Pike",2019,20,0,43,"2019",0,"Northern Pike",1066,"High","Cool"
"15402","Northern Pike",2020,28,0,18,"2020",0,"Northern Pike",1066,"High","Cool"
"15403","Northern Pike",2020,13,1,18,"2020",0.0555555555555556,"Northern Pike",1066,"High","Cool"
"15404","Northern Pike",2020,35,0,18,"2020",0,"Northern Pike",1066,"High","Cool"
"15405","Northern Pike",2020,20,0,18,"2020",0,"Northern Pike",1066,"High","Cool"
"15406","Northern Pike",2020,12,2,18,"2020",0.111111111111111,"Northern Pike",1066,"High","Cool"
"15407","Northern Pike",2020,27,0,18,"2020",0,"Northern Pike",1066,"High","Cool"
"15408","Northern Pike",2020,24,0,18,"2020",0,"Northern Pike",1066,"High","Cool"
"15409","Northern Pike",2020,17,0,18,"2020",0,"Northern Pike",1066,"High","Cool"
"15410","Northern Pike",2020,21,1,18,"2020",0.0555555555555556,"Northern Pike",1066,"High","Cool"
"15411","Northern Pike",2020,34,0,18,"2020",0,"Northern Pike",1066,"High","Cool"
"15412","Northern Pike",2020,33,0,18,"2020",0,"Northern Pike",1066,"High","Cool"
"15413","Northern Pike",2020,19,0,18,"2020",0,"Northern Pike",1066,"High","Cool"
"15414","Northern Pike",2020,29,0,18,"2020",0,"Northern Pike",1066,"High","Cool"
"15415","Northern Pike",2020,22,2,18,"2020",0.111111111111111,"Northern Pike",1066,"High","Cool"
"15416","Northern Pike",2020,23,0,18,"2020",0,"Northern Pike",1066,"High","Cool"
"15417","Northern Pike",2020,16,0,18,"2020",0,"Northern Pike",1066,"High","Cool"
"15418","Northern Pike",2020,18,0,18,"2020",0,"Northern Pike",1066,"High","Cool"
"15419","Northern Pike",2020,14,2,18,"2020",0.111111111111111,"Northern Pike",1066,"High","Cool"
"15420","Northern Pike",2020,32,0,18,"2020",0,"Northern Pike",1066,"High","Cool"
"15421","Northern Pike",2020,26,0,18,"2020",0,"Northern Pike",1066,"High","Cool"
"15422","Northern Pike",2020,31,0,18,"2020",0,"Northern Pike",1066,"High","Cool"
"15423","Northern Pike",2020,25,1,18,"2020",0.0555555555555556,"Northern Pike",1066,"High","Cool"
"15424","Northern Pike",2020,15,1,18,"2020",0.0555555555555556,"Northern Pike",1066,"High","Cool"
"15425","Northern Pike",2020,11,8,18,"2020",0.444444444444444,"Northern Pike",1066,"High","Cool"
"15426","Northern Pike",2020,30,0,18,"2020",0,"Northern Pike",1066,"High","Cool"
"15427","Northern Pike",2021,13,3,15,"2021",0.2,"Northern Pike",1066,"High","Cool"
"15428","Northern Pike",2021,19,1,15,"2021",0.0666666666666667,"Northern Pike",1066,"High","Cool"
"15429","Northern Pike",2021,28,0,15,"2021",0,"Northern Pike",1066,"High","Cool"
"15430","Northern Pike",2021,22,0,15,"2021",0,"Northern Pike",1066,"High","Cool"
"15431","Northern Pike",2021,30,0,15,"2021",0,"Northern Pike",1066,"High","Cool"
"15432","Northern Pike",2021,18,1,15,"2021",0.0666666666666667,"Northern Pike",1066,"High","Cool"
"15433","Northern Pike",2021,17,0,15,"2021",0,"Northern Pike",1066,"High","Cool"
"15434","Northern Pike",2021,27,1,15,"2021",0.0666666666666667,"Northern Pike",1066,"High","Cool"
"15435","Northern Pike",2021,25,0,15,"2021",0,"Northern Pike",1066,"High","Cool"
"15436","Northern Pike",2021,12,2,15,"2021",0.133333333333333,"Northern Pike",1066,"High","Cool"
"15437","Northern Pike",2021,29,0,15,"2021",0,"Northern Pike",1066,"High","Cool"
"15438","Northern Pike",2021,26,3,15,"2021",0.2,"Northern Pike",1066,"High","Cool"
"15439","Northern Pike",2021,20,0,15,"2021",0,"Northern Pike",1066,"High","Cool"
"15440","Northern Pike",2021,24,1,15,"2021",0.0666666666666667,"Northern Pike",1066,"High","Cool"
"15441","Northern Pike",2021,11,0,15,"2021",0,"Northern Pike",1066,"High","Cool"
"15442","Northern Pike",2021,21,0,15,"2021",0,"Northern Pike",1066,"High","Cool"
"15443","Northern Pike",2021,32,0,15,"2021",0,"Northern Pike",1066,"High","Cool"
"15444","Northern Pike",2021,23,2,15,"2021",0.133333333333333,"Northern Pike",1066,"High","Cool"
"15445","Northern Pike",2021,31,0,15,"2021",0,"Northern Pike",1066,"High","Cool"
"15446","Northern Pike",2021,16,0,15,"2021",0,"Northern Pike",1066,"High","Cool"
"15447","Northern Pike",2021,15,0,15,"2021",0,"Northern Pike",1066,"High","Cool"
"15448","Northern Pike",2021,35,0,15,"2021",0,"Northern Pike",1066,"High","Cool"
"15449","Northern Pike",2021,33,0,15,"2021",0,"Northern Pike",1066,"High","Cool"
"15450","Northern Pike",2021,34,0,15,"2021",0,"Northern Pike",1066,"High","Cool"
"15451","Northern Pike",2021,14,1,15,"2021",0.0666666666666667,"Northern Pike",1066,"High","Cool"
"15500","Rainbow Trout",1998,34,0,132,"1998",0,"Rainbow Trout",3598,"High","Cold"
"15501","Rainbow Trout",1998,17,3,132,"1998",0.0227272727272727,"Rainbow Trout",3598,"High","Cold"
"15502","Rainbow Trout",1998,31,0,132,"1998",0,"Rainbow Trout",3598,"High","Cold"
"15503","Rainbow Trout",1998,32,0,132,"1998",0,"Rainbow Trout",3598,"High","Cold"
"15504","Rainbow Trout",1998,18,2,132,"1998",0.0151515151515152,"Rainbow Trout",3598,"High","Cold"
"15505","Rainbow Trout",1998,30,0,132,"1998",0,"Rainbow Trout",3598,"High","Cold"
"15506","Rainbow Trout",1998,33,0,132,"1998",0,"Rainbow Trout",3598,"High","Cold"
"15507","Rainbow Trout",1998,26,4,132,"1998",0.0303030303030303,"Rainbow Trout",3598,"High","Cold"
"15508","Rainbow Trout",1998,27,0,132,"1998",0,"Rainbow Trout",3598,"High","Cold"
"15509","Rainbow Trout",1998,29,0,132,"1998",0,"Rainbow Trout",3598,"High","Cold"
"15510","Rainbow Trout",1998,28,0,132,"1998",0,"Rainbow Trout",3598,"High","Cold"
"15511","Rainbow Trout",1998,14,1,132,"1998",0.00757575757575758,"Rainbow Trout",3598,"High","Cold"
"15512","Rainbow Trout",1998,12,5,132,"1998",0.0378787878787879,"Rainbow Trout",3598,"High","Cold"
"15513","Rainbow Trout",1998,22,7,132,"1998",0.053030303030303,"Rainbow Trout",3598,"High","Cold"
"15514","Rainbow Trout",1998,35,0,132,"1998",0,"Rainbow Trout",3598,"High","Cold"
"15515","Rainbow Trout",1998,21,1,132,"1998",0.00757575757575758,"Rainbow Trout",3598,"High","Cold"
"15516","Rainbow Trout",1998,16,3,132,"1998",0.0227272727272727,"Rainbow Trout",3598,"High","Cold"
"15517","Rainbow Trout",1998,15,0,132,"1998",0,"Rainbow Trout",3598,"High","Cold"
"15518","Rainbow Trout",1998,24,2,132,"1998",0.0151515151515152,"Rainbow Trout",3598,"High","Cold"
"15519","Rainbow Trout",1998,20,5,132,"1998",0.0378787878787879,"Rainbow Trout",3598,"High","Cold"
"15520","Rainbow Trout",1998,23,0,132,"1998",0,"Rainbow Trout",3598,"High","Cold"
"15521","Rainbow Trout",1998,10,46,132,"1998",0.348484848484849,"Rainbow Trout",3598,"High","Cold"
"15522","Rainbow Trout",1998,25,0,132,"1998",0,"Rainbow Trout",3598,"High","Cold"
"15523","Rainbow Trout",1998,19,6,132,"1998",0.0454545454545455,"Rainbow Trout",3598,"High","Cold"
"15524","Rainbow Trout",1998,13,47,132,"1998",0.356060606060606,"Rainbow Trout",3598,"High","Cold"
"15525","Rainbow Trout",2000,34,0,213,"2000",0,"Rainbow Trout",3598,"High","Cold"
"15526","Rainbow Trout",2000,24,4,213,"2000",0.0187793427230047,"Rainbow Trout",3598,"High","Cold"
"15527","Rainbow Trout",2000,11,8,213,"2000",0.0375586854460094,"Rainbow Trout",3598,"High","Cold"
"15528","Rainbow Trout",2000,13,8,213,"2000",0.0375586854460094,"Rainbow Trout",3598,"High","Cold"
"15529","Rainbow Trout",2000,29,0,213,"2000",0,"Rainbow Trout",3598,"High","Cold"
"15530","Rainbow Trout",2000,35,0,213,"2000",0,"Rainbow Trout",3598,"High","Cold"
"15531","Rainbow Trout",2000,32,0,213,"2000",0,"Rainbow Trout",3598,"High","Cold"
"15532","Rainbow Trout",2000,33,0,213,"2000",0,"Rainbow Trout",3598,"High","Cold"
"15533","Rainbow Trout",2000,10,78,213,"2000",0.366197183098592,"Rainbow Trout",3598,"High","Cold"
"15534","Rainbow Trout",2000,25,3,213,"2000",0.0140845070422535,"Rainbow Trout",3598,"High","Cold"
"15535","Rainbow Trout",2000,9,32,213,"2000",0.150234741784038,"Rainbow Trout",3598,"High","Cold"
"15536","Rainbow Trout",2000,19,4,213,"2000",0.0187793427230047,"Rainbow Trout",3598,"High","Cold"
"15537","Rainbow Trout",2000,23,3,213,"2000",0.0140845070422535,"Rainbow Trout",3598,"High","Cold"
"15538","Rainbow Trout",2000,30,0,213,"2000",0,"Rainbow Trout",3598,"High","Cold"
"15539","Rainbow Trout",2000,12,6,213,"2000",0.028169014084507,"Rainbow Trout",3598,"High","Cold"
"15540","Rainbow Trout",2000,28,1,213,"2000",0.00469483568075117,"Rainbow Trout",3598,"High","Cold"
"15541","Rainbow Trout",2000,27,0,213,"2000",0,"Rainbow Trout",3598,"High","Cold"
"15542","Rainbow Trout",2000,18,16,213,"2000",0.0751173708920188,"Rainbow Trout",3598,"High","Cold"
"15543","Rainbow Trout",2000,31,0,213,"2000",0,"Rainbow Trout",3598,"High","Cold"
"15544","Rainbow Trout",2000,26,0,213,"2000",0,"Rainbow Trout",3598,"High","Cold"
"15545","Rainbow Trout",2000,21,10,213,"2000",0.0469483568075117,"Rainbow Trout",3598,"High","Cold"
"15546","Rainbow Trout",2000,16,2,213,"2000",0.00938967136150235,"Rainbow Trout",3598,"High","Cold"
"15547","Rainbow Trout",2000,20,14,213,"2000",0.0657276995305164,"Rainbow Trout",3598,"High","Cold"
"15548","Rainbow Trout",2000,15,3,213,"2000",0.0140845070422535,"Rainbow Trout",3598,"High","Cold"
"15549","Rainbow Trout",2000,17,6,213,"2000",0.028169014084507,"Rainbow Trout",3598,"High","Cold"
"15550","Rainbow Trout",2000,22,9,213,"2000",0.0422535211267606,"Rainbow Trout",3598,"High","Cold"
"15551","Rainbow Trout",2000,14,6,213,"2000",0.028169014084507,"Rainbow Trout",3598,"High","Cold"
"15552","Rainbow Trout",2001,27,0,191,"2001",0,"Rainbow Trout",3598,"High","Cold"
"15553","Rainbow Trout",2001,20,15,191,"2001",0.0785340314136126,"Rainbow Trout",3598,"High","Cold"
"15554","Rainbow Trout",2001,14,25,191,"2001",0.130890052356021,"Rainbow Trout",3598,"High","Cold"
"15555","Rainbow Trout",2001,25,0,191,"2001",0,"Rainbow Trout",3598,"High","Cold"
"15556","Rainbow Trout",2001,18,3,191,"2001",0.0157068062827225,"Rainbow Trout",3598,"High","Cold"
"15557","Rainbow Trout",2001,13,19,191,"2001",0.0994764397905759,"Rainbow Trout",3598,"High","Cold"
"15558","Rainbow Trout",2001,21,6,191,"2001",0.031413612565445,"Rainbow Trout",3598,"High","Cold"
"15559","Rainbow Trout",2001,17,7,191,"2001",0.0366492146596859,"Rainbow Trout",3598,"High","Cold"
"15560","Rainbow Trout",2001,32,0,191,"2001",0,"Rainbow Trout",3598,"High","Cold"
"15561","Rainbow Trout",2001,35,0,191,"2001",0,"Rainbow Trout",3598,"High","Cold"
"15562","Rainbow Trout",2001,19,7,191,"2001",0.0366492146596859,"Rainbow Trout",3598,"High","Cold"
"15563","Rainbow Trout",2001,22,9,191,"2001",0.0471204188481675,"Rainbow Trout",3598,"High","Cold"
"15564","Rainbow Trout",2001,16,1,191,"2001",0.00523560209424084,"Rainbow Trout",3598,"High","Cold"
"15565","Rainbow Trout",2001,12,71,191,"2001",0.371727748691099,"Rainbow Trout",3598,"High","Cold"
"15566","Rainbow Trout",2001,26,0,191,"2001",0,"Rainbow Trout",3598,"High","Cold"
"15567","Rainbow Trout",2001,28,0,191,"2001",0,"Rainbow Trout",3598,"High","Cold"
"15568","Rainbow Trout",2001,29,1,191,"2001",0.00523560209424084,"Rainbow Trout",3598,"High","Cold"
"15569","Rainbow Trout",2001,24,4,191,"2001",0.0209424083769634,"Rainbow Trout",3598,"High","Cold"
"15570","Rainbow Trout",2001,15,11,191,"2001",0.0575916230366492,"Rainbow Trout",3598,"High","Cold"
"15571","Rainbow Trout",2001,34,0,191,"2001",0,"Rainbow Trout",3598,"High","Cold"
"15572","Rainbow Trout",2001,30,0,191,"2001",0,"Rainbow Trout",3598,"High","Cold"
"15573","Rainbow Trout",2001,31,0,191,"2001",0,"Rainbow Trout",3598,"High","Cold"
"15574","Rainbow Trout",2001,11,9,191,"2001",0.0471204188481675,"Rainbow Trout",3598,"High","Cold"
"15575","Rainbow Trout",2001,23,3,191,"2001",0.0157068062827225,"Rainbow Trout",3598,"High","Cold"
"15576","Rainbow Trout",2001,33,0,191,"2001",0,"Rainbow Trout",3598,"High","Cold"
"15577","Rainbow Trout",2002,24,0,118,"2002",0,"Rainbow Trout",3598,"High","Cold"
"15578","Rainbow Trout",2002,23,1,118,"2002",0.00847457627118644,"Rainbow Trout",3598,"High","Cold"
"15579","Rainbow Trout",2002,22,5,118,"2002",0.0423728813559322,"Rainbow Trout",3598,"High","Cold"
"15580","Rainbow Trout",2002,21,3,118,"2002",0.0254237288135593,"Rainbow Trout",3598,"High","Cold"
"15581","Rainbow Trout",2002,15,11,118,"2002",0.0932203389830508,"Rainbow Trout",3598,"High","Cold"
"15582","Rainbow Trout",2002,20,9,118,"2002",0.076271186440678,"Rainbow Trout",3598,"High","Cold"
"15583","Rainbow Trout",2002,18,6,118,"2002",0.0508474576271186,"Rainbow Trout",3598,"High","Cold"
"15584","Rainbow Trout",2002,28,0,118,"2002",0,"Rainbow Trout",3598,"High","Cold"
"15585","Rainbow Trout",2002,30,0,118,"2002",0,"Rainbow Trout",3598,"High","Cold"
"15586","Rainbow Trout",2002,25,4,118,"2002",0.0338983050847458,"Rainbow Trout",3598,"High","Cold"
"15587","Rainbow Trout",2002,19,5,118,"2002",0.0423728813559322,"Rainbow Trout",3598,"High","Cold"
"15588","Rainbow Trout",2002,17,3,118,"2002",0.0254237288135593,"Rainbow Trout",3598,"High","Cold"
"15589","Rainbow Trout",2002,16,1,118,"2002",0.00847457627118644,"Rainbow Trout",3598,"High","Cold"
"15590","Rainbow Trout",2002,27,0,118,"2002",0,"Rainbow Trout",3598,"High","Cold"
"15591","Rainbow Trout",2002,14,6,118,"2002",0.0508474576271186,"Rainbow Trout",3598,"High","Cold"
"15592","Rainbow Trout",2002,13,0,118,"2002",0,"Rainbow Trout",3598,"High","Cold"
"15593","Rainbow Trout",2002,34,0,118,"2002",0,"Rainbow Trout",3598,"High","Cold"
"15594","Rainbow Trout",2002,26,0,118,"2002",0,"Rainbow Trout",3598,"High","Cold"
"15595","Rainbow Trout",2002,12,28,118,"2002",0.23728813559322,"Rainbow Trout",3598,"High","Cold"
"15596","Rainbow Trout",2002,32,0,118,"2002",0,"Rainbow Trout",3598,"High","Cold"
"15597","Rainbow Trout",2002,31,0,118,"2002",0,"Rainbow Trout",3598,"High","Cold"
"15598","Rainbow Trout",2002,29,0,118,"2002",0,"Rainbow Trout",3598,"High","Cold"
"15599","Rainbow Trout",2002,10,12,118,"2002",0.101694915254237,"Rainbow Trout",3598,"High","Cold"
"15600","Rainbow Trout",2002,35,0,118,"2002",0,"Rainbow Trout",3598,"High","Cold"
"15601","Rainbow Trout",2002,11,24,118,"2002",0.203389830508475,"Rainbow Trout",3598,"High","Cold"
"15602","Rainbow Trout",2002,33,0,118,"2002",0,"Rainbow Trout",3598,"High","Cold"
"15675","Rainbow Trout",2006,11,4,51,"2006",0.0784313725490196,"Rainbow Trout",3598,"High","Cold"
"15676","Rainbow Trout",2006,14,1,51,"2006",0.0196078431372549,"Rainbow Trout",3598,"High","Cold"
"15677","Rainbow Trout",2006,24,0,51,"2006",0,"Rainbow Trout",3598,"High","Cold"
"15678","Rainbow Trout",2006,31,0,51,"2006",0,"Rainbow Trout",3598,"High","Cold"
"15679","Rainbow Trout",2006,27,0,51,"2006",0,"Rainbow Trout",3598,"High","Cold"
"15680","Rainbow Trout",2006,32,0,51,"2006",0,"Rainbow Trout",3598,"High","Cold"
"15681","Rainbow Trout",2006,29,0,51,"2006",0,"Rainbow Trout",3598,"High","Cold"
"15682","Rainbow Trout",2006,26,0,51,"2006",0,"Rainbow Trout",3598,"High","Cold"
"15683","Rainbow Trout",2006,16,1,51,"2006",0.0196078431372549,"Rainbow Trout",3598,"High","Cold"
"15684","Rainbow Trout",2006,12,0,51,"2006",0,"Rainbow Trout",3598,"High","Cold"
"15685","Rainbow Trout",2006,21,4,51,"2006",0.0784313725490196,"Rainbow Trout",3598,"High","Cold"
"15686","Rainbow Trout",2006,25,1,51,"2006",0.0196078431372549,"Rainbow Trout",3598,"High","Cold"
"15687","Rainbow Trout",2006,23,1,51,"2006",0.0196078431372549,"Rainbow Trout",3598,"High","Cold"
"15688","Rainbow Trout",2006,17,7,51,"2006",0.137254901960784,"Rainbow Trout",3598,"High","Cold"
"15689","Rainbow Trout",2006,28,0,51,"2006",0,"Rainbow Trout",3598,"High","Cold"
"15690","Rainbow Trout",2006,13,2,51,"2006",0.0392156862745098,"Rainbow Trout",3598,"High","Cold"
"15691","Rainbow Trout",2006,15,2,51,"2006",0.0392156862745098,"Rainbow Trout",3598,"High","Cold"
"15692","Rainbow Trout",2006,20,12,51,"2006",0.235294117647059,"Rainbow Trout",3598,"High","Cold"
"15693","Rainbow Trout",2006,35,0,51,"2006",0,"Rainbow Trout",3598,"High","Cold"
"15694","Rainbow Trout",2006,18,4,51,"2006",0.0784313725490196,"Rainbow Trout",3598,"High","Cold"
"15695","Rainbow Trout",2006,22,9,51,"2006",0.176470588235294,"Rainbow Trout",3598,"High","Cold"
"15696","Rainbow Trout",2006,19,3,51,"2006",0.0588235294117647,"Rainbow Trout",3598,"High","Cold"
"15697","Rainbow Trout",2006,30,0,51,"2006",0,"Rainbow Trout",3598,"High","Cold"
"15698","Rainbow Trout",2006,33,0,51,"2006",0,"Rainbow Trout",3598,"High","Cold"
"15699","Rainbow Trout",2006,34,0,51,"2006",0,"Rainbow Trout",3598,"High","Cold"
"15747","Rainbow Trout",2009,30,0,53,"2009",0,"Rainbow Trout",3598,"High","Cold"
"15748","Rainbow Trout",2009,15,1,53,"2009",0.0188679245283019,"Rainbow Trout",3598,"High","Cold"
"15749","Rainbow Trout",2009,14,2,53,"2009",0.0377358490566038,"Rainbow Trout",3598,"High","Cold"
"15750","Rainbow Trout",2009,32,0,53,"2009",0,"Rainbow Trout",3598,"High","Cold"
"15751","Rainbow Trout",2009,16,1,53,"2009",0.0188679245283019,"Rainbow Trout",3598,"High","Cold"
"15752","Rainbow Trout",2009,35,0,53,"2009",0,"Rainbow Trout",3598,"High","Cold"
"15753","Rainbow Trout",2009,28,0,53,"2009",0,"Rainbow Trout",3598,"High","Cold"
"15754","Rainbow Trout",2009,33,0,53,"2009",0,"Rainbow Trout",3598,"High","Cold"
"15755","Rainbow Trout",2009,11,0,53,"2009",0,"Rainbow Trout",3598,"High","Cold"
"15756","Rainbow Trout",2009,23,4,53,"2009",0.0754716981132075,"Rainbow Trout",3598,"High","Cold"
"15757","Rainbow Trout",2009,12,16,53,"2009",0.30188679245283,"Rainbow Trout",3598,"High","Cold"
"15758","Rainbow Trout",2009,19,5,53,"2009",0.0943396226415094,"Rainbow Trout",3598,"High","Cold"
"15759","Rainbow Trout",2009,29,0,53,"2009",0,"Rainbow Trout",3598,"High","Cold"
"15760","Rainbow Trout",2009,34,0,53,"2009",0,"Rainbow Trout",3598,"High","Cold"
"15761","Rainbow Trout",2009,17,3,53,"2009",0.0566037735849057,"Rainbow Trout",3598,"High","Cold"
"15762","Rainbow Trout",2009,31,0,53,"2009",0,"Rainbow Trout",3598,"High","Cold"
"15763","Rainbow Trout",2009,27,0,53,"2009",0,"Rainbow Trout",3598,"High","Cold"
"15764","Rainbow Trout",2009,22,1,53,"2009",0.0188679245283019,"Rainbow Trout",3598,"High","Cold"
"15765","Rainbow Trout",2009,26,0,53,"2009",0,"Rainbow Trout",3598,"High","Cold"
"15766","Rainbow Trout",2009,13,1,53,"2009",0.0188679245283019,"Rainbow Trout",3598,"High","Cold"
"15767","Rainbow Trout",2009,18,1,53,"2009",0.0188679245283019,"Rainbow Trout",3598,"High","Cold"
"15768","Rainbow Trout",2009,20,4,53,"2009",0.0754716981132075,"Rainbow Trout",3598,"High","Cold"
"15769","Rainbow Trout",2009,25,0,53,"2009",0,"Rainbow Trout",3598,"High","Cold"
"15770","Rainbow Trout",2009,24,3,53,"2009",0.0566037735849057,"Rainbow Trout",3598,"High","Cold"
"15771","Rainbow Trout",2009,21,11,53,"2009",0.207547169811321,"Rainbow Trout",3598,"High","Cold"
"15772","Rainbow Trout",2010,28,0,102,"2010",0,"Rainbow Trout",3598,"High","Cold"
"15773","Rainbow Trout",2010,17,12,102,"2010",0.117647058823529,"Rainbow Trout",3598,"High","Cold"
"15774","Rainbow Trout",2010,23,4,102,"2010",0.0392156862745098,"Rainbow Trout",3598,"High","Cold"
"15775","Rainbow Trout",2010,21,4,102,"2010",0.0392156862745098,"Rainbow Trout",3598,"High","Cold"
"15776","Rainbow Trout",2010,34,0,102,"2010",0,"Rainbow Trout",3598,"High","Cold"
"15777","Rainbow Trout",2010,24,0,102,"2010",0,"Rainbow Trout",3598,"High","Cold"
"15778","Rainbow Trout",2010,26,0,102,"2010",0,"Rainbow Trout",3598,"High","Cold"
"15779","Rainbow Trout",2010,30,0,102,"2010",0,"Rainbow Trout",3598,"High","Cold"
"15780","Rainbow Trout",2010,22,2,102,"2010",0.0196078431372549,"Rainbow Trout",3598,"High","Cold"
"15781","Rainbow Trout",2010,12,14,102,"2010",0.137254901960784,"Rainbow Trout",3598,"High","Cold"
"15782","Rainbow Trout",2010,25,0,102,"2010",0,"Rainbow Trout",3598,"High","Cold"
"15783","Rainbow Trout",2010,16,3,102,"2010",0.0294117647058824,"Rainbow Trout",3598,"High","Cold"
"15784","Rainbow Trout",2010,11,6,102,"2010",0.0588235294117647,"Rainbow Trout",3598,"High","Cold"
"15785","Rainbow Trout",2010,27,0,102,"2010",0,"Rainbow Trout",3598,"High","Cold"
"15786","Rainbow Trout",2010,29,0,102,"2010",0,"Rainbow Trout",3598,"High","Cold"
"15787","Rainbow Trout",2010,35,0,102,"2010",0,"Rainbow Trout",3598,"High","Cold"
"15788","Rainbow Trout",2010,20,12,102,"2010",0.117647058823529,"Rainbow Trout",3598,"High","Cold"
"15789","Rainbow Trout",2010,31,0,102,"2010",0,"Rainbow Trout",3598,"High","Cold"
"15790","Rainbow Trout",2010,14,2,102,"2010",0.0196078431372549,"Rainbow Trout",3598,"High","Cold"
"15791","Rainbow Trout",2010,13,3,102,"2010",0.0294117647058824,"Rainbow Trout",3598,"High","Cold"
"15792","Rainbow Trout",2010,18,10,102,"2010",0.0980392156862745,"Rainbow Trout",3598,"High","Cold"
"15793","Rainbow Trout",2010,19,16,102,"2010",0.156862745098039,"Rainbow Trout",3598,"High","Cold"
"15794","Rainbow Trout",2010,33,0,102,"2010",0,"Rainbow Trout",3598,"High","Cold"
"15795","Rainbow Trout",2010,32,0,102,"2010",0,"Rainbow Trout",3598,"High","Cold"
"15796","Rainbow Trout",2010,15,14,102,"2010",0.137254901960784,"Rainbow Trout",3598,"High","Cold"
"15797","Rainbow Trout",2011,29,0,217,"2011",0,"Rainbow Trout",3598,"High","Cold"
"15798","Rainbow Trout",2011,21,32,217,"2011",0.147465437788018,"Rainbow Trout",3598,"High","Cold"
"15799","Rainbow Trout",2011,35,0,217,"2011",0,"Rainbow Trout",3598,"High","Cold"
"15800","Rainbow Trout",2011,12,18,217,"2011",0.0829493087557604,"Rainbow Trout",3598,"High","Cold"
"15801","Rainbow Trout",2011,24,8,217,"2011",0.0368663594470046,"Rainbow Trout",3598,"High","Cold"
"15802","Rainbow Trout",2011,25,3,217,"2011",0.0138248847926267,"Rainbow Trout",3598,"High","Cold"
"15803","Rainbow Trout",2011,14,29,217,"2011",0.133640552995392,"Rainbow Trout",3598,"High","Cold"
"15804","Rainbow Trout",2011,22,19,217,"2011",0.0875576036866359,"Rainbow Trout",3598,"High","Cold"
"15805","Rainbow Trout",2011,34,0,217,"2011",0,"Rainbow Trout",3598,"High","Cold"
"15806","Rainbow Trout",2011,28,0,217,"2011",0,"Rainbow Trout",3598,"High","Cold"
"15807","Rainbow Trout",2011,32,0,217,"2011",0,"Rainbow Trout",3598,"High","Cold"
"15808","Rainbow Trout",2011,30,0,217,"2011",0,"Rainbow Trout",3598,"High","Cold"
"15809","Rainbow Trout",2011,11,18,217,"2011",0.0829493087557604,"Rainbow Trout",3598,"High","Cold"
"15810","Rainbow Trout",2011,31,0,217,"2011",0,"Rainbow Trout",3598,"High","Cold"
"15811","Rainbow Trout",2011,13,5,217,"2011",0.0230414746543779,"Rainbow Trout",3598,"High","Cold"
"15812","Rainbow Trout",2011,33,0,217,"2011",0,"Rainbow Trout",3598,"High","Cold"
"15813","Rainbow Trout",2011,15,7,217,"2011",0.032258064516129,"Rainbow Trout",3598,"High","Cold"
"15814","Rainbow Trout",2011,20,32,217,"2011",0.147465437788018,"Rainbow Trout",3598,"High","Cold"
"15815","Rainbow Trout",2011,17,7,217,"2011",0.032258064516129,"Rainbow Trout",3598,"High","Cold"
"15816","Rainbow Trout",2011,19,18,217,"2011",0.0829493087557604,"Rainbow Trout",3598,"High","Cold"
"15817","Rainbow Trout",2011,26,1,217,"2011",0.00460829493087558,"Rainbow Trout",3598,"High","Cold"
"15818","Rainbow Trout",2011,27,0,217,"2011",0,"Rainbow Trout",3598,"High","Cold"
"15819","Rainbow Trout",2011,18,10,217,"2011",0.0460829493087558,"Rainbow Trout",3598,"High","Cold"
"15820","Rainbow Trout",2011,16,7,217,"2011",0.032258064516129,"Rainbow Trout",3598,"High","Cold"
"15821","Rainbow Trout",2011,23,3,217,"2011",0.0138248847926267,"Rainbow Trout",3598,"High","Cold"
"15822","Rainbow Trout",2012,32,0,141,"2012",0,"Rainbow Trout",3598,"High","Cold"
"15823","Rainbow Trout",2012,26,0,141,"2012",0,"Rainbow Trout",3598,"High","Cold"
"15824","Rainbow Trout",2012,13,1,141,"2012",0.00709219858156028,"Rainbow Trout",3598,"High","Cold"
"15825","Rainbow Trout",2012,23,15,141,"2012",0.106382978723404,"Rainbow Trout",3598,"High","Cold"
"15826","Rainbow Trout",2012,12,1,141,"2012",0.00709219858156028,"Rainbow Trout",3598,"High","Cold"
"15827","Rainbow Trout",2012,22,6,141,"2012",0.0425531914893617,"Rainbow Trout",3598,"High","Cold"
"15828","Rainbow Trout",2012,24,1,141,"2012",0.00709219858156028,"Rainbow Trout",3598,"High","Cold"
"15829","Rainbow Trout",2012,14,0,141,"2012",0,"Rainbow Trout",3598,"High","Cold"
"15830","Rainbow Trout",2012,35,0,141,"2012",0,"Rainbow Trout",3598,"High","Cold"
"15831","Rainbow Trout",2012,33,0,141,"2012",0,"Rainbow Trout",3598,"High","Cold"
"15832","Rainbow Trout",2012,11,16,141,"2012",0.113475177304965,"Rainbow Trout",3598,"High","Cold"
"15833","Rainbow Trout",2012,25,0,141,"2012",0,"Rainbow Trout",3598,"High","Cold"
"15834","Rainbow Trout",2012,10,25,141,"2012",0.177304964539007,"Rainbow Trout",3598,"High","Cold"
"15835","Rainbow Trout",2012,17,8,141,"2012",0.0567375886524823,"Rainbow Trout",3598,"High","Cold"
"15836","Rainbow Trout",2012,19,14,141,"2012",0.099290780141844,"Rainbow Trout",3598,"High","Cold"
"15837","Rainbow Trout",2012,34,0,141,"2012",0,"Rainbow Trout",3598,"High","Cold"
"15838","Rainbow Trout",2012,31,0,141,"2012",0,"Rainbow Trout",3598,"High","Cold"
"15839","Rainbow Trout",2012,16,5,141,"2012",0.0354609929078014,"Rainbow Trout",3598,"High","Cold"
"15840","Rainbow Trout",2012,29,0,141,"2012",0,"Rainbow Trout",3598,"High","Cold"
"15841","Rainbow Trout",2012,15,1,141,"2012",0.00709219858156028,"Rainbow Trout",3598,"High","Cold"
"15842","Rainbow Trout",2012,20,25,141,"2012",0.177304964539007,"Rainbow Trout",3598,"High","Cold"
"15843","Rainbow Trout",2012,21,4,141,"2012",0.0283687943262411,"Rainbow Trout",3598,"High","Cold"
"15844","Rainbow Trout",2012,28,0,141,"2012",0,"Rainbow Trout",3598,"High","Cold"
"15845","Rainbow Trout",2012,18,18,141,"2012",0.127659574468085,"Rainbow Trout",3598,"High","Cold"
"15846","Rainbow Trout",2012,30,1,141,"2012",0.00709219858156028,"Rainbow Trout",3598,"High","Cold"
"15847","Rainbow Trout",2012,27,0,141,"2012",0,"Rainbow Trout",3598,"High","Cold"
"15848","Rainbow Trout",2013,18,17,379,"2013",0.0448548812664908,"Rainbow Trout",3598,"High","Cold"
"15849","Rainbow Trout",2013,14,5,379,"2013",0.0131926121372032,"Rainbow Trout",3598,"High","Cold"
"15850","Rainbow Trout",2013,24,12,379,"2013",0.0316622691292876,"Rainbow Trout",3598,"High","Cold"
"15851","Rainbow Trout",2013,19,29,379,"2013",0.0765171503957784,"Rainbow Trout",3598,"High","Cold"
"15852","Rainbow Trout",2013,20,37,379,"2013",0.0976253298153034,"Rainbow Trout",3598,"High","Cold"
"15853","Rainbow Trout",2013,11,25,379,"2013",0.0659630606860158,"Rainbow Trout",3598,"High","Cold"
"15854","Rainbow Trout",2013,13,123,379,"2013",0.324538258575198,"Rainbow Trout",3598,"High","Cold"
"15855","Rainbow Trout",2013,32,0,379,"2013",0,"Rainbow Trout",3598,"High","Cold"
"15856","Rainbow Trout",2013,17,6,379,"2013",0.0158311345646438,"Rainbow Trout",3598,"High","Cold"
"15857","Rainbow Trout",2013,22,18,379,"2013",0.0474934036939314,"Rainbow Trout",3598,"High","Cold"
"15858","Rainbow Trout",2013,21,49,379,"2013",0.129287598944591,"Rainbow Trout",3598,"High","Cold"
"15859","Rainbow Trout",2013,16,13,379,"2013",0.0343007915567282,"Rainbow Trout",3598,"High","Cold"
"15860","Rainbow Trout",2013,34,0,379,"2013",0,"Rainbow Trout",3598,"High","Cold"
"15861","Rainbow Trout",2013,25,1,379,"2013",0.00263852242744063,"Rainbow Trout",3598,"High","Cold"
"15862","Rainbow Trout",2013,12,0,379,"2013",0,"Rainbow Trout",3598,"High","Cold"
"15863","Rainbow Trout",2013,26,0,379,"2013",0,"Rainbow Trout",3598,"High","Cold"
"15864","Rainbow Trout",2013,30,0,379,"2013",0,"Rainbow Trout",3598,"High","Cold"
"15865","Rainbow Trout",2013,31,0,379,"2013",0,"Rainbow Trout",3598,"High","Cold"
"15866","Rainbow Trout",2013,35,0,379,"2013",0,"Rainbow Trout",3598,"High","Cold"
"15867","Rainbow Trout",2013,15,36,379,"2013",0.0949868073878628,"Rainbow Trout",3598,"High","Cold"
"15868","Rainbow Trout",2013,28,0,379,"2013",0,"Rainbow Trout",3598,"High","Cold"
"15869","Rainbow Trout",2013,29,0,379,"2013",0,"Rainbow Trout",3598,"High","Cold"
"15870","Rainbow Trout",2013,27,0,379,"2013",0,"Rainbow Trout",3598,"High","Cold"
"15871","Rainbow Trout",2013,23,8,379,"2013",0.0211081794195251,"Rainbow Trout",3598,"High","Cold"
"15872","Rainbow Trout",2013,33,0,379,"2013",0,"Rainbow Trout",3598,"High","Cold"
"15919","Rainbow Trout",2016,22,17,140,"2016",0.121428571428571,"Rainbow Trout",3598,"High","Cold"
"15920","Rainbow Trout",2016,20,6,140,"2016",0.0428571428571429,"Rainbow Trout",3598,"High","Cold"
"15921","Rainbow Trout",2016,28,0,140,"2016",0,"Rainbow Trout",3598,"High","Cold"
"15922","Rainbow Trout",2016,34,0,140,"2016",0,"Rainbow Trout",3598,"High","Cold"
"15923","Rainbow Trout",2016,24,1,140,"2016",0.00714285714285714,"Rainbow Trout",3598,"High","Cold"
"15924","Rainbow Trout",2016,26,0,140,"2016",0,"Rainbow Trout",3598,"High","Cold"
"15925","Rainbow Trout",2016,23,7,140,"2016",0.05,"Rainbow Trout",3598,"High","Cold"
"15926","Rainbow Trout",2016,32,0,140,"2016",0,"Rainbow Trout",3598,"High","Cold"
"15927","Rainbow Trout",2016,29,0,140,"2016",0,"Rainbow Trout",3598,"High","Cold"
"15928","Rainbow Trout",2016,35,0,140,"2016",0,"Rainbow Trout",3598,"High","Cold"
"15929","Rainbow Trout",2016,13,5,140,"2016",0.0357142857142857,"Rainbow Trout",3598,"High","Cold"
"15930","Rainbow Trout",2016,31,0,140,"2016",0,"Rainbow Trout",3598,"High","Cold"
"15931","Rainbow Trout",2016,14,5,140,"2016",0.0357142857142857,"Rainbow Trout",3598,"High","Cold"
"15932","Rainbow Trout",2016,12,13,140,"2016",0.0928571428571429,"Rainbow Trout",3598,"High","Cold"
"15933","Rainbow Trout",2016,30,0,140,"2016",0,"Rainbow Trout",3598,"High","Cold"
"15934","Rainbow Trout",2016,15,0,140,"2016",0,"Rainbow Trout",3598,"High","Cold"
"15935","Rainbow Trout",2016,27,0,140,"2016",0,"Rainbow Trout",3598,"High","Cold"
"15936","Rainbow Trout",2016,10,20,140,"2016",0.142857142857143,"Rainbow Trout",3598,"High","Cold"
"15937","Rainbow Trout",2016,11,30,140,"2016",0.214285714285714,"Rainbow Trout",3598,"High","Cold"
"15938","Rainbow Trout",2016,19,9,140,"2016",0.0642857142857143,"Rainbow Trout",3598,"High","Cold"
"15939","Rainbow Trout",2016,25,2,140,"2016",0.0142857142857143,"Rainbow Trout",3598,"High","Cold"
"15940","Rainbow Trout",2016,17,2,140,"2016",0.0142857142857143,"Rainbow Trout",3598,"High","Cold"
"15941","Rainbow Trout",2016,33,0,140,"2016",0,"Rainbow Trout",3598,"High","Cold"
"15942","Rainbow Trout",2016,18,8,140,"2016",0.0571428571428571,"Rainbow Trout",3598,"High","Cold"
"15943","Rainbow Trout",2016,21,14,140,"2016",0.1,"Rainbow Trout",3598,"High","Cold"
"15944","Rainbow Trout",2016,16,1,140,"2016",0.00714285714285714,"Rainbow Trout",3598,"High","Cold"
"15945","Rainbow Trout",2017,20,7,98,"2017",0.0714285714285714,"Rainbow Trout",3598,"High","Cold"
"15946","Rainbow Trout",2017,13,10,98,"2017",0.102040816326531,"Rainbow Trout",3598,"High","Cold"
"15947","Rainbow Trout",2017,22,6,98,"2017",0.0612244897959184,"Rainbow Trout",3598,"High","Cold"
"15948","Rainbow Trout",2017,19,9,98,"2017",0.0918367346938776,"Rainbow Trout",3598,"High","Cold"
"15949","Rainbow Trout",2017,15,1,98,"2017",0.0102040816326531,"Rainbow Trout",3598,"High","Cold"
"15950","Rainbow Trout",2017,21,0,98,"2017",0,"Rainbow Trout",3598,"High","Cold"
"15951","Rainbow Trout",2017,28,0,98,"2017",0,"Rainbow Trout",3598,"High","Cold"
"15952","Rainbow Trout",2017,18,6,98,"2017",0.0612244897959184,"Rainbow Trout",3598,"High","Cold"
"15953","Rainbow Trout",2017,23,4,98,"2017",0.0408163265306122,"Rainbow Trout",3598,"High","Cold"
"15954","Rainbow Trout",2017,16,8,98,"2017",0.0816326530612245,"Rainbow Trout",3598,"High","Cold"
"15955","Rainbow Trout",2017,17,5,98,"2017",0.0510204081632653,"Rainbow Trout",3598,"High","Cold"
"15956","Rainbow Trout",2017,31,0,98,"2017",0,"Rainbow Trout",3598,"High","Cold"
"15957","Rainbow Trout",2017,14,12,98,"2017",0.122448979591837,"Rainbow Trout",3598,"High","Cold"
"15958","Rainbow Trout",2017,25,1,98,"2017",0.0102040816326531,"Rainbow Trout",3598,"High","Cold"
"15959","Rainbow Trout",2017,26,0,98,"2017",0,"Rainbow Trout",3598,"High","Cold"
"15960","Rainbow Trout",2017,30,0,98,"2017",0,"Rainbow Trout",3598,"High","Cold"
"15961","Rainbow Trout",2017,29,0,98,"2017",0,"Rainbow Trout",3598,"High","Cold"
"15962","Rainbow Trout",2017,27,0,98,"2017",0,"Rainbow Trout",3598,"High","Cold"
"15963","Rainbow Trout",2017,10,24,98,"2017",0.244897959183673,"Rainbow Trout",3598,"High","Cold"
"15964","Rainbow Trout",2017,24,2,98,"2017",0.0204081632653061,"Rainbow Trout",3598,"High","Cold"
"15965","Rainbow Trout",2017,32,0,98,"2017",0,"Rainbow Trout",3598,"High","Cold"
"15966","Rainbow Trout",2017,35,0,98,"2017",0,"Rainbow Trout",3598,"High","Cold"
"15967","Rainbow Trout",2017,12,3,98,"2017",0.0306122448979592,"Rainbow Trout",3598,"High","Cold"
"15968","Rainbow Trout",2017,33,0,98,"2017",0,"Rainbow Trout",3598,"High","Cold"
"15969","Rainbow Trout",2017,34,0,98,"2017",0,"Rainbow Trout",3598,"High","Cold"
"15970","Rainbow Trout",2018,25,0,87,"2018",0,"Rainbow Trout",3598,"High","Cold"
"15971","Rainbow Trout",2018,27,0,87,"2018",0,"Rainbow Trout",3598,"High","Cold"
"15972","Rainbow Trout",2018,28,0,87,"2018",0,"Rainbow Trout",3598,"High","Cold"
"15973","Rainbow Trout",2018,9,9,87,"2018",0.103448275862069,"Rainbow Trout",3598,"High","Cold"
"15974","Rainbow Trout",2018,10,0,87,"2018",0,"Rainbow Trout",3598,"High","Cold"
"15975","Rainbow Trout",2018,17,4,87,"2018",0.0459770114942529,"Rainbow Trout",3598,"High","Cold"
"15976","Rainbow Trout",2018,18,2,87,"2018",0.0229885057471264,"Rainbow Trout",3598,"High","Cold"
"15977","Rainbow Trout",2018,29,0,87,"2018",0,"Rainbow Trout",3598,"High","Cold"
"15978","Rainbow Trout",2018,24,2,87,"2018",0.0229885057471264,"Rainbow Trout",3598,"High","Cold"
"15979","Rainbow Trout",2018,35,0,87,"2018",0,"Rainbow Trout",3598,"High","Cold"
"15980","Rainbow Trout",2018,26,1,87,"2018",0.0114942528735632,"Rainbow Trout",3598,"High","Cold"
"15981","Rainbow Trout",2018,22,14,87,"2018",0.160919540229885,"Rainbow Trout",3598,"High","Cold"
"15982","Rainbow Trout",2018,12,5,87,"2018",0.0574712643678161,"Rainbow Trout",3598,"High","Cold"
"15983","Rainbow Trout",2018,23,1,87,"2018",0.0114942528735632,"Rainbow Trout",3598,"High","Cold"
"15984","Rainbow Trout",2018,16,10,87,"2018",0.114942528735632,"Rainbow Trout",3598,"High","Cold"
"15985","Rainbow Trout",2018,13,3,87,"2018",0.0344827586206897,"Rainbow Trout",3598,"High","Cold"
"15986","Rainbow Trout",2018,33,0,87,"2018",0,"Rainbow Trout",3598,"High","Cold"
"15987","Rainbow Trout",2018,31,0,87,"2018",0,"Rainbow Trout",3598,"High","Cold"
"15988","Rainbow Trout",2018,15,2,87,"2018",0.0229885057471264,"Rainbow Trout",3598,"High","Cold"
"15989","Rainbow Trout",2018,34,0,87,"2018",0,"Rainbow Trout",3598,"High","Cold"
"15990","Rainbow Trout",2018,21,6,87,"2018",0.0689655172413793,"Rainbow Trout",3598,"High","Cold"
"15991","Rainbow Trout",2018,14,3,87,"2018",0.0344827586206897,"Rainbow Trout",3598,"High","Cold"
"15992","Rainbow Trout",2018,32,0,87,"2018",0,"Rainbow Trout",3598,"High","Cold"
"15993","Rainbow Trout",2018,30,0,87,"2018",0,"Rainbow Trout",3598,"High","Cold"
"15994","Rainbow Trout",2018,20,18,87,"2018",0.206896551724138,"Rainbow Trout",3598,"High","Cold"
"15995","Rainbow Trout",2018,19,7,87,"2018",0.0804597701149425,"Rainbow Trout",3598,"High","Cold"
"15996","Rainbow Trout",2019,26,0,97,"2019",0,"Rainbow Trout",3598,"High","Cold"
"15997","Rainbow Trout",2019,27,0,97,"2019",0,"Rainbow Trout",3598,"High","Cold"
"15998","Rainbow Trout",2019,31,0,97,"2019",0,"Rainbow Trout",3598,"High","Cold"
"15999","Rainbow Trout",2019,29,0,97,"2019",0,"Rainbow Trout",3598,"High","Cold"
"16000","Rainbow Trout",2019,25,3,97,"2019",0.0309278350515464,"Rainbow Trout",3598,"High","Cold"
"16001","Rainbow Trout",2019,32,0,97,"2019",0,"Rainbow Trout",3598,"High","Cold"
"16002","Rainbow Trout",2019,28,0,97,"2019",0,"Rainbow Trout",3598,"High","Cold"
"16003","Rainbow Trout",2019,15,10,97,"2019",0.103092783505155,"Rainbow Trout",3598,"High","Cold"
"16004","Rainbow Trout",2019,11,1,97,"2019",0.0103092783505155,"Rainbow Trout",3598,"High","Cold"
"16005","Rainbow Trout",2019,14,12,97,"2019",0.123711340206186,"Rainbow Trout",3598,"High","Cold"
"16006","Rainbow Trout",2019,30,0,97,"2019",0,"Rainbow Trout",3598,"High","Cold"
"16007","Rainbow Trout",2019,12,7,97,"2019",0.0721649484536082,"Rainbow Trout",3598,"High","Cold"
"16008","Rainbow Trout",2019,17,2,97,"2019",0.0206185567010309,"Rainbow Trout",3598,"High","Cold"
"16009","Rainbow Trout",2019,35,0,97,"2019",0,"Rainbow Trout",3598,"High","Cold"
"16010","Rainbow Trout",2019,19,9,97,"2019",0.0927835051546392,"Rainbow Trout",3598,"High","Cold"
"16011","Rainbow Trout",2019,22,7,97,"2019",0.0721649484536082,"Rainbow Trout",3598,"High","Cold"
"16012","Rainbow Trout",2019,33,0,97,"2019",0,"Rainbow Trout",3598,"High","Cold"
"16013","Rainbow Trout",2019,21,6,97,"2019",0.0618556701030928,"Rainbow Trout",3598,"High","Cold"
"16014","Rainbow Trout",2019,24,6,97,"2019",0.0618556701030928,"Rainbow Trout",3598,"High","Cold"
"16015","Rainbow Trout",2019,16,1,97,"2019",0.0103092783505155,"Rainbow Trout",3598,"High","Cold"
"16016","Rainbow Trout",2019,34,0,97,"2019",0,"Rainbow Trout",3598,"High","Cold"
"16017","Rainbow Trout",2019,23,1,97,"2019",0.0103092783505155,"Rainbow Trout",3598,"High","Cold"
"16018","Rainbow Trout",2019,20,4,97,"2019",0.0412371134020619,"Rainbow Trout",3598,"High","Cold"
"16019","Rainbow Trout",2019,18,3,97,"2019",0.0309278350515464,"Rainbow Trout",3598,"High","Cold"
"16020","Rainbow Trout",2019,13,25,97,"2019",0.257731958762887,"Rainbow Trout",3598,"High","Cold"
"16021","Rainbow Trout",2020,20,2,114,"2020",0.0175438596491228,"Rainbow Trout",3598,"High","Cold"
"16022","Rainbow Trout",2020,15,0,114,"2020",0,"Rainbow Trout",3598,"High","Cold"
"16023","Rainbow Trout",2020,23,9,114,"2020",0.0789473684210526,"Rainbow Trout",3598,"High","Cold"
"16024","Rainbow Trout",2020,22,5,114,"2020",0.043859649122807,"Rainbow Trout",3598,"High","Cold"
"16025","Rainbow Trout",2020,26,0,114,"2020",0,"Rainbow Trout",3598,"High","Cold"
"16026","Rainbow Trout",2020,34,0,114,"2020",0,"Rainbow Trout",3598,"High","Cold"
"16027","Rainbow Trout",2020,19,11,114,"2020",0.0964912280701754,"Rainbow Trout",3598,"High","Cold"
"16028","Rainbow Trout",2020,14,0,114,"2020",0,"Rainbow Trout",3598,"High","Cold"
"16029","Rainbow Trout",2020,33,0,114,"2020",0,"Rainbow Trout",3598,"High","Cold"
"16030","Rainbow Trout",2020,27,1,114,"2020",0.0087719298245614,"Rainbow Trout",3598,"High","Cold"
"16031","Rainbow Trout",2020,11,27,114,"2020",0.236842105263158,"Rainbow Trout",3598,"High","Cold"
"16032","Rainbow Trout",2020,29,0,114,"2020",0,"Rainbow Trout",3598,"High","Cold"
"16033","Rainbow Trout",2020,21,25,114,"2020",0.219298245614035,"Rainbow Trout",3598,"High","Cold"
"16034","Rainbow Trout",2020,32,0,114,"2020",0,"Rainbow Trout",3598,"High","Cold"
"16035","Rainbow Trout",2020,24,2,114,"2020",0.0175438596491228,"Rainbow Trout",3598,"High","Cold"
"16036","Rainbow Trout",2020,25,3,114,"2020",0.0263157894736842,"Rainbow Trout",3598,"High","Cold"
"16037","Rainbow Trout",2020,13,7,114,"2020",0.0614035087719298,"Rainbow Trout",3598,"High","Cold"
"16038","Rainbow Trout",2020,17,0,114,"2020",0,"Rainbow Trout",3598,"High","Cold"
"16039","Rainbow Trout",2020,16,1,114,"2020",0.0087719298245614,"Rainbow Trout",3598,"High","Cold"
"16040","Rainbow Trout",2020,18,6,114,"2020",0.0526315789473684,"Rainbow Trout",3598,"High","Cold"
"16041","Rainbow Trout",2020,28,0,114,"2020",0,"Rainbow Trout",3598,"High","Cold"
"16042","Rainbow Trout",2020,31,0,114,"2020",0,"Rainbow Trout",3598,"High","Cold"
"16043","Rainbow Trout",2020,30,0,114,"2020",0,"Rainbow Trout",3598,"High","Cold"
"16044","Rainbow Trout",2020,35,0,114,"2020",0,"Rainbow Trout",3598,"High","Cold"
"16045","Rainbow Trout",2020,12,15,114,"2020",0.131578947368421,"Rainbow Trout",3598,"High","Cold"
"16046","Rainbow Trout",2021,15,0,43,"2021",0,"Rainbow Trout",3598,"High","Cold"
"16047","Rainbow Trout",2021,22,1,43,"2021",0.0232558139534884,"Rainbow Trout",3598,"High","Cold"
"16048","Rainbow Trout",2021,16,2,43,"2021",0.0465116279069767,"Rainbow Trout",3598,"High","Cold"
"16049","Rainbow Trout",2021,14,0,43,"2021",0,"Rainbow Trout",3598,"High","Cold"
"16050","Rainbow Trout",2021,21,1,43,"2021",0.0232558139534884,"Rainbow Trout",3598,"High","Cold"
"16051","Rainbow Trout",2021,26,0,43,"2021",0,"Rainbow Trout",3598,"High","Cold"
"16052","Rainbow Trout",2021,23,1,43,"2021",0.0232558139534884,"Rainbow Trout",3598,"High","Cold"
"16053","Rainbow Trout",2021,13,1,43,"2021",0.0232558139534884,"Rainbow Trout",3598,"High","Cold"
"16054","Rainbow Trout",2021,20,1,43,"2021",0.0232558139534884,"Rainbow Trout",3598,"High","Cold"
"16055","Rainbow Trout",2021,29,0,43,"2021",0,"Rainbow Trout",3598,"High","Cold"
"16056","Rainbow Trout",2021,30,0,43,"2021",0,"Rainbow Trout",3598,"High","Cold"
"16057","Rainbow Trout",2021,24,0,43,"2021",0,"Rainbow Trout",3598,"High","Cold"
"16058","Rainbow Trout",2021,25,0,43,"2021",0,"Rainbow Trout",3598,"High","Cold"
"16059","Rainbow Trout",2021,19,0,43,"2021",0,"Rainbow Trout",3598,"High","Cold"
"16060","Rainbow Trout",2021,32,0,43,"2021",0,"Rainbow Trout",3598,"High","Cold"
"16061","Rainbow Trout",2021,27,0,43,"2021",0,"Rainbow Trout",3598,"High","Cold"
"16062","Rainbow Trout",2021,12,5,43,"2021",0.116279069767442,"Rainbow Trout",3598,"High","Cold"
"16063","Rainbow Trout",2021,11,25,43,"2021",0.581395348837209,"Rainbow Trout",3598,"High","Cold"
"16064","Rainbow Trout",2021,18,4,43,"2021",0.0930232558139535,"Rainbow Trout",3598,"High","Cold"
"16065","Rainbow Trout",2021,33,0,43,"2021",0,"Rainbow Trout",3598,"High","Cold"
"16066","Rainbow Trout",2021,28,0,43,"2021",0,"Rainbow Trout",3598,"High","Cold"
"16067","Rainbow Trout",2021,17,2,43,"2021",0.0465116279069767,"Rainbow Trout",3598,"High","Cold"
"16068","Rainbow Trout",2021,35,0,43,"2021",0,"Rainbow Trout",3598,"High","Cold"
"16069","Rainbow Trout",2021,31,0,43,"2021",0,"Rainbow Trout",3598,"High","Cold"
"16070","Rainbow Trout",2021,34,0,43,"2021",0,"Rainbow Trout",3598,"High","Cold"
"17157","Rudd",2016,28,0,12,"2016",0,"Rudd",260,"Mod","Cool"
"17158","Rudd",2016,22,0,12,"2016",0,"Rudd",260,"Mod","Cool"
"17159","Rudd",2016,31,0,12,"2016",0,"Rudd",260,"Mod","Cool"
"17160","Rudd",2016,26,1,12,"2016",0.0833333333333333,"Rudd",260,"Mod","Cool"
"17161","Rudd",2016,21,2,12,"2016",0.166666666666667,"Rudd",260,"Mod","Cool"
"17162","Rudd",2016,29,1,12,"2016",0.0833333333333333,"Rudd",260,"Mod","Cool"
"17163","Rudd",2016,30,0,12,"2016",0,"Rudd",260,"Mod","Cool"
"17164","Rudd",2016,20,0,12,"2016",0,"Rudd",260,"Mod","Cool"
"17165","Rudd",2016,18,1,12,"2016",0.0833333333333333,"Rudd",260,"Mod","Cool"
"17166","Rudd",2016,11,0,12,"2016",0,"Rudd",260,"Mod","Cool"
"17167","Rudd",2016,12,0,12,"2016",0,"Rudd",260,"Mod","Cool"
"17168","Rudd",2016,27,0,12,"2016",0,"Rudd",260,"Mod","Cool"
"17169","Rudd",2016,23,0,12,"2016",0,"Rudd",260,"Mod","Cool"
"17170","Rudd",2016,10,0,12,"2016",0,"Rudd",260,"Mod","Cool"
"17171","Rudd",2016,24,1,12,"2016",0.0833333333333333,"Rudd",260,"Mod","Cool"
"17172","Rudd",2016,17,1,12,"2016",0.0833333333333333,"Rudd",260,"Mod","Cool"
"17173","Rudd",2016,35,0,12,"2016",0,"Rudd",260,"Mod","Cool"
"17174","Rudd",2016,15,0,12,"2016",0,"Rudd",260,"Mod","Cool"
"17175","Rudd",2016,33,0,12,"2016",0,"Rudd",260,"Mod","Cool"
"17176","Rudd",2016,16,1,12,"2016",0.0833333333333333,"Rudd",260,"Mod","Cool"
"17177","Rudd",2016,19,3,12,"2016",0.25,"Rudd",260,"Mod","Cool"
"17178","Rudd",2016,34,0,12,"2016",0,"Rudd",260,"Mod","Cool"
"17179","Rudd",2016,32,0,12,"2016",0,"Rudd",260,"Mod","Cool"
"17180","Rudd",2016,25,1,12,"2016",0.0833333333333333,"Rudd",260,"Mod","Cool"
"17181","Rudd",2016,14,0,12,"2016",0,"Rudd",260,"Mod","Cool"
"17182","Rudd",2016,13,0,12,"2016",0,"Rudd",260,"Mod","Cool"
"17183","Rudd",2017,25,0,47,"2017",0,"Rudd",260,"Mod","Cool"
"17184","Rudd",2017,22,9,47,"2017",0.191489361702128,"Rudd",260,"Mod","Cool"
"17185","Rudd",2017,24,0,47,"2017",0,"Rudd",260,"Mod","Cool"
"17186","Rudd",2017,21,3,47,"2017",0.0638297872340425,"Rudd",260,"Mod","Cool"
"17187","Rudd",2017,18,2,47,"2017",0.0425531914893617,"Rudd",260,"Mod","Cool"
"17188","Rudd",2017,16,0,47,"2017",0,"Rudd",260,"Mod","Cool"
"17189","Rudd",2017,20,12,47,"2017",0.25531914893617,"Rudd",260,"Mod","Cool"
"17190","Rudd",2017,15,1,47,"2017",0.0212765957446809,"Rudd",260,"Mod","Cool"
"17191","Rudd",2017,17,2,47,"2017",0.0425531914893617,"Rudd",260,"Mod","Cool"
"17192","Rudd",2017,23,1,47,"2017",0.0212765957446809,"Rudd",260,"Mod","Cool"
"17193","Rudd",2017,26,0,47,"2017",0,"Rudd",260,"Mod","Cool"
"17194","Rudd",2017,14,0,47,"2017",0,"Rudd",260,"Mod","Cool"
"17195","Rudd",2017,27,1,47,"2017",0.0212765957446809,"Rudd",260,"Mod","Cool"
"17196","Rudd",2017,28,0,47,"2017",0,"Rudd",260,"Mod","Cool"
"17197","Rudd",2017,12,0,47,"2017",0,"Rudd",260,"Mod","Cool"
"17198","Rudd",2017,34,0,47,"2017",0,"Rudd",260,"Mod","Cool"
"17199","Rudd",2017,30,0,47,"2017",0,"Rudd",260,"Mod","Cool"
"17200","Rudd",2017,10,0,47,"2017",0,"Rudd",260,"Mod","Cool"
"17201","Rudd",2017,32,0,47,"2017",0,"Rudd",260,"Mod","Cool"
"17202","Rudd",2017,13,0,47,"2017",0,"Rudd",260,"Mod","Cool"
"17203","Rudd",2017,29,0,47,"2017",0,"Rudd",260,"Mod","Cool"
"17204","Rudd",2017,31,0,47,"2017",0,"Rudd",260,"Mod","Cool"
"17205","Rudd",2017,19,16,47,"2017",0.340425531914894,"Rudd",260,"Mod","Cool"
"17206","Rudd",2017,35,0,47,"2017",0,"Rudd",260,"Mod","Cool"
"17207","Rudd",2017,33,0,47,"2017",0,"Rudd",260,"Mod","Cool"
"17208","Rudd",2018,29,0,18,"2018",0,"Rudd",260,"Mod","Cool"
"17209","Rudd",2018,34,0,18,"2018",0,"Rudd",260,"Mod","Cool"
"17210","Rudd",2018,33,0,18,"2018",0,"Rudd",260,"Mod","Cool"
"17211","Rudd",2018,27,0,18,"2018",0,"Rudd",260,"Mod","Cool"
"17212","Rudd",2018,22,0,18,"2018",0,"Rudd",260,"Mod","Cool"
"17213","Rudd",2018,25,1,18,"2018",0.0555555555555556,"Rudd",260,"Mod","Cool"
"17214","Rudd",2018,26,0,18,"2018",0,"Rudd",260,"Mod","Cool"
"17215","Rudd",2018,15,0,18,"2018",0,"Rudd",260,"Mod","Cool"
"17216","Rudd",2018,18,2,18,"2018",0.111111111111111,"Rudd",260,"Mod","Cool"
"17217","Rudd",2018,28,0,18,"2018",0,"Rudd",260,"Mod","Cool"
"17218","Rudd",2018,35,0,18,"2018",0,"Rudd",260,"Mod","Cool"
"17219","Rudd",2018,30,0,18,"2018",0,"Rudd",260,"Mod","Cool"
"17220","Rudd",2018,13,0,18,"2018",0,"Rudd",260,"Mod","Cool"
"17221","Rudd",2018,10,0,18,"2018",0,"Rudd",260,"Mod","Cool"
"17222","Rudd",2018,24,1,18,"2018",0.0555555555555556,"Rudd",260,"Mod","Cool"
"17223","Rudd",2018,14,1,18,"2018",0.0555555555555556,"Rudd",260,"Mod","Cool"
"17224","Rudd",2018,12,0,18,"2018",0,"Rudd",260,"Mod","Cool"
"17225","Rudd",2018,20,0,18,"2018",0,"Rudd",260,"Mod","Cool"
"17226","Rudd",2018,23,0,18,"2018",0,"Rudd",260,"Mod","Cool"
"17227","Rudd",2018,21,0,18,"2018",0,"Rudd",260,"Mod","Cool"
"17228","Rudd",2018,19,0,18,"2018",0,"Rudd",260,"Mod","Cool"
"17229","Rudd",2018,9,0,18,"2018",0,"Rudd",260,"Mod","Cool"
"17230","Rudd",2018,31,0,18,"2018",0,"Rudd",260,"Mod","Cool"
"17231","Rudd",2018,17,13,18,"2018",0.722222222222222,"Rudd",260,"Mod","Cool"
"17232","Rudd",2018,32,0,18,"2018",0,"Rudd",260,"Mod","Cool"
"17233","Rudd",2018,16,0,18,"2018",0,"Rudd",260,"Mod","Cool"
"17234","Rudd",2019,22,0,25,"2019",0,"Rudd",260,"Mod","Cool"
"17235","Rudd",2019,24,0,25,"2019",0,"Rudd",260,"Mod","Cool"
"17236","Rudd",2019,23,1,25,"2019",0.04,"Rudd",260,"Mod","Cool"
"17237","Rudd",2019,35,0,25,"2019",0,"Rudd",260,"Mod","Cool"
"17238","Rudd",2019,25,0,25,"2019",0,"Rudd",260,"Mod","Cool"
"17239","Rudd",2019,31,0,25,"2019",0,"Rudd",260,"Mod","Cool"
"17240","Rudd",2019,13,0,25,"2019",0,"Rudd",260,"Mod","Cool"
"17241","Rudd",2019,28,1,25,"2019",0.04,"Rudd",260,"Mod","Cool"
"17242","Rudd",2019,26,0,25,"2019",0,"Rudd",260,"Mod","Cool"
"17243","Rudd",2019,34,0,25,"2019",0,"Rudd",260,"Mod","Cool"
"17244","Rudd",2019,21,3,25,"2019",0.12,"Rudd",260,"Mod","Cool"
"17245","Rudd",2019,19,0,25,"2019",0,"Rudd",260,"Mod","Cool"
"17246","Rudd",2019,30,0,25,"2019",0,"Rudd",260,"Mod","Cool"
"17247","Rudd",2019,12,0,25,"2019",0,"Rudd",260,"Mod","Cool"
"17248","Rudd",2019,27,4,25,"2019",0.16,"Rudd",260,"Mod","Cool"
"17249","Rudd",2019,29,0,25,"2019",0,"Rudd",260,"Mod","Cool"
"17250","Rudd",2019,32,0,25,"2019",0,"Rudd",260,"Mod","Cool"
"17251","Rudd",2019,11,0,25,"2019",0,"Rudd",260,"Mod","Cool"
"17252","Rudd",2019,20,3,25,"2019",0.12,"Rudd",260,"Mod","Cool"
"17253","Rudd",2019,18,0,25,"2019",0,"Rudd",260,"Mod","Cool"
"17254","Rudd",2019,14,1,25,"2019",0.04,"Rudd",260,"Mod","Cool"
"17255","Rudd",2019,17,3,25,"2019",0.12,"Rudd",260,"Mod","Cool"
"17256","Rudd",2019,33,0,25,"2019",0,"Rudd",260,"Mod","Cool"
"17257","Rudd",2019,16,1,25,"2019",0.04,"Rudd",260,"Mod","Cool"
"17258","Rudd",2019,15,8,25,"2019",0.32,"Rudd",260,"Mod","Cool"
"17259","Rudd",2020,22,2,24,"2020",0.0833333333333333,"Rudd",260,"Mod","Cool"
"17260","Rudd",2020,25,2,24,"2020",0.0833333333333333,"Rudd",260,"Mod","Cool"
"17261","Rudd",2020,32,0,24,"2020",0,"Rudd",260,"Mod","Cool"
"17262","Rudd",2020,21,4,24,"2020",0.166666666666667,"Rudd",260,"Mod","Cool"
"17263","Rudd",2020,18,3,24,"2020",0.125,"Rudd",260,"Mod","Cool"
"17264","Rudd",2020,14,3,24,"2020",0.125,"Rudd",260,"Mod","Cool"
"17265","Rudd",2020,23,0,24,"2020",0,"Rudd",260,"Mod","Cool"
"17266","Rudd",2020,15,7,24,"2020",0.291666666666667,"Rudd",260,"Mod","Cool"
"17267","Rudd",2020,28,0,24,"2020",0,"Rudd",260,"Mod","Cool"
"17268","Rudd",2020,13,0,24,"2020",0,"Rudd",260,"Mod","Cool"
"17269","Rudd",2020,16,0,24,"2020",0,"Rudd",260,"Mod","Cool"
"17270","Rudd",2020,27,0,24,"2020",0,"Rudd",260,"Mod","Cool"
"17271","Rudd",2020,11,0,24,"2020",0,"Rudd",260,"Mod","Cool"
"17272","Rudd",2020,20,0,24,"2020",0,"Rudd",260,"Mod","Cool"
"17273","Rudd",2020,24,0,24,"2020",0,"Rudd",260,"Mod","Cool"
"17274","Rudd",2020,19,2,24,"2020",0.0833333333333333,"Rudd",260,"Mod","Cool"
"17275","Rudd",2020,31,0,24,"2020",0,"Rudd",260,"Mod","Cool"
"17276","Rudd",2020,17,0,24,"2020",0,"Rudd",260,"Mod","Cool"
"17277","Rudd",2020,34,0,24,"2020",0,"Rudd",260,"Mod","Cool"
"17278","Rudd",2020,29,0,24,"2020",0,"Rudd",260,"Mod","Cool"
"17279","Rudd",2020,26,1,24,"2020",0.0416666666666667,"Rudd",260,"Mod","Cool"
"17280","Rudd",2020,30,0,24,"2020",0,"Rudd",260,"Mod","Cool"
"17281","Rudd",2020,35,0,24,"2020",0,"Rudd",260,"Mod","Cool"
"17282","Rudd",2020,12,0,24,"2020",0,"Rudd",260,"Mod","Cool"
"17283","Rudd",2020,33,0,24,"2020",0,"Rudd",260,"Mod","Cool"
"17284","Rudd",2021,18,0,54,"2021",0,"Rudd",260,"Mod","Cool"
"17285","Rudd",2021,14,1,54,"2021",0.0185185185185185,"Rudd",260,"Mod","Cool"
"17286","Rudd",2021,27,0,54,"2021",0,"Rudd",260,"Mod","Cool"
"17287","Rudd",2021,15,7,54,"2021",0.12962962962963,"Rudd",260,"Mod","Cool"
"17288","Rudd",2021,13,1,54,"2021",0.0185185185185185,"Rudd",260,"Mod","Cool"
"17289","Rudd",2021,17,3,54,"2021",0.0555555555555556,"Rudd",260,"Mod","Cool"
"17290","Rudd",2021,20,19,54,"2021",0.351851851851852,"Rudd",260,"Mod","Cool"
"17291","Rudd",2021,23,1,54,"2021",0.0185185185185185,"Rudd",260,"Mod","Cool"
"17292","Rudd",2021,16,5,54,"2021",0.0925925925925926,"Rudd",260,"Mod","Cool"
"17293","Rudd",2021,22,4,54,"2021",0.0740740740740741,"Rudd",260,"Mod","Cool"
"17294","Rudd",2021,25,0,54,"2021",0,"Rudd",260,"Mod","Cool"
"17295","Rudd",2021,31,0,54,"2021",0,"Rudd",260,"Mod","Cool"
"17296","Rudd",2021,19,2,54,"2021",0.037037037037037,"Rudd",260,"Mod","Cool"
"17297","Rudd",2021,12,1,54,"2021",0.0185185185185185,"Rudd",260,"Mod","Cool"
"17298","Rudd",2021,34,0,54,"2021",0,"Rudd",260,"Mod","Cool"
"17299","Rudd",2021,26,2,54,"2021",0.037037037037037,"Rudd",260,"Mod","Cool"
"17300","Rudd",2021,28,0,54,"2021",0,"Rudd",260,"Mod","Cool"
"17301","Rudd",2021,21,1,54,"2021",0.0185185185185185,"Rudd",260,"Mod","Cool"
"17302","Rudd",2021,11,0,54,"2021",0,"Rudd",260,"Mod","Cool"
"17303","Rudd",2021,35,0,54,"2021",0,"Rudd",260,"Mod","Cool"
"17304","Rudd",2021,32,0,54,"2021",0,"Rudd",260,"Mod","Cool"
"17305","Rudd",2021,24,7,54,"2021",0.12962962962963,"Rudd",260,"Mod","Cool"
"17306","Rudd",2021,29,0,54,"2021",0,"Rudd",260,"Mod","Cool"
"17307","Rudd",2021,30,0,54,"2021",0,"Rudd",260,"Mod","Cool"
"17308","Rudd",2021,33,0,54,"2021",0,"Rudd",260,"Mod","Cool"
"23547","White Sucker",1998,27,0,1495,"1998",0,"White Sucker",110152,"High","Cool"
"23548","White Sucker",1998,10,182,1495,"1998",0.121739130434783,"White Sucker",110152,"High","Cool"
"23549","White Sucker",1998,29,1,1495,"1998",0.000668896321070234,"White Sucker",110152,"High","Cool"
"23550","White Sucker",1998,22,8,1495,"1998",0.00535117056856187,"White Sucker",110152,"High","Cool"
"23551","White Sucker",1998,23,1,1495,"1998",0.000668896321070234,"White Sucker",110152,"High","Cool"
"23552","White Sucker",1998,35,0,1495,"1998",0,"White Sucker",110152,"High","Cool"
"23553","White Sucker",1998,32,1,1495,"1998",0.000668896321070234,"White Sucker",110152,"High","Cool"
"23554","White Sucker",1998,34,0,1495,"1998",0,"White Sucker",110152,"High","Cool"
"23555","White Sucker",1998,26,0,1495,"1998",0,"White Sucker",110152,"High","Cool"
"23556","White Sucker",1998,33,1,1495,"1998",0.000668896321070234,"White Sucker",110152,"High","Cool"
"23557","White Sucker",1998,21,22,1495,"1998",0.0147157190635452,"White Sucker",110152,"High","Cool"
"23558","White Sucker",1998,25,0,1495,"1998",0,"White Sucker",110152,"High","Cool"
"23559","White Sucker",1998,24,5,1495,"1998",0.00334448160535117,"White Sucker",110152,"High","Cool"
"23560","White Sucker",1998,31,0,1495,"1998",0,"White Sucker",110152,"High","Cool"
"23561","White Sucker",1998,18,321,1495,"1998",0.214715719063545,"White Sucker",110152,"High","Cool"
"23562","White Sucker",1998,17,122,1495,"1998",0.0816053511705686,"White Sucker",110152,"High","Cool"
"23563","White Sucker",1998,20,49,1495,"1998",0.0327759197324415,"White Sucker",110152,"High","Cool"
"23564","White Sucker",1998,28,1,1495,"1998",0.000668896321070234,"White Sucker",110152,"High","Cool"
"23565","White Sucker",1998,12,65,1495,"1998",0.0434782608695652,"White Sucker",110152,"High","Cool"
"23566","White Sucker",1998,16,44,1495,"1998",0.0294314381270903,"White Sucker",110152,"High","Cool"
"23567","White Sucker",1998,19,316,1495,"1998",0.211371237458194,"White Sucker",110152,"High","Cool"
"23568","White Sucker",1998,30,0,1495,"1998",0,"White Sucker",110152,"High","Cool"
"23569","White Sucker",1998,14,24,1495,"1998",0.0160535117056856,"White Sucker",110152,"High","Cool"
"23570","White Sucker",1998,13,314,1495,"1998",0.210033444816054,"White Sucker",110152,"High","Cool"
"23571","White Sucker",1998,15,18,1495,"1998",0.0120401337792642,"White Sucker",110152,"High","Cool"
"23572","White Sucker",2000,15,60,4945,"2000",0.0121334681496461,"White Sucker",110152,"High","Cool"
"23573","White Sucker",2000,21,21,4945,"2000",0.00424671385237614,"White Sucker",110152,"High","Cool"
"23574","White Sucker",2000,17,561,4945,"2000",0.113447927199191,"White Sucker",110152,"High","Cool"
"23575","White Sucker",2000,32,0,4945,"2000",0,"White Sucker",110152,"High","Cool"
"23576","White Sucker",2000,9,49,4945,"2000",0.00990899898887765,"White Sucker",110152,"High","Cool"
"23577","White Sucker",2000,14,322,4945,"2000",0.0651162790697674,"White Sucker",110152,"High","Cool"
"23578","White Sucker",2000,11,453,4945,"2000",0.0916076845298281,"White Sucker",110152,"High","Cool"
"23579","White Sucker",2000,16,589,4945,"2000",0.119110212335693,"White Sucker",110152,"High","Cool"
"23580","White Sucker",2000,33,0,4945,"2000",0,"White Sucker",110152,"High","Cool"
"23581","White Sucker",2000,25,0,4945,"2000",0,"White Sucker",110152,"High","Cool"
"23582","White Sucker",2000,26,0,4945,"2000",0,"White Sucker",110152,"High","Cool"
"23583","White Sucker",2000,28,0,4945,"2000",0,"White Sucker",110152,"High","Cool"
"23584","White Sucker",2000,29,0,4945,"2000",0,"White Sucker",110152,"High","Cool"
"23585","White Sucker",2000,35,0,4945,"2000",0,"White Sucker",110152,"High","Cool"
"23586","White Sucker",2000,30,0,4945,"2000",0,"White Sucker",110152,"High","Cool"
"23587","White Sucker",2000,24,6,4945,"2000",0.00121334681496461,"White Sucker",110152,"High","Cool"
"23588","White Sucker",2000,34,0,4945,"2000",0,"White Sucker",110152,"High","Cool"
"23589","White Sucker",2000,22,18,4945,"2000",0.00364004044489383,"White Sucker",110152,"High","Cool"
"23590","White Sucker",2000,19,379,4945,"2000",0.0766430738119313,"White Sucker",110152,"High","Cool"
"23591","White Sucker",2000,31,0,4945,"2000",0,"White Sucker",110152,"High","Cool"
"23592","White Sucker",2000,20,109,4945,"2000",0.0220424671385238,"White Sucker",110152,"High","Cool"
"23593","White Sucker",2000,27,0,4945,"2000",0,"White Sucker",110152,"High","Cool"
"23594","White Sucker",2000,10,551,4945,"2000",0.111425682507583,"White Sucker",110152,"High","Cool"
"23595","White Sucker",2000,13,397,4945,"2000",0.0802831142568251,"White Sucker",110152,"High","Cool"
"23596","White Sucker",2000,12,697,4945,"2000",0.140950455005056,"White Sucker",110152,"High","Cool"
"23597","White Sucker",2000,23,2,4945,"2000",0.000404448938321537,"White Sucker",110152,"High","Cool"
"23598","White Sucker",2000,18,731,4945,"2000",0.147826086956522,"White Sucker",110152,"High","Cool"
"23599","White Sucker",2001,12,615,5748,"2001",0.106993736951983,"White Sucker",110152,"High","Cool"
"23600","White Sucker",2001,25,1,5748,"2001",0.000173973556019485,"White Sucker",110152,"High","Cool"
"23601","White Sucker",2001,11,219,5748,"2001",0.0381002087682672,"White Sucker",110152,"High","Cool"
"23602","White Sucker",2001,24,12,5748,"2001",0.00208768267223382,"White Sucker",110152,"High","Cool"
"23603","White Sucker",2001,21,83,5748,"2001",0.0144398051496173,"White Sucker",110152,"High","Cool"
"23604","White Sucker",2001,16,171,5748,"2001",0.0297494780793319,"White Sucker",110152,"High","Cool"
"23605","White Sucker",2001,17,1228,5748,"2001",0.213639526791928,"White Sucker",110152,"High","Cool"
"23606","White Sucker",2001,34,0,5748,"2001",0,"White Sucker",110152,"High","Cool"
"23607","White Sucker",2001,18,785,5748,"2001",0.136569241475296,"White Sucker",110152,"High","Cool"
"23608","White Sucker",2001,35,0,5748,"2001",0,"White Sucker",110152,"High","Cool"
"23609","White Sucker",2001,33,0,5748,"2001",0,"White Sucker",110152,"High","Cool"
"23610","White Sucker",2001,14,401,5748,"2001",0.0697633959638135,"White Sucker",110152,"High","Cool"
"23611","White Sucker",2001,19,299,5748,"2001",0.052018093249826,"White Sucker",110152,"High","Cool"
"23612","White Sucker",2001,32,0,5748,"2001",0,"White Sucker",110152,"High","Cool"
"23613","White Sucker",2001,15,1624,5748,"2001",0.282533054975644,"White Sucker",110152,"High","Cool"
"23614","White Sucker",2001,23,10,5748,"2001",0.00173973556019485,"White Sucker",110152,"High","Cool"
"23615","White Sucker",2001,31,1,5748,"2001",0.000173973556019485,"White Sucker",110152,"High","Cool"
"23616","White Sucker",2001,13,113,5748,"2001",0.0196590118302018,"White Sucker",110152,"High","Cool"
"23617","White Sucker",2001,22,35,5748,"2001",0.00608907446068198,"White Sucker",110152,"High","Cool"
"23618","White Sucker",2001,28,1,5748,"2001",0.000173973556019485,"White Sucker",110152,"High","Cool"
"23619","White Sucker",2001,29,0,5748,"2001",0,"White Sucker",110152,"High","Cool"
"23620","White Sucker",2001,26,0,5748,"2001",0,"White Sucker",110152,"High","Cool"
"23621","White Sucker",2001,27,2,5748,"2001",0.00034794711203897,"White Sucker",110152,"High","Cool"
"23622","White Sucker",2001,20,148,5748,"2001",0.0257480862908838,"White Sucker",110152,"High","Cool"
"23623","White Sucker",2001,30,0,5748,"2001",0,"White Sucker",110152,"High","Cool"
"23624","White Sucker",2002,33,0,8176,"2002",0,"White Sucker",110152,"High","Cool"
"23625","White Sucker",2002,12,198,8176,"2002",0.0242172211350294,"White Sucker",110152,"High","Cool"
"23626","White Sucker",2002,16,1796,8176,"2002",0.219667318982387,"White Sucker",110152,"High","Cool"
"23627","White Sucker",2002,10,320,8176,"2002",0.0391389432485323,"White Sucker",110152,"High","Cool"
"23628","White Sucker",2002,15,2391,8176,"2002",0.292441291585127,"White Sucker",110152,"High","Cool"
"23629","White Sucker",2002,34,0,8176,"2002",0,"White Sucker",110152,"High","Cool"
"23630","White Sucker",2002,22,134,8176,"2002",0.0163894324853229,"White Sucker",110152,"High","Cool"
"23631","White Sucker",2002,13,18,8176,"2002",0.00220156555772994,"White Sucker",110152,"High","Cool"
"23632","White Sucker",2002,14,634,8176,"2002",0.0775440313111546,"White Sucker",110152,"High","Cool"
"23633","White Sucker",2002,18,913,8176,"2002",0.111668297455969,"White Sucker",110152,"High","Cool"
"23634","White Sucker",2002,32,0,8176,"2002",0,"White Sucker",110152,"High","Cool"
"23635","White Sucker",2002,26,3,8176,"2002",0.00036692759295499,"White Sucker",110152,"High","Cool"
"23636","White Sucker",2002,25,4,8176,"2002",0.000489236790606654,"White Sucker",110152,"High","Cool"
"23637","White Sucker",2002,17,459,8176,"2002",0.0561399217221135,"White Sucker",110152,"High","Cool"
"23638","White Sucker",2002,21,107,8176,"2002",0.013087084148728,"White Sucker",110152,"High","Cool"
"23639","White Sucker",2002,29,0,8176,"2002",0,"White Sucker",110152,"High","Cool"
"23640","White Sucker",2002,35,0,8176,"2002",0,"White Sucker",110152,"High","Cool"
"23641","White Sucker",2002,20,367,8176,"2002",0.0448874755381605,"White Sucker",110152,"High","Cool"
"23642","White Sucker",2002,31,0,8176,"2002",0,"White Sucker",110152,"High","Cool"
"23643","White Sucker",2002,28,0,8176,"2002",0,"White Sucker",110152,"High","Cool"
"23644","White Sucker",2002,11,327,8176,"2002",0.0399951076320939,"White Sucker",110152,"High","Cool"
"23645","White Sucker",2002,19,458,8176,"2002",0.0560176125244618,"White Sucker",110152,"High","Cool"
"23646","White Sucker",2002,27,0,8176,"2002",0,"White Sucker",110152,"High","Cool"
"23647","White Sucker",2002,30,0,8176,"2002",0,"White Sucker",110152,"High","Cool"
"23648","White Sucker",2002,23,39,8176,"2002",0.00477005870841487,"White Sucker",110152,"High","Cool"
"23649","White Sucker",2002,24,8,8176,"2002",0.000978473581213307,"White Sucker",110152,"High","Cool"
"23722","White Sucker",2006,18,137,1809,"2006",0.0757324488667772,"White Sucker",110152,"High","Cool"
"23723","White Sucker",2006,29,0,1809,"2006",0,"White Sucker",110152,"High","Cool"
"23724","White Sucker",2006,24,25,1809,"2006",0.0138197899391929,"White Sucker",110152,"High","Cool"
"23725","White Sucker",2006,13,189,1809,"2006",0.104477611940299,"White Sucker",110152,"High","Cool"
"23726","White Sucker",2006,20,166,1809,"2006",0.091763405196241,"White Sucker",110152,"High","Cool"
"23727","White Sucker",2006,12,7,1809,"2006",0.00386954118297402,"White Sucker",110152,"High","Cool"
"23728","White Sucker",2006,19,147,1809,"2006",0.0812603648424544,"White Sucker",110152,"High","Cool"
"23729","White Sucker",2006,17,328,1809,"2006",0.181315644002211,"White Sucker",110152,"High","Cool"
"23730","White Sucker",2006,11,85,1809,"2006",0.0469872857932559,"White Sucker",110152,"High","Cool"
"23731","White Sucker",2006,16,185,1809,"2006",0.102266445550028,"White Sucker",110152,"High","Cool"
"23732","White Sucker",2006,14,173,1809,"2006",0.095632946379215,"White Sucker",110152,"High","Cool"
"23733","White Sucker",2006,28,3,1809,"2006",0.00165837479270315,"White Sucker",110152,"High","Cool"
"23734","White Sucker",2006,21,43,1809,"2006",0.0237700386954118,"White Sucker",110152,"High","Cool"
"23735","White Sucker",2006,32,0,1809,"2006",0,"White Sucker",110152,"High","Cool"
"23736","White Sucker",2006,33,0,1809,"2006",0,"White Sucker",110152,"High","Cool"
"23737","White Sucker",2006,15,199,1809,"2006",0.110005527915976,"White Sucker",110152,"High","Cool"
"23738","White Sucker",2006,34,0,1809,"2006",0,"White Sucker",110152,"High","Cool"
"23739","White Sucker",2006,30,0,1809,"2006",0,"White Sucker",110152,"High","Cool"
"23740","White Sucker",2006,23,32,1809,"2006",0.0176893311221669,"White Sucker",110152,"High","Cool"
"23741","White Sucker",2006,31,0,1809,"2006",0,"White Sucker",110152,"High","Cool"
"23742","White Sucker",2006,25,6,1809,"2006",0.0033167495854063,"White Sucker",110152,"High","Cool"
"23743","White Sucker",2006,27,0,1809,"2006",0,"White Sucker",110152,"High","Cool"
"23744","White Sucker",2006,35,0,1809,"2006",0,"White Sucker",110152,"High","Cool"
"23745","White Sucker",2006,26,10,1809,"2006",0.00552791597567717,"White Sucker",110152,"High","Cool"
"23746","White Sucker",2006,22,74,1809,"2006",0.0409065782200111,"White Sucker",110152,"High","Cool"
"23794","White Sucker",2009,11,49,3329,"2009",0.0147191348753379,"White Sucker",110152,"High","Cool"
"23795","White Sucker",2009,13,165,3329,"2009",0.0495644337638931,"White Sucker",110152,"High","Cool"
"23796","White Sucker",2009,30,5,3329,"2009",0.00150195253829979,"White Sucker",110152,"High","Cool"
"23797","White Sucker",2009,27,6,3329,"2009",0.00180234304595975,"White Sucker",110152,"High","Cool"
"23798","White Sucker",2009,14,960,3329,"2009",0.28837488735356,"White Sucker",110152,"High","Cool"
"23799","White Sucker",2009,12,313,3329,"2009",0.0940222288975668,"White Sucker",110152,"High","Cool"
"23800","White Sucker",2009,16,332,3329,"2009",0.099729648543106,"White Sucker",110152,"High","Cool"
"23801","White Sucker",2009,18,282,3329,"2009",0.0847101231601081,"White Sucker",110152,"High","Cool"
"23802","White Sucker",2009,19,172,3329,"2009",0.0516671673175128,"White Sucker",110152,"High","Cool"
"23803","White Sucker",2009,32,0,3329,"2009",0,"White Sucker",110152,"High","Cool"
"23804","White Sucker",2009,23,55,3329,"2009",0.0165214779212977,"White Sucker",110152,"High","Cool"
"23805","White Sucker",2009,17,483,3329,"2009",0.14508861519976,"White Sucker",110152,"High","Cool"
"23806","White Sucker",2009,26,8,3329,"2009",0.00240312406127966,"White Sucker",110152,"High","Cool"
"23807","White Sucker",2009,21,211,3329,"2009",0.0633823971162511,"White Sucker",110152,"High","Cool"
"23808","White Sucker",2009,33,0,3329,"2009",0,"White Sucker",110152,"High","Cool"
"23809","White Sucker",2009,24,16,3329,"2009",0.00480624812255933,"White Sucker",110152,"High","Cool"
"23810","White Sucker",2009,20,69,3329,"2009",0.0207269450285371,"White Sucker",110152,"High","Cool"
"23811","White Sucker",2009,31,0,3329,"2009",0,"White Sucker",110152,"High","Cool"
"23812","White Sucker",2009,15,74,3329,"2009",0.0222288975668369,"White Sucker",110152,"High","Cool"
"23813","White Sucker",2009,25,10,3329,"2009",0.00300390507659958,"White Sucker",110152,"High","Cool"
"23814","White Sucker",2009,35,0,3329,"2009",0,"White Sucker",110152,"High","Cool"
"23815","White Sucker",2009,22,118,3329,"2009",0.035446079903875,"White Sucker",110152,"High","Cool"
"23816","White Sucker",2009,29,1,3329,"2009",0.000300390507659958,"White Sucker",110152,"High","Cool"
"23817","White Sucker",2009,28,0,3329,"2009",0,"White Sucker",110152,"High","Cool"
"23818","White Sucker",2009,34,0,3329,"2009",0,"White Sucker",110152,"High","Cool"
"23819","White Sucker",2010,19,105,3047,"2010",0.0344601247128323,"White Sucker",110152,"High","Cool"
"23820","White Sucker",2010,15,401,3047,"2010",0.131604857236626,"White Sucker",110152,"High","Cool"
"23821","White Sucker",2010,30,0,3047,"2010",0,"White Sucker",110152,"High","Cool"
"23822","White Sucker",2010,31,2,3047,"2010",0.000656383327863472,"White Sucker",110152,"High","Cool"
"23823","White Sucker",2010,25,1,3047,"2010",0.000328191663931736,"White Sucker",110152,"High","Cool"
"23824","White Sucker",2010,22,95,3047,"2010",0.0311782080735149,"White Sucker",110152,"High","Cool"
"23825","White Sucker",2010,33,1,3047,"2010",0.000328191663931736,"White Sucker",110152,"High","Cool"
"23826","White Sucker",2010,13,137,3047,"2010",0.0449622579586478,"White Sucker",110152,"High","Cool"
"23827","White Sucker",2010,18,280,3047,"2010",0.0918936659008861,"White Sucker",110152,"High","Cool"
"23828","White Sucker",2010,26,6,3047,"2010",0.00196914998359042,"White Sucker",110152,"High","Cool"
"23829","White Sucker",2010,21,100,3047,"2010",0.0328191663931736,"White Sucker",110152,"High","Cool"
"23830","White Sucker",2010,35,0,3047,"2010",0,"White Sucker",110152,"High","Cool"
"23831","White Sucker",2010,16,234,3047,"2010",0.0767968493600263,"White Sucker",110152,"High","Cool"
"23832","White Sucker",2010,20,70,3047,"2010",0.0229734164752215,"White Sucker",110152,"High","Cool"
"23833","White Sucker",2010,32,0,3047,"2010",0,"White Sucker",110152,"High","Cool"
"23834","White Sucker",2010,34,0,3047,"2010",0,"White Sucker",110152,"High","Cool"
"23835","White Sucker",2010,24,2,3047,"2010",0.000656383327863472,"White Sucker",110152,"High","Cool"
"23836","White Sucker",2010,14,765,3047,"2010",0.251066622907778,"White Sucker",110152,"High","Cool"
"23837","White Sucker",2010,11,275,3047,"2010",0.0902527075812274,"White Sucker",110152,"High","Cool"
"23838","White Sucker",2010,12,326,3047,"2010",0.106990482441746,"White Sucker",110152,"High","Cool"
"23839","White Sucker",2010,28,2,3047,"2010",0.000656383327863472,"White Sucker",110152,"High","Cool"
"23840","White Sucker",2010,29,1,3047,"2010",0.000328191663931736,"White Sucker",110152,"High","Cool"
"23841","White Sucker",2010,27,0,3047,"2010",0,"White Sucker",110152,"High","Cool"
"23842","White Sucker",2010,23,37,3047,"2010",0.0121430915654742,"White Sucker",110152,"High","Cool"
"23843","White Sucker",2010,17,207,3047,"2010",0.0679356744338694,"White Sucker",110152,"High","Cool"
"23844","White Sucker",2011,14,2518,5619,"2011",0.448122441715608,"White Sucker",110152,"High","Cool"
"23845","White Sucker",2011,20,375,5619,"2011",0.0667378537106247,"White Sucker",110152,"High","Cool"
"23846","White Sucker",2011,16,387,5619,"2011",0.0688734650293647,"White Sucker",110152,"High","Cool"
"23847","White Sucker",2011,11,19,5619,"2011",0.00338138458800498,"White Sucker",110152,"High","Cool"
"23848","White Sucker",2011,26,9,5619,"2011",0.00160170848905499,"White Sucker",110152,"High","Cool"
"23849","White Sucker",2011,31,0,5619,"2011",0,"White Sucker",110152,"High","Cool"
"23850","White Sucker",2011,13,31,5619,"2011",0.00551699590674497,"White Sucker",110152,"High","Cool"
"23851","White Sucker",2011,27,1,5619,"2011",0.000177967609894999,"White Sucker",110152,"High","Cool"
"23852","White Sucker",2011,15,612,5619,"2011",0.108916177255739,"White Sucker",110152,"High","Cool"
"23853","White Sucker",2011,12,80,5619,"2011",0.0142374087915999,"White Sucker",110152,"High","Cool"
"23854","White Sucker",2011,35,1,5619,"2011",0.000177967609894999,"White Sucker",110152,"High","Cool"
"23855","White Sucker",2011,22,260,5619,"2011",0.0462715785726998,"White Sucker",110152,"High","Cool"
"23856","White Sucker",2011,29,1,5619,"2011",0.000177967609894999,"White Sucker",110152,"High","Cool"
"23857","White Sucker",2011,33,1,5619,"2011",0.000177967609894999,"White Sucker",110152,"High","Cool"
"23858","White Sucker",2011,28,0,5619,"2011",0,"White Sucker",110152,"High","Cool"
"23859","White Sucker",2011,19,376,5619,"2011",0.0669158213205197,"White Sucker",110152,"High","Cool"
"23860","White Sucker",2011,21,185,5619,"2011",0.0329240078305748,"White Sucker",110152,"High","Cool"
"23861","White Sucker",2011,17,312,5619,"2011",0.0555258942872397,"White Sucker",110152,"High","Cool"
"23862","White Sucker",2011,30,1,5619,"2011",0.000177967609894999,"White Sucker",110152,"High","Cool"
"23863","White Sucker",2011,34,1,5619,"2011",0.000177967609894999,"White Sucker",110152,"High","Cool"
"23864","White Sucker",2011,32,1,5619,"2011",0.000177967609894999,"White Sucker",110152,"High","Cool"
"23865","White Sucker",2011,25,20,5619,"2011",0.00355935219789998,"White Sucker",110152,"High","Cool"
"23866","White Sucker",2011,18,242,5619,"2011",0.0430681615945898,"White Sucker",110152,"High","Cool"
"23867","White Sucker",2011,24,48,5619,"2011",0.00854244527495996,"White Sucker",110152,"High","Cool"
"23868","White Sucker",2011,23,138,5619,"2011",0.0245595301655099,"White Sucker",110152,"High","Cool"
"23869","White Sucker",2012,17,107,2564,"2012",0.0417316692667707,"White Sucker",110152,"High","Cool"
"23870","White Sucker",2012,16,177,2564,"2012",0.0690327613104524,"White Sucker",110152,"High","Cool"
"23871","White Sucker",2012,35,0,2564,"2012",0,"White Sucker",110152,"High","Cool"
"23872","White Sucker",2012,29,0,2564,"2012",0,"White Sucker",110152,"High","Cool"
"23873","White Sucker",2012,15,44,2564,"2012",0.0171606864274571,"White Sucker",110152,"High","Cool"
"23874","White Sucker",2012,10,175,2564,"2012",0.0682527301092044,"White Sucker",110152,"High","Cool"
"23875","White Sucker",2012,13,92,2564,"2012",0.0358814352574103,"White Sucker",110152,"High","Cool"
"23876","White Sucker",2012,18,167,2564,"2012",0.0651326053042122,"White Sucker",110152,"High","Cool"
"23877","White Sucker",2012,20,153,2564,"2012",0.0596723868954758,"White Sucker",110152,"High","Cool"
"23878","White Sucker",2012,25,3,2564,"2012",0.00117004680187207,"White Sucker",110152,"High","Cool"
"23879","White Sucker",2012,23,16,2564,"2012",0.0062402496099844,"White Sucker",110152,"High","Cool"
"23880","White Sucker",2012,31,0,2564,"2012",0,"White Sucker",110152,"High","Cool"
"23881","White Sucker",2012,12,321,2564,"2012",0.125195007800312,"White Sucker",110152,"High","Cool"
"23882","White Sucker",2012,11,802,2564,"2012",0.312792511700468,"White Sucker",110152,"High","Cool"
"23883","White Sucker",2012,34,0,2564,"2012",0,"White Sucker",110152,"High","Cool"
"23884","White Sucker",2012,30,0,2564,"2012",0,"White Sucker",110152,"High","Cool"
"23885","White Sucker",2012,24,3,2564,"2012",0.00117004680187207,"White Sucker",110152,"High","Cool"
"23886","White Sucker",2012,14,97,2564,"2012",0.0378315132605304,"White Sucker",110152,"High","Cool"
"23887","White Sucker",2012,33,0,2564,"2012",0,"White Sucker",110152,"High","Cool"
"23888","White Sucker",2012,26,1,2564,"2012",0.000390015600624025,"White Sucker",110152,"High","Cool"
"23889","White Sucker",2012,28,0,2564,"2012",0,"White Sucker",110152,"High","Cool"
"23890","White Sucker",2012,21,112,2564,"2012",0.0436817472698908,"White Sucker",110152,"High","Cool"
"23891","White Sucker",2012,32,0,2564,"2012",0,"White Sucker",110152,"High","Cool"
"23892","White Sucker",2012,27,0,2564,"2012",0,"White Sucker",110152,"High","Cool"
"23893","White Sucker",2012,19,256,2564,"2012",0.0998439937597504,"White Sucker",110152,"High","Cool"
"23894","White Sucker",2012,22,38,2564,"2012",0.0148205928237129,"White Sucker",110152,"High","Cool"
"23895","White Sucker",2013,21,196,5296,"2013",0.0370090634441088,"White Sucker",110152,"High","Cool"
"23896","White Sucker",2013,22,118,5296,"2013",0.0222809667673716,"White Sucker",110152,"High","Cool"
"23897","White Sucker",2013,20,153,5296,"2013",0.0288897280966767,"White Sucker",110152,"High","Cool"
"23898","White Sucker",2013,23,50,5296,"2013",0.00944108761329305,"White Sucker",110152,"High","Cool"
"23899","White Sucker",2013,24,11,5296,"2013",0.00207703927492447,"White Sucker",110152,"High","Cool"
"23900","White Sucker",2013,17,153,5296,"2013",0.0288897280966767,"White Sucker",110152,"High","Cool"
"23901","White Sucker",2013,16,743,5296,"2013",0.140294561933535,"White Sucker",110152,"High","Cool"
"23902","White Sucker",2013,19,815,5296,"2013",0.153889728096677,"White Sucker",110152,"High","Cool"
"23903","White Sucker",2013,31,0,5296,"2013",0,"White Sucker",110152,"High","Cool"
"23904","White Sucker",2013,29,0,5296,"2013",0,"White Sucker",110152,"High","Cool"
"23905","White Sucker",2013,26,0,5296,"2013",0,"White Sucker",110152,"High","Cool"
"23906","White Sucker",2013,27,1,5296,"2013",0.000188821752265861,"White Sucker",110152,"High","Cool"
"23907","White Sucker",2013,18,663,5296,"2013",0.125188821752266,"White Sucker",110152,"High","Cool"
"23908","White Sucker",2013,28,1,5296,"2013",0.000188821752265861,"White Sucker",110152,"High","Cool"
"23909","White Sucker",2013,32,0,5296,"2013",0,"White Sucker",110152,"High","Cool"
"23910","White Sucker",2013,12,1,5296,"2013",0.000188821752265861,"White Sucker",110152,"High","Cool"
"23911","White Sucker",2013,30,0,5296,"2013",0,"White Sucker",110152,"High","Cool"
"23912","White Sucker",2013,11,139,5296,"2013",0.0262462235649547,"White Sucker",110152,"High","Cool"
"23913","White Sucker",2013,15,1228,5296,"2013",0.231873111782477,"White Sucker",110152,"High","Cool"
"23914","White Sucker",2013,25,0,5296,"2013",0,"White Sucker",110152,"High","Cool"
"23915","White Sucker",2013,33,1,5296,"2013",0.000188821752265861,"White Sucker",110152,"High","Cool"
"23916","White Sucker",2013,13,299,5296,"2013",0.0564577039274924,"White Sucker",110152,"High","Cool"
"23917","White Sucker",2013,35,0,5296,"2013",0,"White Sucker",110152,"High","Cool"
"23918","White Sucker",2013,14,724,5296,"2013",0.136706948640483,"White Sucker",110152,"High","Cool"
"23919","White Sucker",2013,34,0,5296,"2013",0,"White Sucker",110152,"High","Cool"
"23966","White Sucker",2016,11,906,4430,"2016",0.20451467268623,"White Sucker",110152,"High","Cool"
"23967","White Sucker",2016,13,371,4430,"2016",0.0837471783295711,"White Sucker",110152,"High","Cool"
"23968","White Sucker",2016,24,6,4430,"2016",0.00135440180586907,"White Sucker",110152,"High","Cool"
"23969","White Sucker",2016,34,0,4430,"2016",0,"White Sucker",110152,"High","Cool"
"23970","White Sucker",2016,31,0,4430,"2016",0,"White Sucker",110152,"High","Cool"
"23971","White Sucker",2016,14,672,4430,"2016",0.151693002257336,"White Sucker",110152,"High","Cool"
"23972","White Sucker",2016,29,1,4430,"2016",0.000225733634311512,"White Sucker",110152,"High","Cool"
"23973","White Sucker",2016,10,19,4430,"2016",0.00428893905191874,"White Sucker",110152,"High","Cool"
"23974","White Sucker",2016,15,5,4430,"2016",0.00112866817155756,"White Sucker",110152,"High","Cool"
"23975","White Sucker",2016,28,1,4430,"2016",0.000225733634311512,"White Sucker",110152,"High","Cool"
"23976","White Sucker",2016,21,196,4430,"2016",0.0442437923250564,"White Sucker",110152,"High","Cool"
"23977","White Sucker",2016,33,0,4430,"2016",0,"White Sucker",110152,"High","Cool"
"23978","White Sucker",2016,22,136,4430,"2016",0.0306997742663657,"White Sucker",110152,"High","Cool"
"23979","White Sucker",2016,35,0,4430,"2016",0,"White Sucker",110152,"High","Cool"
"23980","White Sucker",2016,32,0,4430,"2016",0,"White Sucker",110152,"High","Cool"
"23981","White Sucker",2016,19,340,4430,"2016",0.0767494356659142,"White Sucker",110152,"High","Cool"
"23982","White Sucker",2016,25,20,4430,"2016",0.00451467268623025,"White Sucker",110152,"High","Cool"
"23983","White Sucker",2016,26,4,4430,"2016",0.00090293453724605,"White Sucker",110152,"High","Cool"
"23984","White Sucker",2016,30,1,4430,"2016",0.000225733634311512,"White Sucker",110152,"High","Cool"
"23985","White Sucker",2016,12,441,4430,"2016",0.099548532731377,"White Sucker",110152,"High","Cool"
"23986","White Sucker",2016,20,209,4430,"2016",0.0471783295711061,"White Sucker",110152,"High","Cool"
"23987","White Sucker",2016,23,52,4430,"2016",0.0117381489841986,"White Sucker",110152,"High","Cool"
"23988","White Sucker",2016,16,437,4430,"2016",0.0986455981941309,"White Sucker",110152,"High","Cool"
"23989","White Sucker",2016,17,470,4430,"2016",0.106094808126411,"White Sucker",110152,"High","Cool"
"23990","White Sucker",2016,18,142,4430,"2016",0.0320541760722348,"White Sucker",110152,"High","Cool"
"23991","White Sucker",2016,27,1,4430,"2016",0.000225733634311512,"White Sucker",110152,"High","Cool"
"23992","White Sucker",2017,16,457,3266,"2017",0.139926515615432,"White Sucker",110152,"High","Cool"
"23993","White Sucker",2017,12,27,3266,"2017",0.00826699326393142,"White Sucker",110152,"High","Cool"
"23994","White Sucker",2017,17,214,3266,"2017",0.065523576240049,"White Sucker",110152,"High","Cool"
"23995","White Sucker",2017,19,19,3266,"2017",0.00581751377832211,"White Sucker",110152,"High","Cool"
"23996","White Sucker",2017,20,47,3266,"2017",0.0143906919779547,"White Sucker",110152,"High","Cool"
"23997","White Sucker",2017,13,362,3266,"2017",0.110838946723821,"White Sucker",110152,"High","Cool"
"23998","White Sucker",2017,21,17,3266,"2017",0.00520514390691978,"White Sucker",110152,"High","Cool"
"23999","White Sucker",2017,14,1208,3266,"2017",0.369871402327005,"White Sucker",110152,"High","Cool"
"24000","White Sucker",2017,23,29,3266,"2017",0.00887936313533374,"White Sucker",110152,"High","Cool"
"24001","White Sucker",2017,10,73,3266,"2017",0.0223515003061849,"White Sucker",110152,"High","Cool"
"24002","White Sucker",2017,15,535,3266,"2017",0.163808940600122,"White Sucker",110152,"High","Cool"
"24003","White Sucker",2017,27,0,3266,"2017",0,"White Sucker",110152,"High","Cool"
"24004","White Sucker",2017,18,253,3266,"2017",0.0774647887323944,"White Sucker",110152,"High","Cool"
"24005","White Sucker",2017,30,0,3266,"2017",0,"White Sucker",110152,"High","Cool"
"24006","White Sucker",2017,26,1,3266,"2017",0.000306184935701164,"White Sucker",110152,"High","Cool"
"24007","White Sucker",2017,31,0,3266,"2017",0,"White Sucker",110152,"High","Cool"
"24008","White Sucker",2017,24,12,3266,"2017",0.00367421922841396,"White Sucker",110152,"High","Cool"
"24009","White Sucker",2017,29,0,3266,"2017",0,"White Sucker",110152,"High","Cool"
"24010","White Sucker",2017,25,3,3266,"2017",0.000918554807103491,"White Sucker",110152,"High","Cool"
"24011","White Sucker",2017,35,0,3266,"2017",0,"White Sucker",110152,"High","Cool"
"24012","White Sucker",2017,28,0,3266,"2017",0,"White Sucker",110152,"High","Cool"
"24013","White Sucker",2017,32,0,3266,"2017",0,"White Sucker",110152,"High","Cool"
"24014","White Sucker",2017,22,9,3266,"2017",0.00275566442131047,"White Sucker",110152,"High","Cool"
"24015","White Sucker",2017,34,0,3266,"2017",0,"White Sucker",110152,"High","Cool"
"24016","White Sucker",2017,33,0,3266,"2017",0,"White Sucker",110152,"High","Cool"
"24017","White Sucker",2018,22,163,5146,"2018",0.0316750874465604,"White Sucker",110152,"High","Cool"
"24018","White Sucker",2018,17,829,5146,"2018",0.161095996890789,"White Sucker",110152,"High","Cool"
"24019","White Sucker",2018,14,1063,5146,"2018",0.20656820831714,"White Sucker",110152,"High","Cool"
"24020","White Sucker",2018,16,1098,5146,"2018",0.213369607462106,"White Sucker",110152,"High","Cool"
"24021","White Sucker",2018,15,163,5146,"2018",0.0316750874465604,"White Sucker",110152,"High","Cool"
"24022","White Sucker",2018,21,107,5146,"2018",0.0207928488146133,"White Sucker",110152,"High","Cool"
"24023","White Sucker",2018,30,1,5146,"2018",0.000194325689856199,"White Sucker",110152,"High","Cool"
"24024","White Sucker",2018,31,0,5146,"2018",0,"White Sucker",110152,"High","Cool"
"24025","White Sucker",2018,18,367,5146,"2018",0.071317528177225,"White Sucker",110152,"High","Cool"
"24026","White Sucker",2018,9,17,5146,"2018",0.00330353672755538,"White Sucker",110152,"High","Cool"
"24027","White Sucker",2018,24,5,5146,"2018",0.000971628449280995,"White Sucker",110152,"High","Cool"
"24028","White Sucker",2018,26,4,5146,"2018",0.000777302759424796,"White Sucker",110152,"High","Cool"
"24029","White Sucker",2018,32,0,5146,"2018",0,"White Sucker",110152,"High","Cool"
"24030","White Sucker",2018,20,409,5146,"2018",0.0794792071511854,"White Sucker",110152,"High","Cool"
"24031","White Sucker",2018,13,57,5146,"2018",0.0110765643218033,"White Sucker",110152,"High","Cool"
"24032","White Sucker",2018,29,0,5146,"2018",0,"White Sucker",110152,"High","Cool"
"24033","White Sucker",2018,10,3,5146,"2018",0.000582977069568597,"White Sucker",110152,"High","Cool"
"24034","White Sucker",2018,12,1,5146,"2018",0.000194325689856199,"White Sucker",110152,"High","Cool"
"24035","White Sucker",2018,19,833,5146,"2018",0.161873299650214,"White Sucker",110152,"High","Cool"
"24036","White Sucker",2018,33,0,5146,"2018",0,"White Sucker",110152,"High","Cool"
"24037","White Sucker",2018,27,0,5146,"2018",0,"White Sucker",110152,"High","Cool"
"24038","White Sucker",2018,25,7,5146,"2018",0.00136027982899339,"White Sucker",110152,"High","Cool"
"24039","White Sucker",2018,23,19,5146,"2018",0.00369218810726778,"White Sucker",110152,"High","Cool"
"24040","White Sucker",2018,35,0,5146,"2018",0,"White Sucker",110152,"High","Cool"
"24041","White Sucker",2018,28,0,5146,"2018",0,"White Sucker",110152,"High","Cool"
"24042","White Sucker",2018,34,0,5146,"2018",0,"White Sucker",110152,"High","Cool"
"24043","White Sucker",2019,18,399,5680,"2019",0.0702464788732394,"White Sucker",110152,"High","Cool"
"24044","White Sucker",2019,26,11,5680,"2019",0.00193661971830986,"White Sucker",110152,"High","Cool"
"24045","White Sucker",2019,22,353,5680,"2019",0.0621478873239437,"White Sucker",110152,"High","Cool"
"24046","White Sucker",2019,29,2,5680,"2019",0.000352112676056338,"White Sucker",110152,"High","Cool"
"24047","White Sucker",2019,31,0,5680,"2019",0,"White Sucker",110152,"High","Cool"
"24048","White Sucker",2019,21,162,5680,"2019",0.0285211267605634,"White Sucker",110152,"High","Cool"
"24049","White Sucker",2019,23,66,5680,"2019",0.0116197183098592,"White Sucker",110152,"High","Cool"
"24050","White Sucker",2019,33,0,5680,"2019",0,"White Sucker",110152,"High","Cool"
"24051","White Sucker",2019,27,22,5680,"2019",0.00387323943661972,"White Sucker",110152,"High","Cool"
"24052","White Sucker",2019,19,730,5680,"2019",0.128521126760563,"White Sucker",110152,"High","Cool"
"24053","White Sucker",2019,11,3,5680,"2019",0.000528169014084507,"White Sucker",110152,"High","Cool"
"24054","White Sucker",2019,15,1197,5680,"2019",0.210739436619718,"White Sucker",110152,"High","Cool"
"24055","White Sucker",2019,35,0,5680,"2019",0,"White Sucker",110152,"High","Cool"
"24056","White Sucker",2019,32,4,5680,"2019",0.000704225352112676,"White Sucker",110152,"High","Cool"
"24057","White Sucker",2019,28,2,5680,"2019",0.000352112676056338,"White Sucker",110152,"High","Cool"
"24058","White Sucker",2019,14,825,5680,"2019",0.145246478873239,"White Sucker",110152,"High","Cool"
"24059","White Sucker",2019,20,79,5680,"2019",0.0139084507042254,"White Sucker",110152,"High","Cool"
"24060","White Sucker",2019,17,432,5680,"2019",0.076056338028169,"White Sucker",110152,"High","Cool"
"24061","White Sucker",2019,25,2,5680,"2019",0.000352112676056338,"White Sucker",110152,"High","Cool"
"24062","White Sucker",2019,13,399,5680,"2019",0.0702464788732394,"White Sucker",110152,"High","Cool"
"24063","White Sucker",2019,30,0,5680,"2019",0,"White Sucker",110152,"High","Cool"
"24064","White Sucker",2019,34,0,5680,"2019",0,"White Sucker",110152,"High","Cool"
"24065","White Sucker",2019,16,749,5680,"2019",0.131866197183099,"White Sucker",110152,"High","Cool"
"24066","White Sucker",2019,24,34,5680,"2019",0.00598591549295775,"White Sucker",110152,"High","Cool"
"24067","White Sucker",2019,12,209,5680,"2019",0.0367957746478873,"White Sucker",110152,"High","Cool"
"24068","White Sucker",2020,17,29,2327,"2020",0.0124623979372583,"White Sucker",110152,"High","Cool"
"24069","White Sucker",2020,12,61,2327,"2020",0.0262140094542329,"White Sucker",110152,"High","Cool"
"24070","White Sucker",2020,22,374,2327,"2020",0.160721959604641,"White Sucker",110152,"High","Cool"
"24071","White Sucker",2020,15,284,2327,"2020",0.12204555221315,"White Sucker",110152,"High","Cool"
"24072","White Sucker",2020,21,400,2327,"2020",0.171895143962183,"White Sucker",110152,"High","Cool"
"24073","White Sucker",2020,18,214,2327,"2020",0.0919639020197679,"White Sucker",110152,"High","Cool"
"24074","White Sucker",2020,30,0,2327,"2020",0,"White Sucker",110152,"High","Cool"
"24075","White Sucker",2020,19,105,2327,"2020",0.0451224752900731,"White Sucker",110152,"High","Cool"
"24076","White Sucker",2020,16,62,2327,"2020",0.0266437473141384,"White Sucker",110152,"High","Cool"
"24077","White Sucker",2020,13,301,2327,"2020",0.129351095831543,"White Sucker",110152,"High","Cool"
"24078","White Sucker",2020,24,53,2327,"2020",0.0227761065749893,"White Sucker",110152,"High","Cool"
"24079","White Sucker",2020,31,0,2327,"2020",0,"White Sucker",110152,"High","Cool"
"24080","White Sucker",2020,23,40,2327,"2020",0.0171895143962183,"White Sucker",110152,"High","Cool"
"24081","White Sucker",2020,25,13,2327,"2020",0.00558659217877095,"White Sucker",110152,"High","Cool"
"24082","White Sucker",2020,28,0,2327,"2020",0,"White Sucker",110152,"High","Cool"
"24083","White Sucker",2020,26,4,2327,"2020",0.00171895143962183,"White Sucker",110152,"High","Cool"
"24084","White Sucker",2020,14,202,2327,"2020",0.0868070477009024,"White Sucker",110152,"High","Cool"
"24085","White Sucker",2020,20,78,2327,"2020",0.0335195530726257,"White Sucker",110152,"High","Cool"
"24086","White Sucker",2020,27,0,2327,"2020",0,"White Sucker",110152,"High","Cool"
"24087","White Sucker",2020,35,0,2327,"2020",0,"White Sucker",110152,"High","Cool"
"24088","White Sucker",2020,34,0,2327,"2020",0,"White Sucker",110152,"High","Cool"
"24089","White Sucker",2020,32,5,2327,"2020",0.00214868929952729,"White Sucker",110152,"High","Cool"
"24090","White Sucker",2020,29,0,2327,"2020",0,"White Sucker",110152,"High","Cool"
"24091","White Sucker",2020,11,102,2327,"2020",0.0438332617103567,"White Sucker",110152,"High","Cool"
"24092","White Sucker",2020,33,0,2327,"2020",0,"White Sucker",110152,"High","Cool"
"24093","White Sucker",2021,29,1,3736,"2021",0.000267665952890792,"White Sucker",110152,"High","Cool"
"24094","White Sucker",2021,30,0,3736,"2021",0,"White Sucker",110152,"High","Cool"
"24095","White Sucker",2021,28,1,3736,"2021",0.000267665952890792,"White Sucker",110152,"High","Cool"
"24096","White Sucker",2021,18,227,3736,"2021",0.0607601713062099,"White Sucker",110152,"High","Cool"
"24097","White Sucker",2021,14,77,3736,"2021",0.020610278372591,"White Sucker",110152,"High","Cool"
"24098","White Sucker",2021,16,196,3736,"2021",0.0524625267665953,"White Sucker",110152,"High","Cool"
"24099","White Sucker",2021,27,7,3736,"2021",0.00187366167023555,"White Sucker",110152,"High","Cool"
"24100","White Sucker",2021,32,0,3736,"2021",0,"White Sucker",110152,"High","Cool"
"24101","White Sucker",2021,22,94,3736,"2021",0.0251605995717345,"White Sucker",110152,"High","Cool"
"24102","White Sucker",2021,15,1023,3736,"2021",0.273822269807281,"White Sucker",110152,"High","Cool"
"24103","White Sucker",2021,25,7,3736,"2021",0.00187366167023555,"White Sucker",110152,"High","Cool"
"24104","White Sucker",2021,11,165,3736,"2021",0.0441648822269807,"White Sucker",110152,"High","Cool"
"24105","White Sucker",2021,17,29,3736,"2021",0.00776231263383298,"White Sucker",110152,"High","Cool"
"24106","White Sucker",2021,19,23,3736,"2021",0.00615631691648822,"White Sucker",110152,"High","Cool"
"24107","White Sucker",2021,24,49,3736,"2021",0.0131156316916488,"White Sucker",110152,"High","Cool"
"24108","White Sucker",2021,26,15,3736,"2021",0.00401498929336188,"White Sucker",110152,"High","Cool"
"24109","White Sucker",2021,31,0,3736,"2021",0,"White Sucker",110152,"High","Cool"
"24110","White Sucker",2021,23,175,3736,"2021",0.0468415417558887,"White Sucker",110152,"High","Cool"
"24111","White Sucker",2021,33,0,3736,"2021",0,"White Sucker",110152,"High","Cool"
"24112","White Sucker",2021,34,0,3736,"2021",0,"White Sucker",110152,"High","Cool"
"24113","White Sucker",2021,35,0,3736,"2021",0,"White Sucker",110152,"High","Cool"
"24114","White Sucker",2021,21,143,3736,"2021",0.0382762312633833,"White Sucker",110152,"High","Cool"
"24115","White Sucker",2021,12,155,3736,"2021",0.0414882226980728,"White Sucker",110152,"High","Cool"
"24116","White Sucker",2021,13,1309,3736,"2021",0.350374732334047,"White Sucker",110152,"High","Cool"
"24117","White Sucker",2021,20,40,3736,"2021",0.0107066381156317,"White Sucker",110152,"High","Cool"
"24191","Yellow Perch",2000,25,0,23,"2000",0,"Yellow Perch",1087,"High","Cool"
"24192","Yellow Perch",2000,19,0,23,"2000",0,"Yellow Perch",1087,"High","Cool"
"24193","Yellow Perch",2000,9,2,23,"2000",0.0869565217391304,"Yellow Perch",1087,"High","Cool"
"24194","Yellow Perch",2000,18,2,23,"2000",0.0869565217391304,"Yellow Perch",1087,"High","Cool"
"24195","Yellow Perch",2000,27,0,23,"2000",0,"Yellow Perch",1087,"High","Cool"
"24196","Yellow Perch",2000,34,0,23,"2000",0,"Yellow Perch",1087,"High","Cool"
"24197","Yellow Perch",2000,31,0,23,"2000",0,"Yellow Perch",1087,"High","Cool"
"24198","Yellow Perch",2000,14,2,23,"2000",0.0869565217391304,"Yellow Perch",1087,"High","Cool"
"24199","Yellow Perch",2000,33,0,23,"2000",0,"Yellow Perch",1087,"High","Cool"
"24200","Yellow Perch",2000,20,0,23,"2000",0,"Yellow Perch",1087,"High","Cool"
"24201","Yellow Perch",2000,21,0,23,"2000",0,"Yellow Perch",1087,"High","Cool"
"24202","Yellow Perch",2000,23,0,23,"2000",0,"Yellow Perch",1087,"High","Cool"
"24203","Yellow Perch",2000,26,0,23,"2000",0,"Yellow Perch",1087,"High","Cool"
"24204","Yellow Perch",2000,35,0,23,"2000",0,"Yellow Perch",1087,"High","Cool"
"24205","Yellow Perch",2000,17,3,23,"2000",0.130434782608696,"Yellow Perch",1087,"High","Cool"
"24206","Yellow Perch",2000,13,0,23,"2000",0,"Yellow Perch",1087,"High","Cool"
"24207","Yellow Perch",2000,12,0,23,"2000",0,"Yellow Perch",1087,"High","Cool"
"24208","Yellow Perch",2000,24,0,23,"2000",0,"Yellow Perch",1087,"High","Cool"
"24209","Yellow Perch",2000,22,0,23,"2000",0,"Yellow Perch",1087,"High","Cool"
"24210","Yellow Perch",2000,32,0,23,"2000",0,"Yellow Perch",1087,"High","Cool"
"24211","Yellow Perch",2000,16,6,23,"2000",0.260869565217391,"Yellow Perch",1087,"High","Cool"
"24212","Yellow Perch",2000,11,1,23,"2000",0.0434782608695652,"Yellow Perch",1087,"High","Cool"
"24213","Yellow Perch",2000,28,0,23,"2000",0,"Yellow Perch",1087,"High","Cool"
"24214","Yellow Perch",2000,10,4,23,"2000",0.173913043478261,"Yellow Perch",1087,"High","Cool"
"24215","Yellow Perch",2000,29,0,23,"2000",0,"Yellow Perch",1087,"High","Cool"
"24216","Yellow Perch",2000,30,0,23,"2000",0,"Yellow Perch",1087,"High","Cool"
"24217","Yellow Perch",2000,15,3,23,"2000",0.130434782608696,"Yellow Perch",1087,"High","Cool"
"24218","Yellow Perch",2001,25,0,24,"2001",0,"Yellow Perch",1087,"High","Cool"
"24219","Yellow Perch",2001,21,0,24,"2001",0,"Yellow Perch",1087,"High","Cool"
"24220","Yellow Perch",2001,24,0,24,"2001",0,"Yellow Perch",1087,"High","Cool"
"24221","Yellow Perch",2001,34,0,24,"2001",0,"Yellow Perch",1087,"High","Cool"
"24222","Yellow Perch",2001,12,7,24,"2001",0.291666666666667,"Yellow Perch",1087,"High","Cool"
"24223","Yellow Perch",2001,26,0,24,"2001",0,"Yellow Perch",1087,"High","Cool"
"24224","Yellow Perch",2001,20,0,24,"2001",0,"Yellow Perch",1087,"High","Cool"
"24225","Yellow Perch",2001,19,0,24,"2001",0,"Yellow Perch",1087,"High","Cool"
"24226","Yellow Perch",2001,11,1,24,"2001",0.0416666666666667,"Yellow Perch",1087,"High","Cool"
"24227","Yellow Perch",2001,17,3,24,"2001",0.125,"Yellow Perch",1087,"High","Cool"
"24228","Yellow Perch",2001,35,0,24,"2001",0,"Yellow Perch",1087,"High","Cool"
"24229","Yellow Perch",2001,27,0,24,"2001",0,"Yellow Perch",1087,"High","Cool"
"24230","Yellow Perch",2001,15,2,24,"2001",0.0833333333333333,"Yellow Perch",1087,"High","Cool"
"24231","Yellow Perch",2001,13,0,24,"2001",0,"Yellow Perch",1087,"High","Cool"
"24232","Yellow Perch",2001,14,3,24,"2001",0.125,"Yellow Perch",1087,"High","Cool"
"24233","Yellow Perch",2001,16,7,24,"2001",0.291666666666667,"Yellow Perch",1087,"High","Cool"
"24234","Yellow Perch",2001,30,0,24,"2001",0,"Yellow Perch",1087,"High","Cool"
"24235","Yellow Perch",2001,18,1,24,"2001",0.0416666666666667,"Yellow Perch",1087,"High","Cool"
"24236","Yellow Perch",2001,23,0,24,"2001",0,"Yellow Perch",1087,"High","Cool"
"24237","Yellow Perch",2001,31,0,24,"2001",0,"Yellow Perch",1087,"High","Cool"
"24238","Yellow Perch",2001,22,0,24,"2001",0,"Yellow Perch",1087,"High","Cool"
"24239","Yellow Perch",2001,29,0,24,"2001",0,"Yellow Perch",1087,"High","Cool"
"24240","Yellow Perch",2001,32,0,24,"2001",0,"Yellow Perch",1087,"High","Cool"
"24241","Yellow Perch",2001,33,0,24,"2001",0,"Yellow Perch",1087,"High","Cool"
"24242","Yellow Perch",2001,28,0,24,"2001",0,"Yellow Perch",1087,"High","Cool"
"24243","Yellow Perch",2002,15,28,72,"2002",0.388888888888889,"Yellow Perch",1087,"High","Cool"
"24244","Yellow Perch",2002,10,4,72,"2002",0.0555555555555556,"Yellow Perch",1087,"High","Cool"
"24245","Yellow Perch",2002,14,4,72,"2002",0.0555555555555556,"Yellow Perch",1087,"High","Cool"
"24246","Yellow Perch",2002,11,5,72,"2002",0.0694444444444444,"Yellow Perch",1087,"High","Cool"
"24247","Yellow Perch",2002,12,4,72,"2002",0.0555555555555556,"Yellow Perch",1087,"High","Cool"
"24248","Yellow Perch",2002,18,4,72,"2002",0.0555555555555556,"Yellow Perch",1087,"High","Cool"
"24249","Yellow Perch",2002,19,0,72,"2002",0,"Yellow Perch",1087,"High","Cool"
"24250","Yellow Perch",2002,22,1,72,"2002",0.0138888888888889,"Yellow Perch",1087,"High","Cool"
"24251","Yellow Perch",2002,13,2,72,"2002",0.0277777777777778,"Yellow Perch",1087,"High","Cool"
"24252","Yellow Perch",2002,20,0,72,"2002",0,"Yellow Perch",1087,"High","Cool"
"24253","Yellow Perch",2002,21,0,72,"2002",0,"Yellow Perch",1087,"High","Cool"
"24254","Yellow Perch",2002,24,0,72,"2002",0,"Yellow Perch",1087,"High","Cool"
"24255","Yellow Perch",2002,16,9,72,"2002",0.125,"Yellow Perch",1087,"High","Cool"
"24256","Yellow Perch",2002,17,11,72,"2002",0.152777777777778,"Yellow Perch",1087,"High","Cool"
"24257","Yellow Perch",2002,29,0,72,"2002",0,"Yellow Perch",1087,"High","Cool"
"24258","Yellow Perch",2002,32,0,72,"2002",0,"Yellow Perch",1087,"High","Cool"
"24259","Yellow Perch",2002,27,0,72,"2002",0,"Yellow Perch",1087,"High","Cool"
"24260","Yellow Perch",2002,33,0,72,"2002",0,"Yellow Perch",1087,"High","Cool"
"24261","Yellow Perch",2002,34,0,72,"2002",0,"Yellow Perch",1087,"High","Cool"
"24262","Yellow Perch",2002,25,0,72,"2002",0,"Yellow Perch",1087,"High","Cool"
"24263","Yellow Perch",2002,23,0,72,"2002",0,"Yellow Perch",1087,"High","Cool"
"24264","Yellow Perch",2002,26,0,72,"2002",0,"Yellow Perch",1087,"High","Cool"
"24265","Yellow Perch",2002,31,0,72,"2002",0,"Yellow Perch",1087,"High","Cool"
"24266","Yellow Perch",2002,35,0,72,"2002",0,"Yellow Perch",1087,"High","Cool"
"24267","Yellow Perch",2002,28,0,72,"2002",0,"Yellow Perch",1087,"High","Cool"
"24268","Yellow Perch",2002,30,0,72,"2002",0,"Yellow Perch",1087,"High","Cool"
"24341","Yellow Perch",2006,19,2,14,"2006",0.142857142857143,"Yellow Perch",1087,"High","Cool"
"24342","Yellow Perch",2006,34,0,14,"2006",0,"Yellow Perch",1087,"High","Cool"
"24343","Yellow Perch",2006,35,0,14,"2006",0,"Yellow Perch",1087,"High","Cool"
"24344","Yellow Perch",2006,33,0,14,"2006",0,"Yellow Perch",1087,"High","Cool"
"24345","Yellow Perch",2006,31,0,14,"2006",0,"Yellow Perch",1087,"High","Cool"
"24346","Yellow Perch",2006,26,0,14,"2006",0,"Yellow Perch",1087,"High","Cool"
"24347","Yellow Perch",2006,32,0,14,"2006",0,"Yellow Perch",1087,"High","Cool"
"24348","Yellow Perch",2006,30,0,14,"2006",0,"Yellow Perch",1087,"High","Cool"
"24349","Yellow Perch",2006,20,0,14,"2006",0,"Yellow Perch",1087,"High","Cool"
"24350","Yellow Perch",2006,14,0,14,"2006",0,"Yellow Perch",1087,"High","Cool"
"24351","Yellow Perch",2006,28,0,14,"2006",0,"Yellow Perch",1087,"High","Cool"
"24352","Yellow Perch",2006,27,0,14,"2006",0,"Yellow Perch",1087,"High","Cool"
"24353","Yellow Perch",2006,29,0,14,"2006",0,"Yellow Perch",1087,"High","Cool"
"24354","Yellow Perch",2006,15,1,14,"2006",0.0714285714285714,"Yellow Perch",1087,"High","Cool"
"24355","Yellow Perch",2006,13,4,14,"2006",0.285714285714286,"Yellow Perch",1087,"High","Cool"
"24356","Yellow Perch",2006,18,0,14,"2006",0,"Yellow Perch",1087,"High","Cool"
"24357","Yellow Perch",2006,12,1,14,"2006",0.0714285714285714,"Yellow Perch",1087,"High","Cool"
"24358","Yellow Perch",2006,25,0,14,"2006",0,"Yellow Perch",1087,"High","Cool"
"24359","Yellow Perch",2006,17,2,14,"2006",0.142857142857143,"Yellow Perch",1087,"High","Cool"
"24360","Yellow Perch",2006,11,2,14,"2006",0.142857142857143,"Yellow Perch",1087,"High","Cool"
"24361","Yellow Perch",2006,24,0,14,"2006",0,"Yellow Perch",1087,"High","Cool"
"24362","Yellow Perch",2006,21,0,14,"2006",0,"Yellow Perch",1087,"High","Cool"
"24363","Yellow Perch",2006,16,2,14,"2006",0.142857142857143,"Yellow Perch",1087,"High","Cool"
"24364","Yellow Perch",2006,23,0,14,"2006",0,"Yellow Perch",1087,"High","Cool"
"24365","Yellow Perch",2006,22,0,14,"2006",0,"Yellow Perch",1087,"High","Cool"
"24413","Yellow Perch",2009,18,4,22,"2009",0.181818181818182,"Yellow Perch",1087,"High","Cool"
"24414","Yellow Perch",2009,13,0,22,"2009",0,"Yellow Perch",1087,"High","Cool"
"24415","Yellow Perch",2009,27,0,22,"2009",0,"Yellow Perch",1087,"High","Cool"
"24416","Yellow Perch",2009,28,0,22,"2009",0,"Yellow Perch",1087,"High","Cool"
"24417","Yellow Perch",2009,33,0,22,"2009",0,"Yellow Perch",1087,"High","Cool"
"24418","Yellow Perch",2009,29,0,22,"2009",0,"Yellow Perch",1087,"High","Cool"
"24419","Yellow Perch",2009,30,0,22,"2009",0,"Yellow Perch",1087,"High","Cool"
"24420","Yellow Perch",2009,12,4,22,"2009",0.181818181818182,"Yellow Perch",1087,"High","Cool"
"24421","Yellow Perch",2009,17,1,22,"2009",0.0454545454545455,"Yellow Perch",1087,"High","Cool"
"24422","Yellow Perch",2009,22,0,22,"2009",0,"Yellow Perch",1087,"High","Cool"
"24423","Yellow Perch",2009,16,3,22,"2009",0.136363636363636,"Yellow Perch",1087,"High","Cool"
"24424","Yellow Perch",2009,32,0,22,"2009",0,"Yellow Perch",1087,"High","Cool"
"24425","Yellow Perch",2009,31,0,22,"2009",0,"Yellow Perch",1087,"High","Cool"
"24426","Yellow Perch",2009,25,0,22,"2009",0,"Yellow Perch",1087,"High","Cool"
"24427","Yellow Perch",2009,26,0,22,"2009",0,"Yellow Perch",1087,"High","Cool"
"24428","Yellow Perch",2009,23,0,22,"2009",0,"Yellow Perch",1087,"High","Cool"
"24429","Yellow Perch",2009,34,0,22,"2009",0,"Yellow Perch",1087,"High","Cool"
"24430","Yellow Perch",2009,21,0,22,"2009",0,"Yellow Perch",1087,"High","Cool"
"24431","Yellow Perch",2009,15,3,22,"2009",0.136363636363636,"Yellow Perch",1087,"High","Cool"
"24432","Yellow Perch",2009,14,5,22,"2009",0.227272727272727,"Yellow Perch",1087,"High","Cool"
"24433","Yellow Perch",2009,19,0,22,"2009",0,"Yellow Perch",1087,"High","Cool"
"24434","Yellow Perch",2009,24,0,22,"2009",0,"Yellow Perch",1087,"High","Cool"
"24435","Yellow Perch",2009,35,0,22,"2009",0,"Yellow Perch",1087,"High","Cool"
"24436","Yellow Perch",2009,11,2,22,"2009",0.0909090909090909,"Yellow Perch",1087,"High","Cool"
"24437","Yellow Perch",2009,20,0,22,"2009",0,"Yellow Perch",1087,"High","Cool"
"24438","Yellow Perch",2010,30,0,23,"2010",0,"Yellow Perch",1087,"High","Cool"
"24439","Yellow Perch",2010,19,1,23,"2010",0.0434782608695652,"Yellow Perch",1087,"High","Cool"
"24440","Yellow Perch",2010,32,0,23,"2010",0,"Yellow Perch",1087,"High","Cool"
"24441","Yellow Perch",2010,25,0,23,"2010",0,"Yellow Perch",1087,"High","Cool"
"24442","Yellow Perch",2010,18,0,23,"2010",0,"Yellow Perch",1087,"High","Cool"
"24443","Yellow Perch",2010,28,0,23,"2010",0,"Yellow Perch",1087,"High","Cool"
"24444","Yellow Perch",2010,29,0,23,"2010",0,"Yellow Perch",1087,"High","Cool"
"24445","Yellow Perch",2010,17,4,23,"2010",0.173913043478261,"Yellow Perch",1087,"High","Cool"
"24446","Yellow Perch",2010,27,0,23,"2010",0,"Yellow Perch",1087,"High","Cool"
"24447","Yellow Perch",2010,31,0,23,"2010",0,"Yellow Perch",1087,"High","Cool"
"24448","Yellow Perch",2010,12,7,23,"2010",0.304347826086957,"Yellow Perch",1087,"High","Cool"
"24449","Yellow Perch",2010,13,3,23,"2010",0.130434782608696,"Yellow Perch",1087,"High","Cool"
"24450","Yellow Perch",2010,26,0,23,"2010",0,"Yellow Perch",1087,"High","Cool"
"24451","Yellow Perch",2010,33,0,23,"2010",0,"Yellow Perch",1087,"High","Cool"
"24452","Yellow Perch",2010,35,0,23,"2010",0,"Yellow Perch",1087,"High","Cool"
"24453","Yellow Perch",2010,24,0,23,"2010",0,"Yellow Perch",1087,"High","Cool"
"24454","Yellow Perch",2010,16,2,23,"2010",0.0869565217391304,"Yellow Perch",1087,"High","Cool"
"24455","Yellow Perch",2010,23,0,23,"2010",0,"Yellow Perch",1087,"High","Cool"
"24456","Yellow Perch",2010,11,1,23,"2010",0.0434782608695652,"Yellow Perch",1087,"High","Cool"
"24457","Yellow Perch",2010,14,1,23,"2010",0.0434782608695652,"Yellow Perch",1087,"High","Cool"
"24458","Yellow Perch",2010,22,0,23,"2010",0,"Yellow Perch",1087,"High","Cool"
"24459","Yellow Perch",2010,34,0,23,"2010",0,"Yellow Perch",1087,"High","Cool"
"24460","Yellow Perch",2010,21,0,23,"2010",0,"Yellow Perch",1087,"High","Cool"
"24461","Yellow Perch",2010,20,0,23,"2010",0,"Yellow Perch",1087,"High","Cool"
"24462","Yellow Perch",2010,15,4,23,"2010",0.173913043478261,"Yellow Perch",1087,"High","Cool"
"24463","Yellow Perch",2011,30,0,87,"2011",0,"Yellow Perch",1087,"High","Cool"
"24464","Yellow Perch",2011,13,2,87,"2011",0.0229885057471264,"Yellow Perch",1087,"High","Cool"
"24465","Yellow Perch",2011,25,0,87,"2011",0,"Yellow Perch",1087,"High","Cool"
"24466","Yellow Perch",2011,12,24,87,"2011",0.275862068965517,"Yellow Perch",1087,"High","Cool"
"24467","Yellow Perch",2011,35,0,87,"2011",0,"Yellow Perch",1087,"High","Cool"
"24468","Yellow Perch",2011,29,0,87,"2011",0,"Yellow Perch",1087,"High","Cool"
"24469","Yellow Perch",2011,34,0,87,"2011",0,"Yellow Perch",1087,"High","Cool"
"24470","Yellow Perch",2011,28,0,87,"2011",0,"Yellow Perch",1087,"High","Cool"
"24471","Yellow Perch",2011,26,0,87,"2011",0,"Yellow Perch",1087,"High","Cool"
"24472","Yellow Perch",2011,27,0,87,"2011",0,"Yellow Perch",1087,"High","Cool"
"24473","Yellow Perch",2011,19,0,87,"2011",0,"Yellow Perch",1087,"High","Cool"
"24474","Yellow Perch",2011,11,2,87,"2011",0.0229885057471264,"Yellow Perch",1087,"High","Cool"
"24475","Yellow Perch",2011,14,18,87,"2011",0.206896551724138,"Yellow Perch",1087,"High","Cool"
"24476","Yellow Perch",2011,32,0,87,"2011",0,"Yellow Perch",1087,"High","Cool"
"24477","Yellow Perch",2011,22,0,87,"2011",0,"Yellow Perch",1087,"High","Cool"
"24478","Yellow Perch",2011,15,14,87,"2011",0.160919540229885,"Yellow Perch",1087,"High","Cool"
"24479","Yellow Perch",2011,17,13,87,"2011",0.149425287356322,"Yellow Perch",1087,"High","Cool"
"24480","Yellow Perch",2011,23,0,87,"2011",0,"Yellow Perch",1087,"High","Cool"
"24481","Yellow Perch",2011,21,1,87,"2011",0.0114942528735632,"Yellow Perch",1087,"High","Cool"
"24482","Yellow Perch",2011,33,0,87,"2011",0,"Yellow Perch",1087,"High","Cool"
"24483","Yellow Perch",2011,18,7,87,"2011",0.0804597701149425,"Yellow Perch",1087,"High","Cool"
"24484","Yellow Perch",2011,16,6,87,"2011",0.0689655172413793,"Yellow Perch",1087,"High","Cool"
"24485","Yellow Perch",2011,31,0,87,"2011",0,"Yellow Perch",1087,"High","Cool"
"24486","Yellow Perch",2011,24,0,87,"2011",0,"Yellow Perch",1087,"High","Cool"
"24487","Yellow Perch",2011,20,0,87,"2011",0,"Yellow Perch",1087,"High","Cool"
"24488","Yellow Perch",2012,11,4,22,"2012",0.181818181818182,"Yellow Perch",1087,"High","Cool"
"24489","Yellow Perch",2012,16,2,22,"2012",0.0909090909090909,"Yellow Perch",1087,"High","Cool"
"24490","Yellow Perch",2012,10,2,22,"2012",0.0909090909090909,"Yellow Perch",1087,"High","Cool"
"24491","Yellow Perch",2012,27,0,22,"2012",0,"Yellow Perch",1087,"High","Cool"
"24492","Yellow Perch",2012,12,1,22,"2012",0.0454545454545455,"Yellow Perch",1087,"High","Cool"
"24493","Yellow Perch",2012,24,0,22,"2012",0,"Yellow Perch",1087,"High","Cool"
"24494","Yellow Perch",2012,18,1,22,"2012",0.0454545454545455,"Yellow Perch",1087,"High","Cool"
"24495","Yellow Perch",2012,14,2,22,"2012",0.0909090909090909,"Yellow Perch",1087,"High","Cool"
"24496","Yellow Perch",2012,28,0,22,"2012",0,"Yellow Perch",1087,"High","Cool"
"24497","Yellow Perch",2012,19,0,22,"2012",0,"Yellow Perch",1087,"High","Cool"
"24498","Yellow Perch",2012,15,1,22,"2012",0.0454545454545455,"Yellow Perch",1087,"High","Cool"
"24499","Yellow Perch",2012,13,4,22,"2012",0.181818181818182,"Yellow Perch",1087,"High","Cool"
"24500","Yellow Perch",2012,34,0,22,"2012",0,"Yellow Perch",1087,"High","Cool"
"24501","Yellow Perch",2012,35,0,22,"2012",0,"Yellow Perch",1087,"High","Cool"
"24502","Yellow Perch",2012,22,0,22,"2012",0,"Yellow Perch",1087,"High","Cool"
"24503","Yellow Perch",2012,20,0,22,"2012",0,"Yellow Perch",1087,"High","Cool"
"24504","Yellow Perch",2012,33,0,22,"2012",0,"Yellow Perch",1087,"High","Cool"
"24505","Yellow Perch",2012,29,0,22,"2012",0,"Yellow Perch",1087,"High","Cool"
"24506","Yellow Perch",2012,17,5,22,"2012",0.227272727272727,"Yellow Perch",1087,"High","Cool"
"24507","Yellow Perch",2012,30,0,22,"2012",0,"Yellow Perch",1087,"High","Cool"
"24508","Yellow Perch",2012,31,0,22,"2012",0,"Yellow Perch",1087,"High","Cool"
"24509","Yellow Perch",2012,26,0,22,"2012",0,"Yellow Perch",1087,"High","Cool"
"24510","Yellow Perch",2012,25,0,22,"2012",0,"Yellow Perch",1087,"High","Cool"
"24511","Yellow Perch",2012,23,0,22,"2012",0,"Yellow Perch",1087,"High","Cool"
"24512","Yellow Perch",2012,32,0,22,"2012",0,"Yellow Perch",1087,"High","Cool"
"24513","Yellow Perch",2012,21,0,22,"2012",0,"Yellow Perch",1087,"High","Cool"
"24514","Yellow Perch",2013,13,17,67,"2013",0.253731343283582,"Yellow Perch",1087,"High","Cool"
"24515","Yellow Perch",2013,18,1,67,"2013",0.0149253731343284,"Yellow Perch",1087,"High","Cool"
"24516","Yellow Perch",2013,14,6,67,"2013",0.0895522388059701,"Yellow Perch",1087,"High","Cool"
"24517","Yellow Perch",2013,17,1,67,"2013",0.0149253731343284,"Yellow Perch",1087,"High","Cool"
"24518","Yellow Perch",2013,20,0,67,"2013",0,"Yellow Perch",1087,"High","Cool"
"24519","Yellow Perch",2013,11,4,67,"2013",0.0597014925373134,"Yellow Perch",1087,"High","Cool"
"24520","Yellow Perch",2013,26,0,67,"2013",0,"Yellow Perch",1087,"High","Cool"
"24521","Yellow Perch",2013,16,20,67,"2013",0.298507462686567,"Yellow Perch",1087,"High","Cool"
"24522","Yellow Perch",2013,19,0,67,"2013",0,"Yellow Perch",1087,"High","Cool"
"24523","Yellow Perch",2013,23,0,67,"2013",0,"Yellow Perch",1087,"High","Cool"
"24524","Yellow Perch",2013,29,0,67,"2013",0,"Yellow Perch",1087,"High","Cool"
"24525","Yellow Perch",2013,24,0,67,"2013",0,"Yellow Perch",1087,"High","Cool"
"24526","Yellow Perch",2013,27,0,67,"2013",0,"Yellow Perch",1087,"High","Cool"
"24527","Yellow Perch",2013,15,17,67,"2013",0.253731343283582,"Yellow Perch",1087,"High","Cool"
"24528","Yellow Perch",2013,21,0,67,"2013",0,"Yellow Perch",1087,"High","Cool"
"24529","Yellow Perch",2013,32,0,67,"2013",0,"Yellow Perch",1087,"High","Cool"
"24530","Yellow Perch",2013,31,0,67,"2013",0,"Yellow Perch",1087,"High","Cool"
"24531","Yellow Perch",2013,12,1,67,"2013",0.0149253731343284,"Yellow Perch",1087,"High","Cool"
"24532","Yellow Perch",2013,30,0,67,"2013",0,"Yellow Perch",1087,"High","Cool"
"24533","Yellow Perch",2013,28,0,67,"2013",0,"Yellow Perch",1087,"High","Cool"
"24534","Yellow Perch",2013,25,0,67,"2013",0,"Yellow Perch",1087,"High","Cool"
"24535","Yellow Perch",2013,34,0,67,"2013",0,"Yellow Perch",1087,"High","Cool"
"24536","Yellow Perch",2013,35,0,67,"2013",0,"Yellow Perch",1087,"High","Cool"
"24537","Yellow Perch",2013,33,0,67,"2013",0,"Yellow Perch",1087,"High","Cool"
"24538","Yellow Perch",2013,22,0,67,"2013",0,"Yellow Perch",1087,"High","Cool"
"24611","Yellow Perch",2017,14,4,10,"2017",0.4,"Yellow Perch",1087,"High","Cool"
"24612","Yellow Perch",2017,18,2,10,"2017",0.2,"Yellow Perch",1087,"High","Cool"
"24613","Yellow Perch",2017,34,0,10,"2017",0,"Yellow Perch",1087,"High","Cool"
"24614","Yellow Perch",2017,24,0,10,"2017",0,"Yellow Perch",1087,"High","Cool"
"24615","Yellow Perch",2017,27,0,10,"2017",0,"Yellow Perch",1087,"High","Cool"
"24616","Yellow Perch",2017,35,0,10,"2017",0,"Yellow Perch",1087,"High","Cool"
"24617","Yellow Perch",2017,15,1,10,"2017",0.1,"Yellow Perch",1087,"High","Cool"
"24618","Yellow Perch",2017,33,0,10,"2017",0,"Yellow Perch",1087,"High","Cool"
"24619","Yellow Perch",2017,13,0,10,"2017",0,"Yellow Perch",1087,"High","Cool"
"24620","Yellow Perch",2017,12,0,10,"2017",0,"Yellow Perch",1087,"High","Cool"
"24621","Yellow Perch",2017,28,0,10,"2017",0,"Yellow Perch",1087,"High","Cool"
"24622","Yellow Perch",2017,16,1,10,"2017",0.1,"Yellow Perch",1087,"High","Cool"
"24623","Yellow Perch",2017,25,0,10,"2017",0,"Yellow Perch",1087,"High","Cool"
"24624","Yellow Perch",2017,20,0,10,"2017",0,"Yellow Perch",1087,"High","Cool"
"24625","Yellow Perch",2017,23,0,10,"2017",0,"Yellow Perch",1087,"High","Cool"
"24626","Yellow Perch",2017,17,2,10,"2017",0.2,"Yellow Perch",1087,"High","Cool"
"24627","Yellow Perch",2017,19,0,10,"2017",0,"Yellow Perch",1087,"High","Cool"
"24628","Yellow Perch",2017,26,0,10,"2017",0,"Yellow Perch",1087,"High","Cool"
"24629","Yellow Perch",2017,32,0,10,"2017",0,"Yellow Perch",1087,"High","Cool"
"24630","Yellow Perch",2017,29,0,10,"2017",0,"Yellow Perch",1087,"High","Cool"
"24631","Yellow Perch",2017,21,0,10,"2017",0,"Yellow Perch",1087,"High","Cool"
"24632","Yellow Perch",2017,10,0,10,"2017",0,"Yellow Perch",1087,"High","Cool"
"24633","Yellow Perch",2017,30,0,10,"2017",0,"Yellow Perch",1087,"High","Cool"
"24634","Yellow Perch",2017,22,0,10,"2017",0,"Yellow Perch",1087,"High","Cool"
"24635","Yellow Perch",2017,31,0,10,"2017",0,"Yellow Perch",1087,"High","Cool"
"24636","Yellow Perch",2018,14,0,15,"2018",0,"Yellow Perch",1087,"High","Cool"
"24637","Yellow Perch",2018,24,0,15,"2018",0,"Yellow Perch",1087,"High","Cool"
"24638","Yellow Perch",2018,17,3,15,"2018",0.2,"Yellow Perch",1087,"High","Cool"
"24639","Yellow Perch",2018,18,0,15,"2018",0,"Yellow Perch",1087,"High","Cool"
"24640","Yellow Perch",2018,15,1,15,"2018",0.0666666666666667,"Yellow Perch",1087,"High","Cool"
"24641","Yellow Perch",2018,23,0,15,"2018",0,"Yellow Perch",1087,"High","Cool"
"24642","Yellow Perch",2018,32,0,15,"2018",0,"Yellow Perch",1087,"High","Cool"
"24643","Yellow Perch",2018,9,2,15,"2018",0.133333333333333,"Yellow Perch",1087,"High","Cool"
"24644","Yellow Perch",2018,10,0,15,"2018",0,"Yellow Perch",1087,"High","Cool"
"24645","Yellow Perch",2018,34,0,15,"2018",0,"Yellow Perch",1087,"High","Cool"
"24646","Yellow Perch",2018,30,0,15,"2018",0,"Yellow Perch",1087,"High","Cool"
"24647","Yellow Perch",2018,13,0,15,"2018",0,"Yellow Perch",1087,"High","Cool"
"24648","Yellow Perch",2018,33,0,15,"2018",0,"Yellow Perch",1087,"High","Cool"
"24649","Yellow Perch",2018,21,0,15,"2018",0,"Yellow Perch",1087,"High","Cool"
"24650","Yellow Perch",2018,12,0,15,"2018",0,"Yellow Perch",1087,"High","Cool"
"24651","Yellow Perch",2018,31,0,15,"2018",0,"Yellow Perch",1087,"High","Cool"
"24652","Yellow Perch",2018,20,0,15,"2018",0,"Yellow Perch",1087,"High","Cool"
"24653","Yellow Perch",2018,27,0,15,"2018",0,"Yellow Perch",1087,"High","Cool"
"24654","Yellow Perch",2018,28,0,15,"2018",0,"Yellow Perch",1087,"High","Cool"
"24655","Yellow Perch",2018,16,9,15,"2018",0.6,"Yellow Perch",1087,"High","Cool"
"24656","Yellow Perch",2018,19,0,15,"2018",0,"Yellow Perch",1087,"High","Cool"
"24657","Yellow Perch",2018,26,0,15,"2018",0,"Yellow Perch",1087,"High","Cool"
"24658","Yellow Perch",2018,22,0,15,"2018",0,"Yellow Perch",1087,"High","Cool"
"24659","Yellow Perch",2018,35,0,15,"2018",0,"Yellow Perch",1087,"High","Cool"
"24660","Yellow Perch",2018,29,0,15,"2018",0,"Yellow Perch",1087,"High","Cool"
"24661","Yellow Perch",2018,25,0,15,"2018",0,"Yellow Perch",1087,"High","Cool"
